time,Ia,Ib,Ic
0.05,0.0,-20.0,-10.0
0.050025,15.0,-15.0,-10.0
0.05005,10.0,-5.0,5.0
0.050075,0.0,-20.0,5.0
0.0501,-5.0,-5.0,0.0
0.050125,0.0,-5.0,0.0
0.05015,0.0,-5.0,0.0
0.050175,10.0,-5.0,0.0
0.0502,10.0,-5.0,0.0
0.050225,10.0,-15.0,0.0
0.05025,0.0,-5.0,-10.0
0.050275,0.0,-15.0,0.0
0.0503,-10.0,0.0,-10.0
0.050325,10.0,-5.0,0.0
0.05035,0.0,0.0,0.0
0.050375,10.0,-15.0,-10.0
0.0504,-5.0,-15.0,0.0
0.050425,10.0,-20.0,0.0
0.05045,0.0,-15.0,0.0
0.050475,0.0,-15.0,0.0
0.0505,0.0,0.0,0.0
0.050525,-10.0,-15.0,0.0
0.05055,10.0,0.0,0.0
0.050575,0.0,-5.0,-10.0
0.0506,15.0,-5.0,-15.0
0.050625,15.0,-25.0,-15.0
0.05065,0.0,-20.0,-15.0
0.050675,0.0,-5.0,0.0
0.0507,0.0,-15.0,-10.0
0.050725,-5.0,-5.0,0.0
0.05075,-5.0,0.0,5.0
0.050775,10.0,-15.0,5.0
0.0508,0.0,-15.0,0.0
0.050825,15.0,-5.0,5.0
0.05085,10.0,-20.0,0.0
0.050875,10.0,-15.0,0.0
0.0509,0.0,-5.0,0.0
0.050925,0.0,0.0,-10.0
0.05095,-10.0,-15.0,-10.0
0.050975,0.0,-15.0,0.0
0.051,0.0,-5.0,-10.0
0.051025,10.0,-15.0,0.0
0.05105,10.0,-20.0,0.0
0.051075,10.0,-20.0,0.0
0.0511,10.0,-15.0,0.0
0.051125,0.0,-15.0,0.0
0.05115,0.0,0.0,0.0
0.051175,-5.0,-15.0,5.0
0.0512,-5.0,-5.0,0.0
0.051225,0.0,-5.0,0.0
0.05125,10.0,0.0,0.0
0.051275,0.0,-20.0,-20.0
0.0513,0.0,-15.0,0.0
0.051325,0.0,-15.0,-10.0
0.05135,10.0,-5.0,-10.0
0.051375,-5.0,-5.0,0.0
0.0514,-10.0,-5.0,0.0
0.051425,10.0,-15.0,10.0
0.05145,0.0,-15.0,10.0
0.051475,10.0,-15.0,0.0
0.0515,10.0,-15.0,0.0
0.051525,10.0,-15.0,0.0
0.05155,0.0,-5.0,0.0
0.051575,10.0,0.0,0.0
0.0516,-5.0,-5.0,-10.0
0.051625,0.0,-15.0,-10.0
0.05165,0.0,-15.0,0.0
0.051675,10.0,-15.0,-10.0
0.0517,0.0,-25.0,0.0
0.051725,0.0,-20.0,5.0
0.05175,0.0,0.0,5.0
0.051775,10.0,-5.0,-10.0
0.0518,0.0,-5.0,-10.0
0.051825,-5.0,0.0,-10.0
0.05185,10.0,-5.0,0.0
0.051875,0.0,-5.0,5.0
0.0519,15.0,0.0,0.0
0.051925,10.0,-20.0,0.0
0.05195,0.0,-20.0,-20.0
0.051975,10.0,-15.0,-15.0
0.052,0.0,-15.0,0.0
0.052025,-10.0,-5.0,0.0
0.05205,-5.0,-5.0,0.0
0.052075,0.0,-5.0,5.0
0.0521,0.0,-5.0,5.0
0.052125,10.0,-5.0,0.0
0.05215,0.0,-15.0,5.0
0.052175,0.0,-15.0,0.0
0.0522,0.0,-15.0,-10.0
0.052225,10.0,0.0,0.0
0.05225,-5.0,-15.0,5.0
0.052275,-5.0,-5.0,0.0
0.0523,10.0,-5.0,-10.0
0.052325,0.0,-15.0,-10.0
0.05235,15.0,-30.0,0.0
0.052375,-5.0,-20.0,-10.0
0.0524,0.0,-5.0,0.0
0.052425,10.0,-15.0,0.0
0.05245,10.0,-5.0,-10.0
0.052475,-5.0,-5.0,-10.0
0.0525,0.0,-15.0,0.0
0.052525,10.0,-15.0,0.0
0.05255,20.0,-5.0,0.0
0.052575,10.0,-15.0,5.0
0.0526,-5.0,-20.0,0.0
0.052625,0.0,-20.0,-20.0
0.05265,10.0,-5.0,-10.0
0.052675,-5.0,-5.0,-10.0
0.0527,0.0,-5.0,0.0
0.052725,0.0,-5.0,-10.0
0.05275,0.0,-15.0,-10.0
0.052775,-5.0,-15.0,10.0
0.0528,0.0,-15.0,10.0
0.052825,-5.0,-20.0,0.0
0.05285,10.0,-15.0,5.0
0.052875,10.0,0.0,0.0
0.0529,-5.0,-5.0,0.0
0.052925,-5.0,-15.0,-10.0
0.05295,10.0,-5.0,-10.0
0.052975,10.0,-5.0,-15.0
0.053,15.0,-30.0,0.0
0.053025,0.0,-5.0,-10.0
0.05305,10.0,-15.0,0.0
0.053075,10.0,-5.0,-10.0
0.0531,10.0,-15.0,0.0
0.053125,-10.0,-5.0,-15.0
0.05315,-5.0,-15.0,0.0
0.053175,0.0,-5.0,0.0
0.0532,20.0,-15.0,5.0
0.053225,0.0,-15.0,0.0
0.05325,0.0,-15.0,0.0
0.053275,0.0,-5.0,0.0
0.0533,10.0,-5.0,-15.0
0.053325,-15.0,0.0,-10.0
0.05335,0.0,-15.0,0.0
0.053375,0.0,-5.0,-10.0
0.0534,0.0,-15.0,-10.0
0.053425,0.0,-5.0,0.0
0.05345,0.0,-20.0,10.0
0.053475,10.0,-15.0,5.0
0.0535,0.0,-5.0,0.0
0.053525,0.0,5.0,0.0
0.05355,-5.0,-5.0,-10.0
0.053575,0.0,-15.0,0.0
0.0536,0.0,-5.0,-10.0
0.053625,10.0,-5.0,5.0
0.05365,15.0,-20.0,-10.0
0.053675,0.0,-15.0,-10.0
0.0537,0.0,-15.0,0.0
0.053725,0.0,-15.0,0.0
0.05375,15.0,-15.0,-10.0
0.053775,-5.0,-5.0,5.0
0.0538,0.0,-15.0,-15.0
0.053825,10.0,-5.0,-10.0
0.05385,20.0,-15.0,0.0
0.053875,10.0,-5.0,0.0
0.0539,10.0,-20.0,-10.0
0.053925,10.0,-5.0,-10.0
0.05395,0.0,-20.0,0.0
0.053975,-10.0,-5.0,-15.0
0.054,0.0,-5.0,-10.0
0.054025,0.0,0.0,-10.0
0.05405,0.0,-5.0,0.0
0.054075,10.0,-15.0,0.0
0.0541,0.0,-15.0,0.0
0.054125,10.0,-15.0,10.0
0.05415,10.0,-20.0,5.0
0.054175,0.0,0.0,0.0
0.0542,0.0,-15.0,5.0
0.054225,0.0,-5.0,5.0
0.05425,0.0,-5.0,5.0
0.054275,0.0,-15.0,0.0
0.0543,15.0,-30.0,5.0
0.054325,0.0,-15.0,-10.0
0.05435,0.0,-15.0,-10.0
0.054375,-5.0,0.0,0.0
0.0544,10.0,-15.0,-10.0
0.054425,-5.0,-15.0,0.0
0.05445,0.0,-15.0,0.0
0.054475,0.0,-5.0,-15.0
0.0545,25.0,-5.0,-10.0
0.054525,0.0,-15.0,0.0
0.05455,10.0,-15.0,0.0
0.054575,0.0,-15.0,0.0
0.0546,-5.0,-15.0,0.0
0.054625,-10.0,0.0,0.0
0.05465,-5.0,-15.0,-20.0
0.054675,0.0,-15.0,-10.0
0.0547,0.0,-15.0,-10.0
0.054725,-5.0,-15.0,0.0
0.05475,10.0,-20.0,0.0
0.054775,0.0,-20.0,0.0
0.0548,0.0,-20.0,10.0
0.054825,-5.0,0.0,0.0
0.05485,0.0,-15.0,0.0
0.054875,0.0,-15.0,0.0
0.0549,0.0,-15.0,0.0
0.054925,10.0,-5.0,5.0
0.05495,10.0,-25.0,5.0
0.054975,0.0,-5.0,5.0
0.055,0.0,-5.0,-10.0
0.055025,0.0,-15.0,-10.0
0.05505,10.0,-20.0,-10.0
0.055075,-5.0,-5.0,-10.0
0.0551,0.0,-5.0,0.0
0.055125,-5.0,-15.0,0.0
0.05515,20.0,-5.0,-10.0
0.055175,0.0,-15.0,-10.0
0.0552,0.0,-15.0,0.0
0.055225,0.0,-5.0,0.0
0.05525,0.0,-5.0,0.0
0.055275,-10.0,0.0,0.0
0.0553,0.0,-5.0,-10.0
0.055325,10.0,-5.0,-15.0
0.05535,10.0,-5.0,-10.0
0.055375,-5.0,-15.0,-10.0
0.0554,10.0,-20.0,0.0
0.055425,0.0,-15.0,0.0
0.05545,0.0,-5.0,0.0
0.055475,10.0,0.0,10.0
0.0555,0.0,-15.0,5.0
0.055525,0.0,-5.0,0.0
0.05555,0.0,-15.0,5.0
0.055575,10.0,-5.0,0.0
0.0556,10.0,-25.0,0.0
0.055625,10.0,-15.0,0.0
0.05565,0.0,-5.0,0.0
0.055675,10.0,-5.0,-10.0
0.0557,-5.0,-15.0,-10.0
0.055725,0.0,-5.0,0.0
0.05575,-5.0,-5.0,0.0
0.055775,0.0,-15.0,0.0
0.0558,15.0,-15.0,0.0
0.055825,0.0,-20.0,-10.0
0.05585,10.0,-15.0,0.0
0.055875,0.0,-15.0,-15.0
0.0559,0.0,-5.0,0.0
0.055925,-10.0,-5.0,0.0
0.05595,0.0,-15.0,-10.0
0.055975,0.0,-5.0,5.0
0.056,0.0,-5.0,-20.0
0.056025,-5.0,-25.0,-15.0
0.05605,10.0,-20.0,-10.0
0.056075,0.0,-20.0,-10.0
0.0561,10.0,-15.0,0.0
0.056125,0.0,5.0,5.0
0.05615,-5.0,-5.0,5.0
0.056175,-5.0,-5.0,5.0
0.0562,10.0,-15.0,0.0
0.056225,10.0,-5.0,0.0
0.05625,10.0,-20.0,5.0
0.056275,0.0,-15.0,-10.0
0.0563,10.0,-5.0,-10.0
0.056325,0.0,-15.0,0.0
0.05635,-5.0,-15.0,-15.0
0.056375,0.0,0.0,-10.0
0.0564,-5.0,-15.0,-10.0
0.056425,0.0,-15.0,-10.0
0.05645,15.0,-5.0,0.0
0.056475,0.0,-20.0,0.0
0.0565,0.0,-15.0,-15.0
0.056525,10.0,-5.0,0.0
0.05655,10.0,-15.0,5.0
0.056575,-10.0,-5.0,-10.0
0.0566,-5.0,-15.0,5.0
0.056625,0.0,-5.0,0.0
0.05665,0.0,-5.0,0.0
0.056675,10.0,-20.0,-20.0
0.0567,0.0,-5.0,-10.0
0.056725,0.0,-15.0,0.0
0.05675,0.0,-15.0,-10.0
0.056775,10.0,0.0,-10.0
0.0568,-5.0,-15.0,0.0
0.056825,0.0,-15.0,10.0
0.05685,0.0,-5.0,5.0
0.056875,10.0,-15.0,5.0
0.0569,-5.0,-25.0,5.0
0.056925,10.0,-5.0,0.0
0.05695,0.0,-5.0,0.0
0.056975,10.0,-5.0,0.0
0.057,-5.0,-15.0,0.0
0.057025,10.0,-5.0,0.0
0.05705,-5.0,-15.0,-10.0
0.057075,10.0,-5.0,0.0
0.0571,10.0,-5.0,-10.0
0.057125,10.0,-15.0,0.0
0.05715,0.0,-15.0,-10.0
0.057175,0.0,-15.0,-20.0
0.0572,10.0,-5.0,-10.0
0.057225,-5.0,0.0,-10.0
0.05725,0.0,-5.0,0.0
0.057275,-5.0,-5.0,0.0
0.0573,0.0,-15.0,0.0
0.057325,-5.0,-25.0,5.0
0.05735,10.0,-15.0,-10.0
0.057375,0.0,-15.0,-15.0
0.0574,15.0,-5.0,0.0
0.057425,10.0,-5.0,0.0
0.05745,-5.0,-15.0,-10.0
0.057475,0.0,-15.0,0.0
0.0575,-5.0,-5.0,10.0
0.057525,15.0,-5.0,0.0
0.05755,0.0,-20.0,0.0
0.057575,10.0,-15.0,0.0
0.0576,10.0,-20.0,0.0
0.057625,0.0,-15.0,-10.0
0.05765,-5.0,-5.0,0.0
0.057675,-5.0,-5.0,0.0
0.0577,0.0,-5.0,-10.0
0.057725,10.0,-15.0,0.0
0.05775,10.0,-5.0,-10.0
0.057775,0.0,-20.0,0.0
0.0578,10.0,-20.0,0.0
0.057825,0.0,-15.0,5.0
0.05785,0.0,0.0,-10.0
0.057875,0.0,-15.0,0.0
0.0579,0.0,-5.0,-10.0
0.057925,0.0,-15.0,0.0
0.05795,0.0,-5.0,0.0
0.057975,10.0,-20.0,-10.0
0.058,0.0,-15.0,0.0
0.058025,0.0,-20.0,-20.0
0.05805,0.0,-15.0,-15.0
0.058075,10.0,-15.0,0.0
0.0581,0.0,-15.0,-10.0
0.058125,-5.0,-15.0,-10.0
0.05815,10.0,-5.0,0.0
0.058175,20.0,-5.0,5.0
0.0582,10.0,-15.0,5.0
0.058225,10.0,-15.0,0.0
0.05825,0.0,-20.0,5.0
0.058275,0.0,-5.0,5.0
0.0583,-10.0,-5.0,0.0
0.058325,0.0,-5.0,0.0
0.05835,0.0,-5.0,0.0
0.058375,0.0,-5.0,0.0
0.0584,-5.0,-15.0,0.0
0.058425,10.0,-20.0,0.0
0.05845,10.0,-15.0,0.0
0.058475,0.0,-20.0,0.0
0.0585,0.0,0.0,0.0
0.058525,0.0,-5.0,5.0
0.05855,-5.0,-5.0,-10.0
0.058575,0.0,-5.0,0.0
0.0586,0.0,-5.0,0.0
0.058625,10.0,-25.0,0.0
0.05865,10.0,-5.0,0.0
0.058675,15.0,-15.0,0.0
0.0587,0.0,-15.0,-20.0
0.058725,0.0,-15.0,-10.0
0.05875,-10.0,-5.0,-15.0
0.058775,0.0,-15.0,0.0
0.0588,10.0,-15.0,0.0
0.058825,15.0,-15.0,-10.0
0.05885,10.0,-15.0,10.0
0.058875,10.0,-15.0,5.0
0.0589,0.0,-15.0,0.0
0.058925,0.0,-15.0,0.0
0.05895,-5.0,0.0,-15.0
0.058975,0.0,0.0,-10.0
0.059,0.0,-15.0,5.0
0.059025,10.0,-5.0,5.0
0.05905,0.0,-15.0,-10.0
0.059075,10.0,-20.0,0.0
0.0591,0.0,-15.0,0.0
0.059125,10.0,-15.0,-10.0
0.05915,0.0,0.0,0.0
0.059175,-10.0,-15.0,0.0
0.0592,-5.0,-15.0,-15.0
0.059225,-5.0,-5.0,-10.0
0.05925,0.0,-15.0,0.0
0.059275,10.0,-25.0,-10.0
0.0593,0.0,-20.0,0.0
0.059325,0.0,-5.0,5.0
0.05935,0.0,-15.0,0.0
0.059375,10.0,-20.0,-15.0
0.0594,-10.0,-5.0,-10.0
0.059425,-5.0,-5.0,0.0
0.05945,-5.0,-15.0,-10.0
0.059475,20.0,-5.0,-10.0
0.0595,0.0,-5.0,0.0
0.059525,0.0,-15.0,5.0
0.05955,10.0,-5.0,5.0
0.059575,0.0,-15.0,5.0
0.0596,-10.0,0.0,0.0
0.059625,-5.0,0.0,0.0
0.05965,-5.0,-5.0,0.0
0.059675,10.0,-5.0,0.0
0.0597,-5.0,-15.0,0.0
0.059725,10.0,-20.0,-10.0
0.05975,10.0,-15.0,-15.0
0.059775,0.0,-15.0,0.0
0.0598,10.0,5.0,0.0
0.059825,0.0,-5.0,0.0
0.05985,-10.0,-15.0,0.0
0.059875,0.0,-5.0,-10.0
0.0599,10.0,-15.0,-10.0
0.059925,10.0,-25.0,-10.0
0.05995,0.0,-15.0,0.0
0.059975,10.0,-15.0,0.0
0.06,10.0,-5.0,5.0
0.060025,0.0,-20.0,0.0
0.06005,0.0,-5.0,-15.0
0.060075,0.0,-15.0,-15.0
0.0601,0.0,-5.0,-10.0
0.060125,20.0,-5.0,0.0
0.06015,-5.0,-20.0,0.0
0.060175,0.0,-20.0,0.0
0.0602,10.0,-15.0,10.0
0.060225,0.0,-20.0,5.0
0.06025,-10.0,0.0,5.0
0.060275,0.0,-5.0,0.0
0.0603,10.0,-5.0,-10.0
0.060325,-5.0,-5.0,-10.0
0.06035,-5.0,-15.0,0.0
0.060375,10.0,-20.0,0.0
0.0604,10.0,-15.0,-10.0
0.060425,10.0,-5.0,-15.0
0.06045,10.0,0.0,0.0
0.060475,-5.0,-15.0,-10.0
0.0605,0.0,-5.0,5.0
0.060525,10.0,-15.0,0.0
0.06055,10.0,-15.0,-15.0
0.060575,10.0,-20.0,0.0
0.0606,0.0,-15.0,0.0
0.060625,0.0,-5.0,0.0
0.06065,0.0,-5.0,0.0
0.060675,0.0,-20.0,0.0
0.0607,-5.0,-5.0,5.0
0.060725,-5.0,-15.0,-15.0
0.06075,0.0,-5.0,-15.0
0.060775,20.0,-15.0,-15.0
0.0608,-5.0,-20.0,-10.0
0.060825,10.0,-15.0,5.0
0.06085,10.0,-15.0,-10.0
0.060875,10.0,-15.0,5.0
0.0609,0.0,0.0,5.0
0.060925,-5.0,-15.0,5.0
0.06095,-5.0,-5.0,0.0
0.060975,-5.0,-15.0,0.0
0.061,0.0,-15.0,0.0
0.061025,0.0,-25.0,5.0
0.06105,0.0,-20.0,0.0
0.061075,10.0,-15.0,0.0
0.0611,0.0,0.0,-10.0
0.061125,0.0,-15.0,-10.0
0.06115,-5.0,-15.0,0.0
0.061175,0.0,-15.0,0.0
0.0612,-5.0,-15.0,-10.0
0.061225,10.0,-15.0,-15.0
0.06125,0.0,-15.0,0.0
0.061275,10.0,-5.0,0.0
0.0613,10.0,-15.0,0.0
0.061325,0.0,-20.0,-10.0
0.06135,-10.0,-5.0,0.0
0.061375,-5.0,-5.0,-10.0
0.0614,10.0,-5.0,-15.0
0.061425,20.0,-5.0,-10.0
0.06145,0.0,-20.0,-10.0
0.061475,10.0,-20.0,0.0
0.0615,0.0,-15.0,0.0
0.061525,0.0,-5.0,0.0
0.06155,-5.0,0.0,10.0
0.061575,0.0,-15.0,5.0
0.0616,0.0,-5.0,0.0
0.061625,10.0,-15.0,0.0
0.06165,-5.0,-20.0,5.0
0.061675,10.0,-20.0,5.0
0.0617,0.0,-20.0,0.0
0.061725,-5.0,-5.0,0.0
0.06175,0.0,0.0,-10.0
0.061775,0.0,-20.0,-15.0
0.0618,0.0,-5.0,0.0
0.061825,10.0,-5.0,0.0
0.06185,0.0,-15.0,0.0
0.061875,20.0,-20.0,5.0
0.0619,-5.0,-15.0,0.0
0.061925,0.0,-15.0,-10.0
0.06195,10.0,-5.0,-10.0
0.061975,-5.0,-5.0,5.0
0.062,-5.0,0.0,0.0
0.062025,0.0,-15.0,0.0
0.06205,10.0,-15.0,-10.0
0.062075,15.0,-15.0,-15.0
0.0621,10.0,-15.0,-10.0
0.062125,10.0,-15.0,-10.0
0.06215,10.0,-15.0,-10.0
0.062175,10.0,0.0,0.0
0.0622,-10.0,0.0,5.0
0.062225,0.0,-5.0,10.0
0.06225,-5.0,-15.0,10.0
0.062275,0.0,-15.0,0.0
0.0623,0.0,-20.0,0.0
0.062325,0.0,-20.0,-10.0
0.06235,10.0,-5.0,0.0
0.062375,0.0,-15.0,5.0
0.0624,0.0,0.0,0.0
0.062425,-5.0,-15.0,-15.0
0.06245,-5.0,-5.0,0.0
0.062475,-5.0,-5.0,-10.0
0.0625,0.0,-5.0,-10.0
0.062525,0.0,-25.0,0.0
0.06255,10.0,-20.0,5.0
0.062575,15.0,-15.0,-15.0
0.0626,10.0,-20.0,5.0
0.062625,-10.0,-5.0,0.0
0.06265,0.0,-15.0,-10.0
0.062675,0.0,-5.0,0.0
0.0627,0.0,-15.0,0.0
0.062725,10.0,-5.0,0.0
0.06275,10.0,-15.0,-15.0
0.062775,10.0,-15.0,-10.0
0.0628,0.0,-5.0,0.0
0.062825,0.0,-5.0,-10.0
0.06285,-5.0,-5.0,0.0
0.062875,0.0,-15.0,0.0
0.0629,0.0,-15.0,15.0
0.062925,0.0,-15.0,5.0
0.06295,0.0,-20.0,-10.0
0.062975,10.0,-20.0,0.0
0.063,0.0,-15.0,5.0
0.063025,0.0,-15.0,0.0
0.06305,0.0,-5.0,-10.0
0.063075,-5.0,-5.0,0.0
0.0631,-5.0,-15.0,-15.0
0.063125,0.0,-15.0,-10.0
0.06315,15.0,-5.0,0.0
0.063175,0.0,-15.0,-15.0
0.0632,0.0,-20.0,0.0
0.063225,0.0,-5.0,5.0
0.06325,-5.0,-5.0,-10.0
0.063275,-10.0,0.0,-10.0
0.0633,0.0,-5.0,-10.0
0.063325,0.0,-5.0,-10.0
0.06335,10.0,-5.0,0.0
0.063375,0.0,-5.0,-10.0
0.0634,0.0,-15.0,0.0
0.063425,15.0,-15.0,-15.0
0.06345,10.0,-5.0,-15.0
0.063475,10.0,0.0,-10.0
0.0635,-10.0,-5.0,0.0
0.063525,0.0,-15.0,0.0
0.06355,0.0,-5.0,0.0
0.063575,10.0,-15.0,5.0
0.0636,10.0,-25.0,5.0
0.063625,0.0,-20.0,0.0
0.06365,10.0,-20.0,0.0
0.063675,0.0,-15.0,-10.0
0.0637,10.0,-15.0,0.0
0.063725,-5.0,-15.0,0.0
0.06375,0.0,-15.0,0.0
0.063775,0.0,-15.0,-10.0
0.0638,20.0,-5.0,-10.0
0.063825,10.0,-15.0,-10.0
0.06385,10.0,-20.0,-10.0
0.063875,10.0,-15.0,5.0
0.0639,0.0,-15.0,0.0
0.063925,-15.0,0.0,-15.0
0.06395,-5.0,-5.0,0.0
0.063975,0.0,-5.0,-10.0
0.064,-5.0,-15.0,0.0
0.064025,10.0,-15.0,0.0
0.06405,10.0,-20.0,-10.0
0.064075,10.0,-15.0,-10.0
0.0641,0.0,-15.0,-20.0
0.064125,15.0,0.0,-10.0
0.06415,-5.0,-15.0,-10.0
0.064175,0.0,0.0,0.0
0.0642,0.0,-5.0,0.0
0.064225,0.0,-5.0,-10.0
0.06425,10.0,-30.0,5.0
0.064275,10.0,-15.0,5.0
0.0643,10.0,-5.0,0.0
0.064325,0.0,-15.0,5.0
0.06435,0.0,-15.0,0.0
0.064375,-10.0,0.0,0.0
0.0644,0.0,-5.0,-10.0
0.064425,-5.0,-15.0,0.0
0.06445,20.0,-15.0,-10.0
0.064475,0.0,-20.0,0.0
0.0645,15.0,-15.0,-10.0
0.064525,15.0,0.0,5.0
0.06455,0.0,-15.0,0.0
0.064575,-10.0,0.0,0.0
0.0646,-5.0,-5.0,-15.0
0.064625,0.0,-5.0,-10.0
0.06465,10.0,-5.0,0.0
0.064675,0.0,-5.0,-10.0
0.0647,10.0,-20.0,-10.0
0.064725,0.0,-20.0,0.0
0.06475,0.0,-5.0,0.0
0.064775,10.0,5.0,-15.0
0.0648,-5.0,-20.0,-15.0
0.064825,0.0,-5.0,0.0
0.06485,-5.0,-15.0,0.0
0.064875,0.0,-15.0,0.0
0.0649,15.0,-25.0,-10.0
0.064925,0.0,-15.0,15.0
0.06495,0.0,-15.0,0.0
0.064975,0.0,-5.0,0.0
0.065,0.0,-15.0,0.0
0.065025,-5.0,-5.0,-10.0
0.06505,0.0,-5.0,0.0
0.065075,0.0,-15.0,0.0
0.0651,20.0,-5.0,5.0
0.065125,0.0,-15.0,-15.0
0.06515,0.0,-20.0,0.0
0.065175,0.0,-5.0,0.0
0.0652,10.0,-15.0,-10.0
0.065225,115.0,30.0,-35.0
0.06525,-45.0,-90.0,-10.0
0.065275,-5.0,-40.0,-25.0
0.0653,30.0,5.0,5.0
0.065325,0.0,-20.0,5.0
0.06535,-5.0,-20.0,0.0
0.065375,0.0,0.0,-10.0
0.0654,0.0,-15.0,-10.0
0.065425,0.0,0.0,-10.0
0.06545,-5.0,-15.0,-20.0
0.065475,-5.0,-5.0,-15.0
0.0655,0.0,-5.0,-10.0
0.065525,-10.0,-15.0,0.0
0.06555,15.0,-20.0,-10.0
0.065575,-5.0,-20.0,-10.0
0.0656,0.0,-15.0,10.0
0.065625,0.0,-15.0,5.0
0.06565,0.0,-15.0,5.0
0.065675,-5.0,-5.0,-15.0
0.0657,0.0,-5.0,5.0
0.065725,0.0,-5.0,5.0
0.06575,15.0,-5.0,10.0
0.065775,-5.0,-5.0,-10.0
0.0658,-15.0,-95.0,90.0
0.065825,15.0,-30.0,30.0
0.06585,-15.0,-30.0,35.0
0.065875,-30.0,-15.0,0.0
0.0659,-5.0,-25.0,-10.0
0.065925,-5.0,-20.0,0.0
0.06595,0.0,-5.0,-20.0
0.065975,-5.0,-15.0,-10.0
0.066,10.0,-20.0,0.0
0.066025,0.0,-15.0,0.0
0.06605,10.0,-15.0,-10.0
0.066075,0.0,5.0,0.0
0.0661,-5.0,0.0,0.0
0.066125,0.0,-15.0,-15.0
0.06615,-5.0,-5.0,-10.0
0.066175,10.0,-15.0,0.0
0.0662,10.0,-20.0,0.0
0.066225,0.0,-15.0,-10.0
0.06625,0.0,-15.0,-10.0
0.066275,0.0,-5.0,10.0
0.0663,95.0,105.0,-275.0
0.066325,25.0,-80.0,-10.0
0.06635,25.0,0.0,5.0
0.066375,-5.0,5.0,-10.0
0.0664,85.0,-15.0,5.0
0.066425,-20.0,40.0,-35.0
0.06645,15.0,5.0,-10.0
0.066475,15.0,-20.0,-15.0
0.0665,10.0,-25.0,0.0
0.066525,0.0,0.0,-15.0
0.06655,10.0,-5.0,-15.0
0.066575,10.0,0.0,-10.0
0.0666,10.0,0.0,-10.0
0.066625,-5.0,-20.0,-20.0
0.06665,10.0,-20.0,-10.0
0.066675,0.0,0.0,-10.0
0.0667,0.0,0.0,0.0
0.066725,-5.0,0.0,-10.0
0.06675,-5.0,-15.0,-10.0
0.066775,-10.0,-5.0,-10.0
0.0668,-10.0,0.0,-15.0
0.066825,0.0,0.0,-10.0
0.06685,0.0,-25.0,-20.0
0.066875,-5.0,-15.0,-10.0
0.0669,-5.0,-15.0,0.0
0.066925,-5.0,-5.0,-10.0
0.06695,-10.0,-15.0,5.0
0.066975,-5.0,0.0,0.0
0.067,0.0,-5.0,-10.0
0.067025,-5.0,-15.0,0.0
0.06705,15.0,0.0,-10.0
0.067075,-5.0,-15.0,-10.0
0.0671,10.0,-20.0,-10.0
0.067125,0.0,-5.0,0.0
0.06715,10.0,0.0,-15.0
0.067175,-5.0,0.0,-15.0
0.0672,-5.0,-5.0,-10.0
0.067225,0.0,0.0,0.0
0.06725,0.0,0.0,-10.0
0.067275,0.0,-15.0,0.0
0.0673,0.0,-5.0,-15.0
0.067325,0.0,-5.0,-10.0
0.06735,0.0,0.0,-10.0
0.067375,0.0,0.0,5.0
0.0674,-10.0,-5.0,5.0
0.067425,-10.0,-5.0,-10.0
0.06745,0.0,0.0,0.0
0.067475,0.0,0.0,-15.0
0.0675,10.0,-20.0,-15.0
0.067525,-5.0,-20.0,-10.0
0.06755,-10.0,65.0,-25.0
0.067575,0.0,-20.0,0.0
0.0676,-5.0,-15.0,-10.0
0.067625,0.0,-15.0,10.0
0.06765,0.0,-15.0,5.0
0.067675,0.0,-5.0,0.0
0.0677,15.0,0.0,5.0
0.067725,0.0,-15.0,0.0
0.06775,10.0,-15.0,0.0
0.067775,0.0,0.0,-10.0
0.0678,0.0,-5.0,0.0
0.067825,-10.0,-5.0,-10.0
0.06785,0.0,-5.0,-10.0
0.067875,-5.0,0.0,0.0
0.0679,0.0,-5.0,-10.0
0.067925,0.0,-20.0,5.0
0.06795,0.0,-15.0,0.0
0.067975,0.0,-15.0,0.0
0.068,0.0,0.0,0.0
0.068025,10.0,-5.0,0.0
0.06805,-10.0,-5.0,-10.0
0.068075,-5.0,-15.0,0.0
0.0681,-5.0,0.0,0.0
0.068125,10.0,-15.0,0.0
0.06815,0.0,-15.0,-15.0
0.068175,10.0,-15.0,0.0
0.0682,10.0,-5.0,0.0
0.068225,0.0,-15.0,-10.0
0.06825,-20.0,0.0,35.0
0.068275,-5.0,-25.0,10.0
0.0683,0.0,-20.0,-80.0
0.068325,0.0,-5.0,10.0
0.06835,0.0,0.0,0.0
0.068375,30.0,15.0,10.0
0.0684,0.0,-20.0,-15.0
0.068425,0.0,-25.0,-15.0
0.06845,-5.0,5.0,-10.0
0.068475,-5.0,-15.0,-10.0
0.0685,-5.0,0.0,-10.0
0.068525,20.0,-5.0,0.0
0.06855,30.0,-15.0,-15.0
0.068575,0.0,-25.0,0.0
0.0686,0.0,0.0,10.0
0.068625,0.0,0.0,-10.0
0.06865,10.0,-5.0,0.0
0.068675,-5.0,0.0,-10.0
0.0687,-10.0,-5.0,-15.0
0.068725,-5.0,-5.0,0.0
0.06875,-5.0,0.0,-10.0
0.068775,15.0,-15.0,-10.0
0.0688,10.0,-15.0,5.0
0.068825,0.0,-5.0,-20.0
0.06885,-5.0,-5.0,-15.0
0.068875,0.0,-15.0,-15.0
0.0689,-5.0,-5.0,-10.0
0.068925,-5.0,0.0,0.0
0.06895,-5.0,-5.0,-10.0
0.068975,0.0,0.0,5.0
0.069,0.0,-5.0,-10.0
0.069025,-5.0,-20.0,0.0
0.06905,-5.0,-5.0,0.0
0.069075,-5.0,-5.0,0.0
0.0691,-5.0,0.0,-10.0
0.069125,-5.0,0.0,5.0
0.06915,-10.0,-5.0,0.0
0.069175,-5.0,0.0,-10.0
0.0692,-5.0,0.0,-15.0
0.069225,0.0,-20.0,-10.0
0.06925,-5.0,-20.0,-10.0
0.069275,0.0,-5.0,0.0
0.0693,-5.0,-5.0,0.0
0.069325,0.0,-5.0,-10.0
0.06935,-10.0,-5.0,-10.0
0.069375,-5.0,-5.0,0.0
0.0694,0.0,-5.0,5.0
0.069425,15.0,0.0,0.0
0.06945,-5.0,-15.0,0.0
0.069475,10.0,-5.0,0.0
0.0695,0.0,-5.0,-20.0
0.069525,0.0,0.0,-10.0
0.06955,-15.0,0.0,0.0
0.069575,-5.0,0.0,-10.0
0.0696,10.0,-15.0,0.0
0.069625,-5.0,-5.0,-10.0
0.06965,-5.0,0.0,10.0
0.069675,-5.0,-15.0,0.0
0.0697,-5.0,-5.0,-10.0
0.069725,0.0,-5.0,0.0
0.06975,0.0,0.0,0.0
0.069775,-5.0,-5.0,0.0
0.0698,-5.0,0.0,-10.0
0.069825,-5.0,-5.0,-10.0
0.06985,0.0,-5.0,-10.0
0.069875,10.0,-20.0,-15.0
0.0699,0.0,-5.0,-15.0
0.069925,10.0,-5.0,-15.0
0.06995,-5.0,0.0,-20.0
0.069975,0.0,-5.0,-20.0
0.07,0.0,0.0,-30.0
0.070025,10.0,5.0,-25.0
0.07005,10.0,5.0,-30.0
0.070075,25.0,5.0,-30.0
0.0701,20.0,5.0,-35.0
0.070125,20.0,5.0,-35.0
0.07015,20.0,15.0,-45.0
0.070175,25.0,10.0,-60.0
0.0702,15.0,25.0,-60.0
0.070225,30.0,20.0,-65.0
0.07025,30.0,20.0,-70.0
0.070275,45.0,30.0,-80.0
0.0703,35.0,30.0,-85.0
0.070325,50.0,30.0,-85.0
0.07035,45.0,40.0,-95.0
0.070375,55.0,40.0,-105.0
0.0704,60.0,65.0,-115.0
0.070425,65.0,55.0,-125.0
0.07045,65.0,60.0,-130.0
0.070475,75.0,60.0,-140.0
0.0705,75.0,70.0,-150.0
0.070525,80.0,55.0,-165.0
0.07055,85.0,65.0,-170.0
0.070575,95.0,75.0,-175.0
0.0706,90.0,80.0,-180.0
0.070625,95.0,75.0,-195.0
0.07065,90.0,90.0,-195.0
0.070675,105.0,95.0,-215.0
0.0707,105.0,100.0,-215.0
0.070725,130.0,95.0,-230.0
0.07075,115.0,100.0,-230.0
0.070775,120.0,105.0,-250.0
0.0708,135.0,120.0,-255.0
0.070825,135.0,120.0,-260.0
0.07085,115.0,125.0,-285.0
0.070875,135.0,130.0,-285.0
0.0709,150.0,135.0,-290.0
0.070925,150.0,145.0,-300.0
0.07095,155.0,140.0,-310.0
0.070975,160.0,140.0,-310.0
0.071,160.0,150.0,-305.0
0.071025,165.0,155.0,-330.0
0.07105,170.0,175.0,-335.0
0.071075,175.0,160.0,-345.0
0.0711,175.0,175.0,-355.0
0.071125,190.0,175.0,-365.0
0.07115,190.0,180.0,-375.0
0.071175,195.0,170.0,-385.0
0.0712,190.0,185.0,-395.0
0.071225,195.0,185.0,-405.0
0.07125,200.0,185.0,-420.0
0.071275,210.0,190.0,-415.0
0.0713,205.0,205.0,-430.0
0.071325,210.0,210.0,-425.0
0.07135,215.0,210.0,-445.0
0.071375,235.0,210.0,-440.0
0.0714,225.0,210.0,-450.0
0.071425,225.0,210.0,-460.0
0.07145,235.0,220.0,-465.0
0.071475,240.0,230.0,-470.0
0.0715,225.0,235.0,-485.0
0.071525,240.0,240.0,-500.0
0.07155,250.0,235.0,-505.0
0.071575,250.0,240.0,-510.0
0.0716,250.0,245.0,-510.0
0.071625,260.0,245.0,-520.0
0.07165,270.0,245.0,-530.0
0.071675,265.0,260.0,-525.0
0.0717,270.0,270.0,-530.0
0.071725,275.0,260.0,-545.0
0.07175,270.0,265.0,-550.0
0.071775,280.0,275.0,-555.0
0.0718,285.0,275.0,-565.0
0.071825,290.0,265.0,-570.0
0.07185,295.0,270.0,-575.0
0.071875,290.0,280.0,-590.0
0.0719,290.0,280.0,-595.0
0.071925,290.0,280.0,-590.0
0.07195,295.0,295.0,-610.0
0.071975,305.0,290.0,-610.0
0.072,305.0,300.0,-615.0
0.072025,320.0,300.0,-625.0
0.07205,310.0,295.0,-630.0
0.072075,315.0,295.0,-630.0
0.0721,315.0,305.0,-630.0
0.072125,320.0,305.0,-650.0
0.07215,320.0,315.0,-645.0
0.072175,325.0,315.0,-655.0
0.0722,325.0,315.0,-670.0
0.072225,325.0,320.0,-670.0
0.07225,325.0,320.0,-670.0
0.072275,335.0,320.0,-670.0
0.0723,330.0,325.0,-680.0
0.072325,340.0,330.0,-680.0
0.07235,340.0,340.0,-675.0
0.072375,340.0,330.0,-685.0
0.0724,340.0,340.0,-690.0
0.072425,350.0,340.0,-705.0
0.07245,345.0,340.0,-700.0
0.072475,355.0,340.0,-705.0
0.0725,355.0,350.0,-705.0
0.072525,350.0,355.0,-710.0
0.07255,355.0,360.0,-730.0
0.072575,350.0,360.0,-735.0
0.0726,345.0,375.0,-740.0
0.072625,350.0,375.0,-745.0
0.07265,350.0,385.0,-755.0
0.072675,360.0,395.0,-755.0
0.0727,345.0,400.0,-770.0
0.072725,350.0,410.0,-775.0
0.07275,345.0,420.0,-775.0
0.072775,340.0,430.0,-790.0
0.0728,335.0,440.0,-790.0
0.072825,345.0,445.0,-795.0
0.07285,335.0,455.0,-810.0
0.072875,340.0,470.0,-820.0
0.0729,330.0,470.0,-825.0
0.072925,335.0,475.0,-840.0
0.07295,330.0,495.0,-830.0
0.072975,325.0,505.0,-845.0
0.073,325.0,520.0,-845.0
0.073025,315.0,520.0,-850.0
0.07305,310.0,530.0,-855.0
0.073075,315.0,550.0,-865.0
0.0731,310.0,550.0,-885.0
0.073125,315.0,550.0,-885.0
0.07315,310.0,560.0,-890.0
0.073175,305.0,570.0,-895.0
0.0732,300.0,590.0,-895.0
0.073225,290.0,600.0,-905.0
0.07325,285.0,605.0,-915.0
0.073275,295.0,615.0,-920.0
0.0733,285.0,625.0,-925.0
0.073325,295.0,630.0,-930.0
0.07335,285.0,635.0,-935.0
0.073375,285.0,645.0,-945.0
0.0734,275.0,655.0,-950.0
0.073425,275.0,675.0,-950.0
0.07345,260.0,675.0,-960.0
0.073475,265.0,685.0,-960.0
0.0735,265.0,690.0,-970.0
0.073525,265.0,710.0,-975.0
0.07355,260.0,705.0,-990.0
0.073575,255.0,710.0,-990.0
0.0736,255.0,725.0,-990.0
0.073625,250.0,730.0,-990.0
0.07365,240.0,750.0,-1000.0
0.073675,230.0,750.0,-1000.0
0.0737,230.0,760.0,-990.0
0.073725,230.0,765.0,-1000.0
0.07375,235.0,770.0,-1005.0
0.073775,220.0,770.0,-1015.0
0.0738,220.0,785.0,-1015.0
0.073825,220.0,790.0,-1020.0
0.07385,215.0,800.0,-1025.0
0.073875,200.0,805.0,-1025.0
0.0739,200.0,820.0,-1040.0
0.073925,195.0,825.0,-1035.0
0.07395,195.0,830.0,-1040.0
0.073975,195.0,840.0,-1040.0
0.074,190.0,840.0,-1045.0
0.074025,190.0,845.0,-1040.0
0.07405,175.0,855.0,-1050.0
0.074075,180.0,870.0,-1055.0
0.0741,160.0,875.0,-1060.0
0.074125,165.0,875.0,-1055.0
0.07415,165.0,880.0,-1055.0
0.074175,165.0,890.0,-1060.0
0.0742,160.0,880.0,-1060.0
0.074225,155.0,890.0,-1070.0
0.07425,150.0,900.0,-1070.0
0.074275,150.0,905.0,-1065.0
0.0743,145.0,910.0,-1065.0
0.074325,140.0,920.0,-1070.0
0.07435,135.0,920.0,-1065.0
0.074375,130.0,930.0,-1055.0
0.0744,135.0,940.0,-1065.0
0.074425,130.0,940.0,-1080.0
0.07445,120.0,930.0,-1080.0
0.074475,115.0,950.0,-1070.0
0.0745,110.0,955.0,-1080.0
0.074525,95.0,965.0,-1080.0
0.07455,95.0,965.0,-1065.0
0.074575,95.0,965.0,-1080.0
0.0746,95.0,970.0,-1080.0
0.074625,90.0,975.0,-1085.0
0.07465,90.0,965.0,-1080.0
0.074675,85.0,980.0,-1070.0
0.0747,80.0,985.0,-1070.0
0.074725,80.0,990.0,-1080.0
0.07475,75.0,990.0,-1080.0
0.074775,65.0,995.0,-1070.0
0.0748,70.0,1000.0,-1080.0
0.074825,65.0,1005.0,-1070.0
0.07485,65.0,990.0,-1080.0
0.074875,55.0,995.0,-1065.0
0.0749,55.0,1000.0,-1080.0
0.074925,50.0,1005.0,-1070.0
0.07495,50.0,1015.0,-1080.0
0.074975,35.0,1015.0,-1065.0
0.075,40.0,1010.0,-1070.0
0.075025,35.0,1015.0,-1065.0
0.07505,40.0,1015.0,-1050.0
0.075075,30.0,1015.0,-1060.0
0.0751,30.0,1020.0,-1055.0
0.075125,25.0,1015.0,-1055.0
0.07515,20.0,1020.0,-1055.0
0.075175,0.0,1030.0,-1045.0
0.0752,15.0,1030.0,-1050.0
0.075225,15.0,1030.0,-1045.0
0.07525,10.0,1030.0,-1045.0
0.075275,0.0,1030.0,-1050.0
0.0753,10.0,1025.0,-1045.0
0.075325,-10.0,1030.0,-1040.0
0.07535,-10.0,1030.0,-1035.0
0.075375,-10.0,1045.0,-1030.0
0.0754,-20.0,1035.0,-1035.0
0.075425,-20.0,1030.0,-1030.0
0.07545,-20.0,1030.0,-1025.0
0.075475,-30.0,1035.0,-1025.0
0.0755,-25.0,1020.0,-1020.0
0.075525,-30.0,1030.0,-1015.0
0.07555,-35.0,1030.0,-1010.0
0.075575,-45.0,1025.0,-1010.0
0.0756,-40.0,1025.0,-1015.0
0.075625,-45.0,1030.0,-1010.0
0.07565,-50.0,1025.0,-1000.0
0.075675,-40.0,1025.0,-995.0
0.0757,-40.0,1030.0,-985.0
0.075725,-55.0,1025.0,-975.0
0.07575,-55.0,1025.0,-975.0
0.075775,-65.0,1020.0,-970.0
0.0758,-65.0,1025.0,-970.0
0.075825,-80.0,1030.0,-960.0
0.07585,-75.0,1020.0,-965.0
0.075875,-75.0,1020.0,-950.0
0.0759,-75.0,1020.0,-945.0
0.075925,-85.0,1015.0,-950.0
0.07595,-75.0,1010.0,-940.0
0.075975,-90.0,1005.0,-940.0
0.076,-90.0,1005.0,-930.0
0.076025,-90.0,1020.0,-920.0
0.07605,-100.0,1000.0,-925.0
0.076075,-95.0,1010.0,-920.0
0.0761,-105.0,1000.0,-910.0
0.076125,-110.0,995.0,-905.0
0.07615,-100.0,985.0,-900.0
0.076175,-120.0,995.0,-890.0
0.0762,-120.0,985.0,-890.0
0.076225,-110.0,990.0,-880.0
0.07625,-125.0,980.0,-885.0
0.076275,-135.0,980.0,-875.0
0.0763,-125.0,980.0,-865.0
0.076325,-130.0,975.0,-855.0
0.07635,-125.0,975.0,-855.0
0.076375,-140.0,965.0,-845.0
0.0764,-135.0,965.0,-825.0
0.076425,-140.0,960.0,-820.0
0.07645,-145.0,960.0,-825.0
0.076475,-165.0,955.0,-815.0
0.0765,-150.0,955.0,-805.0
0.076525,-155.0,955.0,-795.0
0.07655,-155.0,945.0,-795.0
0.076575,-165.0,940.0,-780.0
0.0766,-160.0,920.0,-790.0
0.076625,-165.0,920.0,-775.0
0.07665,-160.0,915.0,-765.0
0.076675,-170.0,925.0,-755.0
0.0767,-170.0,915.0,-750.0
0.076725,-175.0,910.0,-745.0
0.07675,-180.0,905.0,-745.0
0.076775,-185.0,900.0,-735.0
0.0768,-180.0,880.0,-725.0
0.076825,-185.0,890.0,-710.0
0.07685,-185.0,880.0,-700.0
0.076875,-190.0,875.0,-695.0
0.0769,-190.0,870.0,-685.0
0.076925,-205.0,870.0,-690.0
0.07695,-195.0,870.0,-680.0
0.076975,-200.0,855.0,-670.0
0.077,-190.0,850.0,-660.0
0.077025,-205.0,845.0,-650.0
0.07705,-205.0,835.0,-640.0
0.077075,-210.0,830.0,-620.0
0.0771,-210.0,820.0,-625.0
0.077125,-240.0,825.0,-615.0
0.07715,-225.0,810.0,-610.0
0.077175,-220.0,810.0,-595.0
0.0772,-220.0,795.0,-585.0
0.077225,-230.0,790.0,-575.0
0.07725,-225.0,775.0,-565.0
0.077275,-230.0,775.0,-565.0
0.0773,-225.0,770.0,-555.0
0.077325,-230.0,775.0,-540.0
0.07735,-245.0,760.0,-525.0
0.077375,-245.0,750.0,-525.0
0.0774,-250.0,740.0,-510.0
0.077425,-245.0,740.0,-510.0
0.07745,-245.0,715.0,-495.0
0.077475,-255.0,715.0,-490.0
0.0775,-255.0,715.0,-470.0
0.077525,-260.0,705.0,-460.0
0.07755,-260.0,695.0,-455.0
0.077575,-265.0,690.0,-445.0
0.0776,-260.0,685.0,-445.0
0.077625,-260.0,675.0,-435.0
0.07765,-250.0,670.0,-425.0
0.077675,-265.0,665.0,-410.0
0.0777,-270.0,660.0,-400.0
0.077725,-270.0,650.0,-395.0
0.07775,-275.0,640.0,-370.0
0.077775,-280.0,645.0,-375.0
0.0778,-275.0,630.0,-365.0
0.077825,-280.0,620.0,-355.0
0.07785,-275.0,620.0,-345.0
0.077875,-285.0,610.0,-340.0
0.0779,-275.0,595.0,-330.0
0.077925,-280.0,590.0,-325.0
0.07795,-280.0,575.0,-320.0
0.077975,-280.0,600.0,-315.0
0.078,-280.0,570.0,-305.0
0.078025,-280.0,565.0,-305.0
0.07805,-280.0,560.0,-295.0
0.078075,-275.0,550.0,-290.0
0.0781,-275.0,535.0,-285.0
0.078125,-280.0,535.0,-280.0
0.07815,-275.0,540.0,-280.0
0.078175,-270.0,540.0,-275.0
0.0782,-280.0,530.0,-270.0
0.078225,-275.0,535.0,-270.0
0.07825,-275.0,525.0,-270.0
0.078275,-270.0,525.0,-280.0
0.0783,-250.0,520.0,-275.0
0.078325,-260.0,510.0,-270.0
0.07835,-260.0,505.0,-265.0
0.078375,-265.0,510.0,-265.0
0.0784,-260.0,500.0,-255.0
0.078425,-270.0,505.0,-245.0
0.07845,-265.0,495.0,-250.0
0.078475,-255.0,495.0,-250.0
0.0785,-255.0,485.0,-245.0
0.078525,-260.0,485.0,-245.0
0.07855,-260.0,480.0,-245.0
0.078575,-260.0,485.0,-235.0
0.0786,-260.0,480.0,-235.0
0.078625,-255.0,490.0,-230.0
0.07865,-265.0,475.0,-230.0
0.078675,-265.0,475.0,-225.0
0.0787,-260.0,470.0,-220.0
0.078725,-255.0,470.0,-215.0
0.07875,-265.0,445.0,-210.0
0.078775,-255.0,455.0,-210.0
0.0788,-260.0,450.0,-200.0
0.078825,-260.0,445.0,-205.0
0.07885,-265.0,440.0,-195.0
0.078875,-275.0,445.0,-190.0
0.0789,-265.0,440.0,-190.0
0.078925,-265.0,435.0,-185.0
0.07895,-255.0,435.0,-195.0
0.078975,-260.0,430.0,-185.0
0.079,-265.0,425.0,-175.0
0.079025,-260.0,415.0,-175.0
0.07905,-260.0,420.0,-175.0
0.079075,-275.0,425.0,-170.0
0.0791,-265.0,415.0,-150.0
0.079125,-265.0,410.0,-160.0
0.07915,-260.0,405.0,-155.0
0.079175,-265.0,395.0,-155.0
0.0792,-255.0,395.0,-155.0
0.079225,-265.0,395.0,-150.0
0.07925,-260.0,390.0,-140.0
0.079275,-255.0,395.0,-145.0
0.0793,-260.0,380.0,-145.0
0.079325,-260.0,380.0,-145.0
0.07935,-250.0,375.0,-135.0
0.079375,-250.0,375.0,-135.0
0.0794,-250.0,355.0,-130.0
0.079425,-250.0,360.0,-130.0
0.07945,-250.0,355.0,-125.0
0.079475,-245.0,350.0,-130.0
0.0795,-250.0,340.0,-110.0
0.079525,-240.0,340.0,-110.0
0.07955,-245.0,335.0,-110.0
0.079575,-230.0,330.0,-100.0
0.0796,-220.0,330.0,-100.0
0.079625,-225.0,315.0,-100.0
0.07965,-220.0,310.0,-100.0
0.079675,-225.0,310.0,-95.0
0.0797,-220.0,305.0,-90.0
0.079725,-220.0,305.0,-85.0
0.07975,-220.0,290.0,-85.0
0.079775,-210.0,290.0,-70.0
0.0798,-205.0,270.0,-80.0
0.079825,-205.0,260.0,-80.0
0.07985,-195.0,270.0,-70.0
0.079875,-200.0,260.0,-80.0
0.0799,-195.0,260.0,-70.0
0.079925,-190.0,260.0,-65.0
0.07995,-190.0,245.0,-65.0
0.079975,-185.0,245.0,-70.0
0.08,-180.0,240.0,-65.0
0.080025,-170.0,230.0,-60.0
0.08005,-170.0,210.0,-55.0
0.080075,-170.0,205.0,-55.0
0.0801,-160.0,200.0,-55.0
0.080125,-165.0,195.0,-55.0
0.08015,-160.0,195.0,-45.0
0.080175,-150.0,185.0,-45.0
0.0802,-150.0,180.0,-45.0
0.080225,-140.0,170.0,-40.0
0.08025,-130.0,170.0,-40.0
0.080275,-130.0,150.0,-35.0
0.0803,-125.0,145.0,-40.0
0.080325,-120.0,140.0,-35.0
0.08035,-110.0,140.0,-35.0
0.080375,-105.0,130.0,-30.0
0.0804,-100.0,120.0,-35.0
0.080425,-105.0,105.0,-30.0
0.08045,-95.0,95.0,-15.0
0.080475,-85.0,90.0,-20.0
0.0805,-75.0,90.0,-20.0
0.080525,-80.0,75.0,-10.0
0.08055,-70.0,80.0,-20.0
0.080575,-65.0,65.0,-20.0
0.0806,-70.0,65.0,-20.0
0.080625,-55.0,55.0,-10.0
0.08065,-50.0,45.0,-20.0
0.080675,-40.0,45.0,-15.0
0.0807,-40.0,30.0,-15.0
0.080725,-45.0,35.0,-10.0
0.08075,-35.0,30.0,-10.0
0.080775,-35.0,20.0,0.0
0.0808,-40.0,20.0,0.0
0.080825,-25.0,20.0,0.0
0.08085,-30.0,20.0,10.0
0.080875,-15.0,10.0,5.0
0.0809,-20.0,10.0,5.0
0.080925,-20.0,0.0,5.0
0.08095,-15.0,0.0,10.0
0.080975,-15.0,5.0,-10.0
0.081,-15.0,5.0,0.0
0.081025,-15.0,0.0,5.0
0.08105,-15.0,0.0,10.0
0.081075,-15.0,-5.0,0.0
0.0811,-10.0,0.0,5.0
0.081125,-10.0,-20.0,15.0
0.08115,-15.0,-15.0,10.0
0.081175,-10.0,-15.0,5.0
0.0812,-5.0,0.0,5.0
0.081225,-10.0,-5.0,5.0
0.08125,-10.0,0.0,0.0
0.081275,-5.0,0.0,5.0
0.0813,-10.0,-5.0,0.0
0.081325,0.0,-5.0,0.0
0.08135,-10.0,-15.0,0.0
0.081375,-5.0,-5.0,0.0
0.0814,-5.0,-15.0,-10.0
0.081425,0.0,-5.0,0.0
0.08145,-10.0,-5.0,0.0
0.081475,-5.0,0.0,0.0
0.0815,-5.0,0.0,5.0
0.081525,0.0,-15.0,-10.0
0.08155,-5.0,-5.0,-10.0
0.081575,0.0,-20.0,5.0
0.0816,0.0,-5.0,0.0
0.081625,0.0,-5.0,0.0
0.08165,0.0,0.0,-15.0
0.081675,0.0,-5.0,-10.0
0.0817,0.0,-5.0,-10.0
0.081725,0.0,-5.0,0.0
0.08175,10.0,-5.0,0.0
0.081775,10.0,-25.0,-10.0
0.0818,10.0,-15.0,10.0
0.081825,0.0,-15.0,5.0
0.08185,10.0,-15.0,0.0
0.081875,0.0,-15.0,-10.0
0.0819,-10.0,-5.0,0.0
0.081925,0.0,-5.0,0.0
0.08195,10.0,-5.0,5.0
0.081975,25.0,-5.0,5.0
0.082,10.0,-15.0,-15.0
0.082025,0.0,-25.0,-10.0
0.08205,10.0,-5.0,-15.0
0.082075,10.0,-15.0,-10.0
0.0821,-15.0,0.0,-10.0
0.082125,0.0,-5.0,-10.0
0.08215,0.0,-5.0,-10.0
0.082175,0.0,-15.0,0.0
0.0822,0.0,-5.0,0.0
0.082225,10.0,-20.0,0.0
0.08225,0.0,-5.0,-10.0
0.082275,10.0,-15.0,0.0
0.0823,10.0,5.0,-10.0
0.082325,0.0,-15.0,-15.0
0.08235,0.0,-15.0,-15.0
0.082375,0.0,-5.0,0.0
0.0824,0.0,-15.0,-15.0
0.082425,10.0,-30.0,-10.0
0.08245,15.0,-15.0,0.0
0.082475,15.0,-5.0,5.0
0.0825,0.0,-5.0,0.0
0.082525,10.0,-15.0,5.0
0.08255,-5.0,-15.0,0.0
0.082575,0.0,-5.0,0.0
0.0826,0.0,0.0,0.0
0.082625,25.0,-5.0,-10.0
0.08265,0.0,-20.0,0.0
0.082675,10.0,-15.0,-10.0
0.0827,10.0,-5.0,0.0
0.082725,10.0,-20.0,-15.0
0.08275,-10.0,-5.0,0.0
0.082775,0.0,-20.0,-10.0
0.0828,10.0,-15.0,-10.0
0.082825,0.0,-15.0,-15.0
0.08285,-5.0,-20.0,-10.0
0.082875,10.0,-15.0,-10.0
0.0829,10.0,-20.0,-10.0
0.082925,15.0,-5.0,0.0
0.08295,10.0,5.0,0.0
0.082975,0.0,-15.0,0.0
0.083,10.0,0.0,-10.0
0.083025,0.0,-15.0,-10.0
0.08305,10.0,-5.0,0.0
0.083075,15.0,-20.0,-15.0
0.0831,10.0,-5.0,0.0
0.083125,10.0,-5.0,-10.0
0.08315,10.0,-15.0,5.0
0.083175,10.0,-15.0,0.0
0.0832,-5.0,-5.0,0.0
0.083225,0.0,-5.0,-10.0
0.08325,0.0,-5.0,0.0
0.083275,20.0,-5.0,0.0
0.0833,0.0,-5.0,5.0
0.083325,10.0,-5.0,0.0
0.08335,0.0,-15.0,-10.0
0.083375,0.0,-15.0,0.0
0.0834,-10.0,0.0,0.0
0.083425,10.0,-5.0,-10.0
0.08345,-5.0,-15.0,-10.0
0.083475,10.0,-5.0,0.0
0.0835,10.0,-5.0,-10.0
0.083525,10.0,-15.0,0.0
0.08355,10.0,-15.0,0.0
0.083575,0.0,-5.0,0.0
0.0836,0.0,0.0,0.0
0.083625,0.0,-5.0,0.0
0.08365,-5.0,-5.0,-10.0
0.083675,0.0,-5.0,-20.0
0.0837,0.0,-15.0,-15.0
0.083725,10.0,-25.0,-15.0
0.08375,0.0,-15.0,-10.0
0.083775,10.0,-15.0,-10.0
0.0838,0.0,-5.0,-10.0
0.083825,-5.0,-20.0,10.0
0.08385,-10.0,-5.0,0.0
0.083875,-5.0,-5.0,5.0
0.0839,0.0,0.0,0.0
0.083925,25.0,-15.0,0.0
0.08395,0.0,-15.0,0.0
0.083975,10.0,-5.0,0.0
0.084,0.0,-20.0,0.0
0.084025,0.0,-15.0,-15.0
0.08405,-5.0,0.0,-10.0
0.084075,0.0,-5.0,-15.0
0.0841,0.0,-20.0,-10.0
0.084125,0.0,-15.0,-10.0
0.08415,0.0,-20.0,-10.0
0.084175,0.0,-15.0,-15.0
0.0842,10.0,-5.0,-15.0
0.084225,10.0,-5.0,-10.0
0.08425,0.0,0.0,-10.0
0.084275,-5.0,-5.0,0.0
0.0843,0.0,-5.0,0.0
0.084325,0.0,-20.0,-15.0
0.08435,10.0,-5.0,-20.0
0.084375,15.0,-20.0,-15.0
0.0844,0.0,-15.0,-10.0
0.084425,0.0,-5.0,-10.0
0.08445,10.0,-5.0,-10.0
0.084475,-5.0,-20.0,0.0
0.0845,-5.0,-5.0,10.0
0.084525,10.0,-5.0,5.0
0.08455,10.0,0.0,0.0
0.084575,15.0,-5.0,-10.0
0.0846,0.0,-15.0,0.0
0.084625,10.0,-15.0,0.0
0.08465,10.0,-20.0,-10.0
0.084675,0.0,0.0,5.0
0.0847,-5.0,0.0,-10.0
0.084725,0.0,-15.0,-15.0
0.08475,0.0,0.0,-10.0
0.084775,10.0,-15.0,5.0
0.0848,-5.0,-15.0,0.0
0.084825,0.0,-15.0,-10.0
0.08485,0.0,-5.0,-15.0
0.084875,10.0,0.0,-10.0
0.0849,-5.0,0.0,0.0
0.084925,-5.0,-5.0,-10.0
0.08495,0.0,0.0,-10.0
0.084975,-5.0,-15.0,-10.0
0.085,10.0,-5.0,-10.0
0.085025,0.0,-20.0,-15.0
0.08505,10.0,-5.0,-15.0
0.085075,10.0,-15.0,-10.0
0.0851,10.0,-5.0,-10.0
0.085125,-5.0,-15.0,-10.0
0.08515,0.0,-5.0,0.0
0.085175,0.0,-5.0,10.0
0.0852,0.0,-5.0,0.0
0.085225,15.0,0.0,0.0
0.08525,-5.0,-15.0,0.0
0.085275,0.0,-5.0,-10.0
0.0853,10.0,-5.0,-10.0
0.085325,0.0,-5.0,-10.0
0.08535,0.0,0.0,0.0
0.085375,-5.0,-5.0,-15.0
0.0854,0.0,0.0,-15.0
0.085425,10.0,-5.0,-10.0
0.08545,0.0,-20.0,-15.0
0.085475,10.0,-15.0,-10.0
0.0855,10.0,-15.0,0.0
0.085525,-5.0,-15.0,-15.0
0.08555,0.0,0.0,0.0
0.085575,0.0,-5.0,-15.0
0.0856,0.0,0.0,5.0
0.085625,10.0,0.0,0.0
0.08565,0.0,-5.0,0.0
0.085675,10.0,-20.0,-10.0
0.0857,0.0,-15.0,-15.0
0.085725,10.0,-15.0,-10.0
0.08575,0.0,-5.0,-10.0
0.085775,-5.0,-15.0,-10.0
0.0858,-10.0,-5.0,-10.0
0.085825,-5.0,-5.0,0.0
0.08585,0.0,-5.0,10.0
0.085875,0.0,-5.0,10.0
0.0859,0.0,-15.0,0.0
0.085925,-5.0,-15.0,-10.0
0.08595,0.0,-5.0,-10.0
0.085975,0.0,0.0,5.0
0.086,-5.0,-5.0,-15.0
0.086025,-5.0,-5.0,0.0
0.08605,0.0,0.0,-15.0
0.086075,0.0,-15.0,-10.0
0.0861,0.0,-25.0,-15.0
0.086125,0.0,-15.0,-10.0
0.08615,10.0,-5.0,-10.0
0.086175,10.0,-15.0,0.0
0.0862,0.0,-5.0,-20.0
0.086225,-5.0,-5.0,-10.0
0.08625,0.0,0.0,-10.0
0.086275,0.0,0.0,-10.0
0.0863,15.0,0.0,0.0
0.086325,10.0,-15.0,-10.0
0.08635,0.0,-15.0,-10.0
0.086375,10.0,-5.0,-15.0
0.0864,10.0,-15.0,-10.0
0.086425,-15.0,-15.0,-10.0
0.08645,-5.0,-15.0,-10.0
0.086475,0.0,-5.0,-10.0
0.0865,0.0,-5.0,-10.0
0.086525,0.0,-15.0,10.0
0.08655,0.0,-15.0,0.0
0.086575,-5.0,-15.0,-10.0
0.0866,0.0,-15.0,0.0
0.086625,10.0,0.0,-10.0
0.08665,-5.0,-5.0,-10.0
0.086675,-5.0,-5.0,0.0
0.0867,0.0,-5.0,-10.0
0.086725,0.0,-5.0,-15.0
0.08675,0.0,-20.0,-15.0
0.086775,0.0,-15.0,-10.0
0.0868,0.0,-15.0,0.0
0.086825,0.0,-5.0,0.0
0.08685,0.0,-5.0,-10.0
0.086875,-10.0,0.0,-10.0
0.0869,-5.0,0.0,0.0
0.086925,0.0,0.0,0.0
0.08695,15.0,-5.0,-10.0
0.086975,0.0,-15.0,0.0
0.087,0.0,-15.0,-10.0
0.087025,0.0,-5.0,0.0
0.08705,-5.0,-15.0,-20.0
0.087075,-10.0,0.0,-10.0
0.0871,-5.0,-15.0,-15.0
0.087125,-5.0,-20.0,-15.0
0.08715,0.0,0.0,0.0
0.087175,0.0,-15.0,-10.0
0.0872,0.0,-20.0,5.0
0.087225,0.0,-5.0,5.0
0.08725,0.0,-15.0,0.0
0.087275,10.0,0.0,5.0
0.0873,-5.0,0.0,0.0
0.087325,-5.0,-5.0,0.0
0.08735,-10.0,-5.0,0.0
0.087375,0.0,-5.0,0.0
0.0874,0.0,-20.0,-10.0
0.087425,0.0,-5.0,0.0
0.08745,0.0,-15.0,-10.0
0.087475,0.0,-5.0,0.0
0.0875,0.0,-20.0,0.0
0.087525,-5.0,-5.0,-10.0
0.08755,0.0,-15.0,-15.0
0.087575,0.0,-5.0,0.0
0.0876,15.0,-5.0,-10.0
0.087625,-5.0,-15.0,0.0
0.08765,0.0,-5.0,-10.0
0.087675,0.0,-5.0,0.0
0.0877,-5.0,-15.0,10.0
0.087725,-15.0,0.0,-15.0
0.08775,-5.0,0.0,-10.0
0.087775,-10.0,0.0,-10.0
0.0878,-5.0,0.0,0.0
0.087825,-5.0,-5.0,0.0
0.08785,10.0,-20.0,-10.0
0.087875,0.0,-15.0,10.0
0.0879,0.0,-5.0,0.0
0.087925,-5.0,5.0,0.0
0.08795,0.0,-5.0,-10.0
0.087975,0.0,-5.0,5.0
0.088,0.0,-5.0,0.0
0.088025,0.0,0.0,5.0
0.08805,10.0,-25.0,0.0
0.088075,0.0,-15.0,-10.0
0.0881,-5.0,-15.0,-15.0
0.088125,10.0,-5.0,-15.0
0.08815,10.0,-5.0,0.0
0.088175,-5.0,-5.0,-10.0
0.0882,0.0,-5.0,0.0
0.088225,0.0,0.0,-10.0
0.08825,15.0,-5.0,0.0
0.088275,-5.0,-5.0,0.0
0.0883,0.0,-15.0,5.0
0.088325,-10.0,-15.0,0.0
0.08835,0.0,-15.0,0.0
0.088375,-15.0,0.0,0.0
0.0884,0.0,-15.0,-15.0
0.088425,-5.0,-5.0,-10.0
0.08845,10.0,-5.0,0.0
0.088475,-5.0,-5.0,-10.0
0.0885,0.0,-20.0,-10.0
0.088525,0.0,-15.0,0.0
0.08855,0.0,-5.0,5.0
0.088575,-5.0,10.0,0.0
0.0886,0.0,0.0,-10.0
0.088625,-5.0,0.0,5.0
0.08865,-5.0,-5.0,0.0
0.088675,0.0,0.0,0.0
0.0887,0.0,-25.0,0.0
0.088725,-5.0,-15.0,0.0
0.08875,10.0,-20.0,-10.0
0.088775,0.0,-15.0,0.0
0.0888,-5.0,-20.0,0.0
0.088825,-10.0,-5.0,0.0
0.08885,0.0,-5.0,0.0
0.088875,-5.0,-5.0,5.0
0.0889,20.0,-5.0,-10.0
0.088925,-5.0,-15.0,-10.0
0.08895,0.0,-15.0,0.0
0.088975,-5.0,-15.0,0.0
0.089,0.0,-5.0,5.0
0.089025,-5.0,0.0,0.0
0.08905,-5.0,-5.0,0.0
0.089075,-5.0,-5.0,-10.0
0.0891,-5.0,0.0,0.0
0.089125,-5.0,-15.0,-10.0
0.08915,0.0,-15.0,-10.0
0.089175,0.0,-15.0,-10.0
0.0892,0.0,-15.0,-10.0
0.089225,0.0,5.0,15.0
0.08925,-5.0,-5.0,5.0
0.089275,-5.0,-5.0,0.0
0.0893,0.0,-5.0,-10.0
0.089325,0.0,-5.0,10.0
0.08935,10.0,-20.0,0.0
0.089375,0.0,-15.0,0.0
0.0894,-5.0,-15.0,0.0
0.089425,0.0,-5.0,-15.0
0.08945,-5.0,-20.0,0.0
0.089475,-10.0,-15.0,0.0
0.0895,-5.0,-5.0,0.0
0.089525,0.0,-15.0,-10.0
0.08955,20.0,0.0,0.0
0.089575,-5.0,-15.0,-10.0
0.0896,10.0,-15.0,-10.0
0.089625,0.0,-5.0,5.0
0.08965,0.0,-5.0,0.0
0.089675,-15.0,-5.0,0.0
0.0897,-10.0,-15.0,5.0
0.089725,0.0,-5.0,0.0
0.08975,0.0,-5.0,-10.0
0.089775,0.0,0.0,-15.0
0.0898,0.0,-15.0,-10.0
0.089825,0.0,-15.0,-10.0
0.08985,0.0,-5.0,-15.0
0.089875,0.0,0.0,-15.0
0.0899,0.0,0.0,10.0
0.089925,10.0,-5.0,-10.0
0.08995,10.0,0.0,-15.0
0.089975,15.0,0.0,-20.0
0.09,15.0,-15.0,-20.0
0.090025,15.0,0.0,-30.0
0.09005,10.0,5.0,-25.0
0.090075,20.0,5.0,-30.0
0.0901,15.0,0.0,-45.0
0.090125,20.0,10.0,-45.0
0.09015,25.0,10.0,-45.0
0.090175,25.0,15.0,-55.0
0.0902,30.0,25.0,-60.0
0.090225,30.0,15.0,-60.0
0.09025,30.0,15.0,-75.0
0.090275,40.0,25.0,-80.0
0.0903,40.0,35.0,-75.0
0.090325,40.0,35.0,-80.0
0.09035,45.0,35.0,-90.0
0.090375,55.0,40.0,-95.0
0.0904,55.0,40.0,-105.0
0.090425,55.0,40.0,-130.0
0.09045,60.0,40.0,-130.0
0.090475,60.0,45.0,-135.0
0.0905,70.0,55.0,-145.0
0.090525,75.0,70.0,-140.0
0.09055,75.0,65.0,-155.0
0.090575,75.0,70.0,-145.0
0.0906,85.0,75.0,-165.0
0.090625,90.0,75.0,-175.0
0.09065,95.0,65.0,-180.0
0.090675,100.0,85.0,-190.0
0.0907,105.0,85.0,-200.0
0.090725,105.0,90.0,-205.0
0.09075,100.0,90.0,-220.0
0.090775,105.0,100.0,-230.0
0.0908,105.0,100.0,-245.0
0.090825,120.0,115.0,-250.0
0.09085,135.0,120.0,-260.0
0.090875,130.0,105.0,-270.0
0.0909,145.0,120.0,-275.0
0.090925,140.0,125.0,-285.0
0.09095,145.0,130.0,-290.0
0.090975,140.0,145.0,-305.0
0.091,150.0,145.0,-305.0
0.091025,150.0,145.0,-310.0
0.09105,160.0,145.0,-325.0
0.091075,170.0,150.0,-330.0
0.0911,170.0,155.0,-345.0
0.091125,170.0,160.0,-355.0
0.09115,180.0,165.0,-355.0
0.091175,185.0,170.0,-365.0
0.0912,180.0,175.0,-380.0
0.091225,185.0,180.0,-385.0
0.09125,185.0,185.0,-370.0
0.091275,200.0,185.0,-395.0
0.0913,200.0,180.0,-405.0
0.091325,205.0,185.0,-405.0
0.09135,205.0,190.0,-420.0
0.091375,210.0,205.0,-420.0
0.0914,210.0,200.0,-430.0
0.091425,215.0,210.0,-435.0
0.09145,220.0,215.0,-455.0
0.091475,225.0,215.0,-455.0
0.0915,235.0,215.0,-465.0
0.091525,230.0,215.0,-465.0
0.09155,235.0,220.0,-475.0
0.091575,240.0,230.0,-485.0
0.0916,255.0,245.0,-500.0
0.091625,240.0,245.0,-500.0
0.09165,255.0,245.0,-510.0
0.091675,250.0,245.0,-510.0
0.0917,265.0,250.0,-515.0
0.091725,265.0,245.0,-520.0
0.09175,270.0,250.0,-535.0
0.091775,275.0,250.0,-550.0
0.0918,280.0,255.0,-540.0
0.091825,280.0,265.0,-550.0
0.09185,275.0,265.0,-560.0
0.091875,280.0,270.0,-560.0
0.0919,290.0,275.0,-570.0
0.091925,300.0,280.0,-570.0
0.09195,295.0,285.0,-570.0
0.091975,295.0,280.0,-575.0
0.092,300.0,275.0,-595.0
0.092025,295.0,290.0,-595.0
0.09205,290.0,295.0,-595.0
0.092075,300.0,290.0,-615.0
0.0921,300.0,295.0,-615.0
0.092125,310.0,295.0,-630.0
0.09215,315.0,300.0,-625.0
0.092175,315.0,295.0,-635.0
0.0922,315.0,305.0,-635.0
0.092225,315.0,305.0,-635.0
0.09225,325.0,315.0,-645.0
0.092275,320.0,315.0,-660.0
0.0923,320.0,315.0,-650.0
0.092325,330.0,315.0,-660.0
0.09235,330.0,315.0,-665.0
0.092375,335.0,310.0,-665.0
0.0924,330.0,320.0,-670.0
0.092425,335.0,325.0,-675.0
0.09245,335.0,325.0,-685.0
0.092475,340.0,330.0,-690.0
0.0925,330.0,330.0,-685.0
0.092525,335.0,335.0,-695.0
0.09255,335.0,335.0,-695.0
0.092575,350.0,350.0,-700.0
0.0926,340.0,350.0,-700.0
0.092625,340.0,355.0,-705.0
0.09265,340.0,370.0,-720.0
0.092675,340.0,375.0,-730.0
0.0927,330.0,385.0,-730.0
0.092725,335.0,395.0,-740.0
0.09275,325.0,400.0,-750.0
0.092775,330.0,410.0,-755.0
0.0928,325.0,420.0,-770.0
0.092825,335.0,420.0,-775.0
0.09285,325.0,430.0,-775.0
0.092875,325.0,440.0,-785.0
0.0929,320.0,460.0,-790.0
0.092925,310.0,470.0,-800.0
0.09295,310.0,475.0,-805.0
0.092975,315.0,485.0,-810.0
0.093,315.0,495.0,-815.0
0.093025,310.0,490.0,-820.0
0.09305,305.0,510.0,-830.0
0.093075,305.0,520.0,-830.0
0.0931,295.0,530.0,-845.0
0.093125,300.0,535.0,-860.0
0.09315,295.0,550.0,-860.0
0.093175,290.0,555.0,-865.0
0.0932,290.0,560.0,-865.0
0.093225,300.0,565.0,-875.0
0.09325,290.0,575.0,-880.0
0.093275,285.0,590.0,-875.0
0.0933,275.0,605.0,-885.0
0.093325,275.0,605.0,-900.0
0.09335,260.0,620.0,-895.0
0.093375,270.0,625.0,-905.0
0.0934,270.0,635.0,-910.0
0.093425,265.0,645.0,-920.0
0.09345,260.0,650.0,-925.0
0.093475,260.0,655.0,-930.0
0.0935,255.0,665.0,-930.0
0.093525,255.0,670.0,-935.0
0.09355,240.0,695.0,-940.0
0.093575,240.0,690.0,-945.0
0.0936,230.0,695.0,-950.0
0.093625,240.0,710.0,-965.0
0.09365,230.0,720.0,-960.0
0.093675,230.0,710.0,-970.0
0.0937,220.0,730.0,-970.0
0.093725,215.0,735.0,-970.0
0.09375,215.0,745.0,-975.0
0.093775,215.0,750.0,-975.0
0.0938,205.0,760.0,-990.0
0.093825,205.0,765.0,-995.0
0.09385,205.0,780.0,-985.0
0.093875,210.0,780.0,-995.0
0.0939,195.0,785.0,-1000.0
0.093925,190.0,785.0,-995.0
0.09395,190.0,795.0,-990.0
0.093975,180.0,805.0,-1000.0
0.094,170.0,820.0,-1005.0
0.094025,170.0,825.0,-1005.0
0.09405,170.0,830.0,-1010.0
0.094075,165.0,835.0,-1020.0
0.0941,160.0,845.0,-1020.0
0.094125,165.0,845.0,-1020.0
0.09415,155.0,845.0,-1030.0
0.094175,155.0,850.0,-1025.0
0.0942,145.0,875.0,-1030.0
0.094225,140.0,865.0,-1030.0
0.09425,140.0,880.0,-1030.0
0.094275,135.0,880.0,-1030.0
0.0943,140.0,885.0,-1040.0
0.094325,140.0,880.0,-1035.0
0.09435,120.0,890.0,-1030.0
0.094375,120.0,900.0,-1030.0
0.0944,115.0,905.0,-1035.0
0.094425,100.0,905.0,-1035.0
0.09445,100.0,915.0,-1040.0
0.094475,100.0,915.0,-1045.0
0.0945,100.0,930.0,-1045.0
0.094525,110.0,925.0,-1035.0
0.09455,95.0,930.0,-1040.0
0.094575,95.0,930.0,-1040.0
0.0946,80.0,945.0,-1035.0
0.094625,85.0,945.0,-1030.0
0.09465,65.0,955.0,-1035.0
0.094675,70.0,955.0,-1035.0
0.0947,70.0,960.0,-1035.0
0.094725,65.0,965.0,-1035.0
0.09475,60.0,965.0,-1030.0
0.094775,65.0,960.0,-1035.0
0.0948,55.0,970.0,-1040.0
0.094825,55.0,970.0,-1040.0
0.09485,50.0,985.0,-1040.0
0.094875,40.0,975.0,-1040.0
0.0949,40.0,985.0,-1040.0
0.094925,40.0,980.0,-1035.0
0.09495,40.0,985.0,-1035.0
0.094975,40.0,980.0,-1035.0
0.095,30.0,985.0,-1030.0
0.095025,30.0,990.0,-1030.0
0.09505,30.0,990.0,-1030.0
0.095075,20.0,990.0,-1025.0
0.0951,15.0,1000.0,-1035.0
0.095125,15.0,1000.0,-1025.0
0.09515,10.0,1005.0,-1030.0
0.095175,20.0,1000.0,-1025.0
0.0952,10.0,995.0,-1025.0
0.095225,0.0,995.0,-1015.0
0.09525,0.0,995.0,-1015.0
0.095275,-5.0,1000.0,-1015.0
0.0953,-20.0,1005.0,-1005.0
0.095325,-20.0,1005.0,-1010.0
0.09535,-20.0,1005.0,-1005.0
0.095375,-20.0,1010.0,-1000.0
0.0954,-30.0,1005.0,-1000.0
0.095425,-25.0,1000.0,-1000.0
0.09545,-25.0,1000.0,-990.0
0.095475,-25.0,1005.0,-990.0
0.0955,-25.0,1015.0,-995.0
0.095525,-35.0,1005.0,-985.0
0.09555,-40.0,1015.0,-985.0
0.095575,-45.0,1005.0,-980.0
0.0956,-40.0,1005.0,-975.0
0.095625,-35.0,995.0,-980.0
0.09565,-45.0,1005.0,-975.0
0.095675,-55.0,1005.0,-960.0
0.0957,-50.0,1000.0,-960.0
0.095725,-65.0,1000.0,-945.0
0.09575,-65.0,1005.0,-945.0
0.095775,-60.0,1005.0,-945.0
0.0958,-65.0,1000.0,-940.0
0.095825,-60.0,995.0,-945.0
0.09585,-70.0,990.0,-930.0
0.095875,-70.0,995.0,-930.0
0.0959,-80.0,995.0,-925.0
0.095925,-80.0,995.0,-920.0
0.09595,-100.0,995.0,-915.0
0.095975,-90.0,985.0,-895.0
0.096,-90.0,990.0,-900.0
0.096025,-95.0,985.0,-900.0
0.09605,-100.0,970.0,-895.0
0.096075,-95.0,975.0,-890.0
0.0961,-100.0,975.0,-885.0
0.096125,-100.0,970.0,-880.0
0.09615,-105.0,985.0,-880.0
0.096175,-120.0,970.0,-880.0
0.0962,-120.0,970.0,-865.0
0.096225,-125.0,965.0,-865.0
0.09625,-120.0,965.0,-855.0
0.096275,-120.0,950.0,-845.0
0.0963,-125.0,945.0,-845.0
0.096325,-130.0,950.0,-840.0
0.09635,-130.0,950.0,-830.0
0.096375,-145.0,940.0,-820.0
0.0964,-140.0,950.0,-815.0
0.096425,-145.0,930.0,-810.0
0.09645,-145.0,930.0,-795.0
0.096475,-140.0,930.0,-795.0
0.0965,-150.0,925.0,-790.0
0.096525,-150.0,910.0,-790.0
0.09655,-155.0,920.0,-780.0
0.096575,-160.0,915.0,-770.0
0.0966,-165.0,910.0,-770.0
0.096625,-160.0,905.0,-750.0
0.09665,-170.0,900.0,-740.0
0.096675,-165.0,895.0,-735.0
0.0967,-170.0,885.0,-730.0
0.096725,-170.0,885.0,-725.0
0.09675,-180.0,880.0,-710.0
0.096775,-180.0,875.0,-700.0
0.0968,-175.0,870.0,-695.0
0.096825,-185.0,865.0,-690.0
0.09685,-190.0,860.0,-685.0
0.096875,-190.0,860.0,-685.0
0.0969,-185.0,845.0,-675.0
0.096925,-185.0,840.0,-660.0
0.09695,-195.0,835.0,-655.0
0.096975,-195.0,830.0,-640.0
0.097,-195.0,825.0,-645.0
0.097025,-220.0,810.0,-630.0
0.09705,-205.0,805.0,-620.0
0.097075,-210.0,805.0,-620.0
0.0971,-210.0,805.0,-605.0
0.097125,-210.0,800.0,-605.0
0.09715,-220.0,785.0,-580.0
0.097175,-215.0,780.0,-580.0
0.0972,-215.0,775.0,-570.0
0.097225,-220.0,775.0,-555.0
0.09725,-230.0,765.0,-550.0
0.097275,-230.0,755.0,-540.0
0.0973,-225.0,755.0,-530.0
0.097325,-225.0,745.0,-510.0
0.09735,-240.0,725.0,-505.0
0.097375,-240.0,725.0,-505.0
0.0974,-245.0,715.0,-495.0
0.097425,-250.0,710.0,-490.0
0.09745,-245.0,715.0,-475.0
0.097475,-260.0,695.0,-465.0
0.0975,-250.0,690.0,-455.0
0.097525,-255.0,690.0,-450.0
0.09755,-245.0,675.0,-440.0
0.097575,-255.0,660.0,-430.0
0.0976,-255.0,660.0,-425.0
0.097625,-255.0,660.0,-410.0
0.09765,-265.0,645.0,-405.0
0.097675,-275.0,640.0,-400.0
0.0977,-265.0,640.0,-380.0
0.097725,-265.0,635.0,-375.0
0.09775,-265.0,620.0,-375.0
0.097775,-265.0,620.0,-355.0
0.0978,-270.0,605.0,-345.0
0.097825,-270.0,600.0,-335.0
0.09785,-270.0,595.0,-335.0
0.097875,-270.0,595.0,-330.0
0.0979,-280.0,575.0,-315.0
0.097925,-275.0,570.0,-310.0
0.09795,-275.0,565.0,-300.0
0.097975,-275.0,555.0,-300.0
0.098,-270.0,540.0,-280.0
0.098025,-275.0,540.0,-285.0
0.09805,-275.0,535.0,-275.0
0.098075,-270.0,535.0,-275.0
0.0981,-265.0,535.0,-270.0
0.098125,-280.0,530.0,-270.0
0.09815,-265.0,525.0,-265.0
0.098175,-265.0,520.0,-270.0
0.0982,-255.0,515.0,-275.0
0.098225,-265.0,510.0,-270.0
0.09825,-260.0,510.0,-260.0
0.098275,-260.0,500.0,-265.0
0.0983,-260.0,505.0,-260.0
0.098325,-265.0,500.0,-255.0
0.09835,-260.0,500.0,-260.0
0.098375,-255.0,490.0,-255.0
0.0984,-255.0,495.0,-250.0
0.098425,-255.0,485.0,-245.0
0.09845,-250.0,470.0,-245.0
0.098475,-255.0,475.0,-245.0
0.0985,-240.0,475.0,-235.0
0.098525,-245.0,480.0,-245.0
0.09855,-250.0,460.0,-235.0
0.098575,-255.0,470.0,-230.0
0.0986,-250.0,460.0,-230.0
0.098625,-250.0,450.0,-220.0
0.09865,-245.0,435.0,-215.0
0.098675,-255.0,450.0,-200.0
0.0987,-255.0,440.0,-200.0
0.098725,-255.0,445.0,-200.0
0.09875,-250.0,435.0,-205.0
0.098775,-260.0,445.0,-205.0
0.0988,-255.0,435.0,-195.0
0.098825,-255.0,435.0,-190.0
0.09885,-250.0,435.0,-185.0
0.098875,-245.0,425.0,-190.0
0.0989,-255.0,425.0,-190.0
0.098925,-255.0,415.0,-185.0
0.09895,-255.0,420.0,-180.0
0.098975,-265.0,425.0,-175.0
0.099,-260.0,415.0,-175.0
0.099025,-255.0,415.0,-175.0
0.09905,-250.0,405.0,-165.0
0.099075,-260.0,405.0,-160.0
0.0991,-250.0,390.0,-160.0
0.099125,-255.0,395.0,-155.0
0.09915,-250.0,395.0,-150.0
0.099175,-255.0,400.0,-150.0
0.0992,-250.0,380.0,-155.0
0.099225,-250.0,380.0,-145.0
0.09925,-250.0,380.0,-140.0
0.099275,-245.0,375.0,-130.0
0.0993,-240.0,355.0,-130.0
0.099325,-245.0,360.0,-130.0
0.09935,-240.0,360.0,-110.0
0.099375,-245.0,355.0,-115.0
0.0994,-245.0,340.0,-125.0
0.099425,-250.0,340.0,-125.0
0.09945,-240.0,340.0,-115.0
0.099475,-240.0,340.0,-105.0
0.0995,-220.0,330.0,-100.0
0.099525,-230.0,325.0,-100.0
0.09955,-225.0,315.0,-110.0
0.099575,-225.0,315.0,-105.0
0.0996,-225.0,310.0,-95.0
0.099625,-230.0,310.0,-95.0
0.09965,-220.0,300.0,-90.0
0.099675,-215.0,295.0,-90.0
0.0997,-215.0,290.0,-90.0
0.099725,-215.0,280.0,-80.0
0.09975,-205.0,270.0,-80.0
0.099775,-200.0,270.0,-75.0
0.0998,-195.0,265.0,-75.0
0.099825,-190.0,275.0,-65.0
0.09985,-190.0,260.0,-70.0
0.099875,-195.0,255.0,-75.0
0.0999,-185.0,250.0,-65.0
0.099925,-185.0,235.0,-60.0
0.09995,-175.0,210.0,-60.0
0.099975,-180.0,220.0,-55.0
0.1,-170.0,205.0,-55.0
0.100025,-165.0,205.0,-40.0
0.10005,-165.0,195.0,-55.0
0.100075,-165.0,200.0,-50.0
0.1001,-160.0,195.0,-50.0
0.100125,-145.0,185.0,-45.0
0.10015,-135.0,175.0,-40.0
0.100175,-140.0,165.0,-35.0
0.1002,-135.0,160.0,-40.0
0.100225,-125.0,155.0,-45.0
0.10025,-125.0,150.0,-35.0
0.100275,-135.0,145.0,-30.0
0.1003,-125.0,135.0,-35.0
0.100325,-110.0,125.0,-35.0
0.10035,-105.0,125.0,-30.0
0.100375,-110.0,115.0,-35.0
0.1004,-85.0,100.0,-25.0
0.100425,-95.0,95.0,-20.0
0.10045,-85.0,90.0,-20.0
0.100475,-75.0,95.0,-15.0
0.1005,-75.0,75.0,-20.0
0.100525,-75.0,75.0,-15.0
0.10055,-65.0,70.0,-25.0
0.100575,-60.0,60.0,-15.0
0.1006,-50.0,40.0,-20.0
0.100625,-50.0,40.0,-15.0
0.10065,-40.0,40.0,-10.0
0.100675,-40.0,35.0,0.0
0.1007,-40.0,15.0,10.0
0.100725,-40.0,25.0,10.0
0.10075,-35.0,20.0,5.0
0.100775,-30.0,15.0,5.0
0.1008,-10.0,20.0,5.0
0.100825,-20.0,5.0,10.0
0.10085,-20.0,5.0,10.0
0.100875,-20.0,0.0,10.0
0.1009,-20.0,5.0,0.0
0.100925,-30.0,5.0,5.0
0.10095,-20.0,5.0,0.0
0.100975,-20.0,0.0,5.0
0.101,-15.0,0.0,5.0
0.101025,-20.0,-15.0,5.0
0.10105,-15.0,-5.0,0.0
0.101075,-15.0,-15.0,0.0
0.1011,-15.0,-15.0,5.0
0.101125,-15.0,5.0,5.0
0.10115,-10.0,0.0,10.0
0.101175,-20.0,0.0,0.0
0.1012,-5.0,0.0,0.0
0.101225,-10.0,0.0,-15.0
0.10125,0.0,-15.0,0.0
0.101275,-5.0,-15.0,0.0
0.1013,0.0,0.0,0.0
0.101325,-5.0,-5.0,0.0
0.10135,-5.0,-15.0,0.0
0.101375,-10.0,0.0,15.0
0.1014,-5.0,-5.0,5.0
0.101425,0.0,0.0,0.0
0.10145,10.0,-5.0,0.0
0.101475,-5.0,-20.0,0.0
0.1015,0.0,-15.0,0.0
0.101525,0.0,-15.0,0.0
0.10155,10.0,-5.0,5.0
0.101575,-10.0,-15.0,-10.0
0.1016,0.0,-15.0,-10.0
0.101625,-5.0,-5.0,0.0
0.10165,10.0,-15.0,0.0
0.101675,0.0,-20.0,0.0
0.1017,10.0,-15.0,0.0
0.101725,0.0,-15.0,-10.0
0.10175,0.0,-15.0,-10.0
0.101775,0.0,5.0,5.0
0.1018,0.0,-5.0,-10.0
0.101825,10.0,-5.0,0.0
0.10185,10.0,-5.0,5.0
0.101875,10.0,-15.0,5.0
0.1019,10.0,-30.0,-20.0
0.101925,10.0,-20.0,-15.0
0.10195,10.0,-5.0,-10.0
0.101975,0.0,-5.0,-10.0
0.102,0.0,-15.0,0.0
0.102025,-5.0,-5.0,0.0
0.10205,0.0,-15.0,10.0
0.102075,0.0,-15.0,0.0
0.1021,10.0,-15.0,0.0
0.102125,10.0,-20.0,-10.0
0.10215,0.0,-15.0,0.0
0.102175,10.0,-20.0,0.0
0.1022,10.0,-5.0,0.0
0.102225,-5.0,0.0,0.0
0.10225,10.0,-20.0,-15.0
0.102275,0.0,-15.0,-10.0
0.1023,10.0,-5.0,-10.0
0.102325,10.0,-25.0,-10.0
0.10235,10.0,-20.0,-10.0
0.102375,10.0,-20.0,-10.0
0.1024,0.0,-5.0,-15.0
0.102425,0.0,0.0,-10.0
0.10245,-5.0,-5.0,0.0
0.102475,0.0,-5.0,-10.0
0.1025,10.0,-5.0,0.0
0.102525,15.0,-20.0,-10.0
0.10255,0.0,-25.0,5.0
0.102575,10.0,-20.0,-15.0
0.1026,0.0,-15.0,-15.0
0.102625,15.0,-15.0,0.0
0.10265,-5.0,-15.0,0.0
0.102675,0.0,-15.0,0.0
0.1027,0.0,-15.0,-10.0
0.102725,0.0,-5.0,5.0
0.10275,10.0,-15.0,5.0
0.102775,0.0,-20.0,0.0
0.1028,0.0,-15.0,-10.0
0.102825,10.0,-20.0,0.0
0.10285,10.0,-5.0,-10.0
0.102875,0.0,-5.0,-10.0
0.1029,0.0,-5.0,0.0
0.102925,0.0,-5.0,-15.0
0.10295,10.0,-5.0,-10.0
0.102975,10.0,-25.0,-15.0
0.103,-5.0,-20.0,0.0
0.103025,0.0,-15.0,-10.0
0.10305,0.0,-15.0,0.0
0.103075,-5.0,-5.0,-15.0
0.1031,-5.0,-5.0,0.0
0.103125,10.0,-5.0,-10.0
0.10315,0.0,-15.0,-10.0
0.103175,10.0,-15.0,0.0
0.1032,15.0,-15.0,0.0
0.103225,10.0,-15.0,0.0
0.10325,0.0,-20.0,0.0
0.103275,-5.0,-15.0,-10.0
0.1033,-5.0,0.0,-10.0
0.103325,-5.0,-20.0,-10.0
0.10335,0.0,0.0,-10.0
0.103375,10.0,-5.0,-10.0
0.1034,10.0,-5.0,5.0
0.103425,10.0,-20.0,0.0
0.10345,0.0,-5.0,0.0
0.103475,0.0,-20.0,0.0
0.1035,10.0,0.0,5.0
0.103525,-5.0,-5.0,0.0
0.10355,-5.0,-5.0,0.0
0.103575,0.0,-5.0,0.0
0.1036,10.0,-15.0,-15.0
0.103625,10.0,-25.0,-10.0
0.10365,10.0,-15.0,-15.0
0.103675,0.0,-15.0,-10.0
0.1037,10.0,-5.0,0.0
0.103725,0.0,-20.0,-10.0
0.10375,0.0,-15.0,-15.0
0.103775,0.0,0.0,-10.0
0.1038,0.0,-5.0,-10.0
0.103825,15.0,-5.0,0.0
0.10385,0.0,-15.0,-10.0
0.103875,10.0,-5.0,0.0
0.1039,0.0,-20.0,-10.0
0.103925,10.0,-15.0,-10.0
0.10395,-5.0,-5.0,-10.0
0.103975,0.0,-5.0,-10.0
0.104,0.0,-5.0,0.0
0.104025,10.0,-15.0,0.0
0.10405,0.0,-20.0,-10.0
0.104075,10.0,-20.0,10.0
0.1041,10.0,-5.0,0.0
0.104125,0.0,-5.0,0.0
0.10415,10.0,10.0,0.0
0.104175,-5.0,-5.0,-10.0
0.1042,0.0,-15.0,0.0
0.104225,0.0,-5.0,0.0
0.10425,10.0,-5.0,0.0
0.104275,10.0,-25.0,-15.0
0.1043,10.0,-20.0,-10.0
0.104325,10.0,-15.0,-10.0
0.10435,10.0,-5.0,0.0
0.104375,0.0,-15.0,0.0
0.1044,0.0,-5.0,0.0
0.104425,0.0,-5.0,-15.0
0.10445,0.0,-5.0,-15.0
0.104475,20.0,-5.0,-10.0
0.1045,10.0,-15.0,-10.0
0.104525,0.0,-15.0,-10.0
0.10455,0.0,-15.0,0.0
0.104575,0.0,-5.0,0.0
0.1046,-10.0,-5.0,-20.0
0.104625,-5.0,-15.0,-20.0
0.10465,-5.0,-5.0,-10.0
0.104675,0.0,-15.0,-15.0
0.1047,10.0,-15.0,-10.0
0.104725,10.0,-20.0,0.0
0.10475,0.0,-15.0,5.0
0.104775,0.0,-15.0,5.0
0.1048,10.0,0.0,0.0
0.104825,0.0,-15.0,0.0
0.10485,-5.0,0.0,0.0
0.104875,0.0,0.0,0.0
0.1049,0.0,-5.0,-10.0
0.104925,0.0,-25.0,-10.0
0.10495,10.0,-15.0,-15.0
0.104975,10.0,-15.0,-10.0
0.105,0.0,-15.0,-15.0
0.105025,0.0,-15.0,-10.0
0.10505,-10.0,-5.0,0.0
0.105075,-5.0,-15.0,-10.0
0.1051,10.0,-5.0,-15.0
0.105125,20.0,0.0,-10.0
0.10515,0.0,-15.0,-10.0
0.105175,0.0,-5.0,-10.0
0.1052,15.0,-15.0,-10.0
0.105225,0.0,-5.0,-10.0
0.10525,-15.0,0.0,-10.0
0.105275,-5.0,-15.0,-15.0
0.1053,-5.0,0.0,0.0
0.105325,0.0,-5.0,-10.0
0.10535,-5.0,-15.0,-10.0
0.105375,0.0,-15.0,-10.0
0.1054,0.0,-20.0,0.0
0.105425,10.0,-5.0,10.0
0.10545,-5.0,10.0,5.0
0.105475,0.0,-20.0,0.0
0.1055,-5.0,-5.0,-10.0
0.105525,0.0,0.0,0.0
0.10555,-5.0,-5.0,-10.0
0.105575,10.0,-25.0,0.0
0.1056,0.0,-15.0,0.0
0.105625,0.0,-20.0,-15.0
0.10565,-5.0,-5.0,-10.0
0.105675,10.0,-15.0,0.0
0.1057,-5.0,0.0,0.0
0.105725,0.0,-15.0,0.0
0.10575,10.0,-5.0,-10.0
0.105775,20.0,0.0,-10.0
0.1058,0.0,-5.0,0.0
0.105825,10.0,-5.0,0.0
0.10585,0.0,0.0,0.0
0.105875,0.0,-15.0,-10.0
0.1059,-10.0,0.0,-10.0
0.105925,0.0,0.0,-10.0
0.10595,0.0,0.0,-15.0
0.105975,0.0,-5.0,-10.0
0.106,0.0,-15.0,0.0
0.106025,0.0,-15.0,-15.0
0.10605,0.0,-5.0,0.0
0.106075,0.0,-5.0,-10.0
0.1061,0.0,5.0,10.0
0.106125,0.0,-5.0,5.0
0.10615,-5.0,-5.0,0.0
0.106175,0.0,-5.0,0.0
0.1062,0.0,-5.0,5.0
0.106225,15.0,-20.0,-10.0
0.10625,0.0,-15.0,0.0
0.106275,10.0,-15.0,-10.0
0.1063,10.0,-5.0,-10.0
0.106325,-5.0,-15.0,-10.0
0.10635,-5.0,-15.0,-10.0
0.106375,0.0,-5.0,0.0
0.1064,0.0,-5.0,-10.0
0.106425,10.0,-5.0,-10.0
0.10645,-5.0,-5.0,-15.0
0.106475,10.0,-15.0,-15.0
0.1065,10.0,-5.0,0.0
0.106525,10.0,-5.0,0.0
0.10655,-15.0,0.0,0.0
0.106575,-5.0,-15.0,-10.0
0.1066,0.0,0.0,0.0
0.106625,0.0,-5.0,-20.0
0.10665,-5.0,-15.0,-10.0
0.106675,0.0,-20.0,-10.0
0.1067,10.0,-5.0,0.0
0.106725,10.0,-15.0,0.0
0.10675,0.0,0.0,0.0
0.106775,-5.0,-5.0,10.0
0.1068,-5.0,-5.0,0.0
0.106825,-5.0,-5.0,0.0
0.10685,10.0,-15.0,0.0
0.106875,10.0,-25.0,-10.0
0.1069,-5.0,-15.0,0.0
0.106925,0.0,0.0,0.0
0.10695,0.0,-5.0,0.0
0.106975,-5.0,-20.0,-10.0
0.107,-10.0,-5.0,-15.0
0.107025,0.0,-5.0,-10.0
0.10705,-5.0,-5.0,0.0
0.107075,15.0,-15.0,-10.0
0.1071,0.0,-15.0,-10.0
0.107125,0.0,-15.0,-15.0
0.10715,-5.0,0.0,0.0
0.107175,0.0,-5.0,0.0
0.1072,-10.0,0.0,-10.0
0.107225,-10.0,-15.0,0.0
0.10725,-5.0,0.0,0.0
0.107275,0.0,-5.0,0.0
0.1073,-5.0,-15.0,-10.0
0.107325,10.0,-15.0,-10.0
0.10735,0.0,-15.0,0.0
0.107375,10.0,-5.0,-10.0
0.1074,0.0,0.0,-10.0
0.107425,-5.0,-5.0,-10.0
0.10745,0.0,0.0,10.0
0.107475,0.0,0.0,0.0
0.1075,0.0,-15.0,0.0
0.107525,0.0,-20.0,0.0
0.10755,0.0,-20.0,0.0
0.107575,0.0,-15.0,-10.0
0.1076,0.0,-5.0,5.0
0.107625,-10.0,-5.0,0.0
0.10765,0.0,0.0,-10.0
0.107675,-5.0,-5.0,-10.0
0.1077,0.0,-5.0,-10.0
0.107725,10.0,-5.0,0.0
0.10775,0.0,-20.0,-10.0
0.107775,0.0,-15.0,-10.0
0.1078,0.0,-5.0,0.0
0.107825,0.0,0.0,5.0
0.10785,-15.0,-5.0,0.0
0.107875,-5.0,-5.0,-10.0
0.1079,0.0,0.0,0.0
0.107925,-5.0,-5.0,0.0
0.10795,0.0,-15.0,0.0
0.107975,0.0,-5.0,-15.0
0.108,0.0,-5.0,-10.0
0.108025,10.0,-5.0,-10.0
0.10805,0.0,0.0,5.0
0.108075,-5.0,-5.0,0.0
0.1081,0.0,-5.0,5.0
0.108125,10.0,-5.0,10.0
0.10815,10.0,0.0,10.0
0.108175,10.0,-15.0,0.0
0.1082,-5.0,-5.0,10.0
0.108225,0.0,-20.0,-10.0
0.10825,-5.0,0.0,0.0
0.108275,-10.0,-5.0,0.0
0.1083,0.0,-5.0,5.0
0.108325,0.0,-5.0,-15.0
0.10835,10.0,-5.0,-10.0
0.108375,0.0,-5.0,-15.0
0.1084,0.0,-15.0,0.0
0.108425,0.0,-15.0,5.0
0.10845,0.0,-15.0,0.0
0.108475,-5.0,-5.0,-15.0
0.1085,-10.0,0.0,-10.0
0.108525,-5.0,-15.0,-10.0
0.10855,0.0,-5.0,0.0
0.108575,0.0,-5.0,5.0
0.1086,-5.0,-20.0,-10.0
0.108625,0.0,-5.0,-10.0
0.10865,0.0,-5.0,-20.0
0.108675,-5.0,-15.0,-10.0
0.1087,-5.0,0.0,-10.0
0.108725,-5.0,-5.0,0.0
0.10875,-5.0,-5.0,0.0
0.108775,-5.0,-5.0,0.0
0.1088,15.0,-5.0,10.0
0.108825,0.0,-15.0,5.0
0.10885,-5.0,-15.0,0.0
0.108875,0.0,-5.0,0.0
0.1089,-5.0,-15.0,-10.0
0.108925,-10.0,-5.0,0.0
0.10895,-5.0,0.0,0.0
0.108975,-5.0,-15.0,5.0
0.109,10.0,-5.0,-15.0
0.109025,0.0,-5.0,-10.0
0.10905,0.0,-15.0,-10.0
0.109075,0.0,-20.0,0.0
0.1091,-5.0,0.0,0.0
0.109125,10.0,0.0,5.0
0.10915,-10.0,-5.0,-15.0
0.109175,0.0,-5.0,5.0
0.1092,-5.0,-5.0,0.0
0.109225,0.0,-15.0,0.0
0.10925,0.0,-20.0,5.0
0.109275,-5.0,-15.0,5.0
0.1093,-5.0,-5.0,0.0
0.109325,10.0,-20.0,-10.0
0.10935,0.0,-15.0,-10.0
0.109375,-15.0,-5.0,-10.0
0.1094,-5.0,-15.0,0.0
0.109425,0.0,-5.0,0.0
0.10945,10.0,-5.0,5.0
0.109475,-5.0,-15.0,15.0
0.1095,-5.0,-5.0,5.0
0.109525,-5.0,-15.0,0.0
0.10955,0.0,-15.0,5.0
0.109575,-15.0,-5.0,0.0
0.1096,-5.0,-5.0,0.0
0.109625,-5.0,-5.0,0.0
0.10965,0.0,0.0,0.0
0.109675,0.0,0.0,-10.0
0.1097,0.0,-20.0,-15.0
0.109725,10.0,-5.0,0.0
0.10975,10.0,-15.0,-10.0
0.109775,10.0,0.0,0.0
0.1098,-5.0,-5.0,-10.0
0.109825,-5.0,0.0,-15.0
0.10985,0.0,0.0,-10.0
0.109875,0.0,0.0,-10.0
0.1099,15.0,-20.0,-15.0
0.109925,0.0,-5.0,-15.0
0.10995,10.0,-5.0,-15.0
0.109975,10.0,0.0,-15.0
0.11,15.0,-5.0,-30.0
