freq,power
0.0,0.40682822639594013
0.01999624070674713,0.015983790969757446
0.03999248141349426,0.004230039931835943
0.059988722120241394,0.001962696265985205
0.07998496282698853,0.0011346695681424925
0.09998120353373566,0.0007524164215673215
0.11997744424048279,0.0005398658686487644
0.13997368494722992,0.0004077218891672652
0.15996992565397705,0.0003132942902481141
0.17996616636072418,0.0002566386228009942
0.19996240706747131,0.0002083999273412511
0.21995864777421845,0.00017484433510511126
0.23995488848096558,0.00015094996784930747
0.2599511291877127,0.0001313270828802624
0.27994736989445984,0.00011660495765330476
0.29994361060120694,0.00010195945215189679
0.3199398513079541,9.416240644127407e-5
0.3399360920147012,8.6768104675678e-5
0.35993233272144837,8.094204480290544e-5
0.37992857342819547,7.717406858369607e-5
0.39992481413494263,7.685311472703723e-5
0.41992105484168973,7.24313035171492e-5
0.4399172955484369,7.14787292069471e-5
0.459913536255184,6.751353325852836e-5
0.47990977696193116,6.624647609779312e-5
0.49990601766867826,6.796060659109754e-5
0.5199022583754254,6.683488424665341e-5
0.5398984990821725,6.739702913061565e-5
0.5598947397889197,6.430058336208656e-5
0.5798909804956668,6.668544686594484e-5
0.5998872212024139,6.505372111481297e-5
0.619883461909161,6.435173928530815e-5
0.6398797026159082,7.059858949725558e-5
0.6598759433226553,7.474372205593471e-5
0.6798721840294024,7.99157299549473e-5
0.6998684247361495,9.016187459970624e-5
0.7198646654428967,9.767504019539785e-5
0.7398609061496438,0.00010846510921622101
0.7598571468563909,0.00012274237002689968
0.779853387563138,0.00013974769330491878
0.7998496282698853,0.00016046711416533863
0.8198458689766324,0.00018428902950812248
0.8398421096833795,0.0002211827145603069
0.8598383503901266,0.0002633991430183194
0.8798345910968738,0.0003415062038881157
0.8998308318036209,0.0004651591916642114
0.919827072510368,0.0006896252676501658
0.9398233132171151,0.0011908461144224756
0.9598195539238623,0.0026205180316210375
0.9798157946306094,0.009725715307513153
0.9998120353373565,1.0
1.0198082760441036,0.011209909116639138
1.0398045167508507,0.0028346158338465677
1.0598007574575978,0.001252180976973415
1.079796998164345,0.0006887766106869394
1.0997932388710923,0.00043199388340516573
1.1197894795778394,0.0002897017756540887
1.1397857202845865,0.00020637007619638716
1.1597819609913336,0.00015438039986508367
1.1797782016980807,0.00011540024542514219
1.1997744424048278,9.457662368586975e-5
1.2197706831115749,7.852818016798641e-5
1.239766923818322,6.766789977039228e-5
1.2597631645250693,5.8816546025093874e-5
1.2797594052318164,5.4094889275721455e-5
1.2997556459385635,4.890427441848352e-5
1.3197518866453106,4.478364441136238e-5
1.3397481273520577,4.224790302498605e-5
1.3597443680588048,3.7072924147254944e-5
1.379740608765552,3.46230106343842e-5
1.399736849472299,3.226705044130089e-5
1.4197330901790464,2.953805166855252e-5
1.4397293308857935,2.61576286369947e-5
1.4597255715925406,2.4495920721217887e-5
1.4797218122992877,2.2727481986647016e-5
1.4997180530060348,2.0728499856783595e-5
1.5197142937127819,2.0516094544591416e-5
1.539710534419529,2.0369798144749183e-5
1.559706775126276,2.0785737291078506e-5
1.5797030158330232,2.2216547502251003e-5
1.5996992565397705,2.3393177614594078e-5
1.6196954972465176,2.382151068836501e-5
1.6396917379532647,2.4474187026148884e-5
1.6596879786600118,2.5391043464285124e-5
1.679684219366759,2.686151286240531e-5
1.699680460073506,2.867277763746144e-5
1.7196767007802531,2.798966621665918e-5
1.7396729414870002,2.8887863694148847e-5
1.7596691821937476,3.0114014550604946e-5
1.7796654229004947,3.355956700391466e-5
1.7996616636072418,3.4513728338780956e-5
1.8196579043139889,4.039957793282975e-5
1.839654145020736,4.859236254428524e-5
1.859650385727483,6.138003492238502e-5
1.8796466264342302,7.972486669039107e-5
1.8996428671409773,0.00011071020278618315
1.9196391078477246,0.000172840479308999
1.9396353485544717,0.0003046652244956657
1.9596315892612188,0.000646083738928664
1.979627829967966,0.0022787099482562737
1.999624070674713,0.19427241060429973
2.0196203113814604,0.0026662162963134984
2.0396165520882072,0.0005775367188231852
2.0596127927949546,0.00023072854046276775
2.0796090335017015,0.00011551211729134489
2.099605274208449,6.735473705382128e-5
2.1196015149151957,4.3772976526173394e-5
2.139597755621943,3.0121913451515266e-5
2.15959399632869,2.136133655896751e-5
2.179590237035437,1.7837950128664905e-5
2.1995864777421845,1.4930118392168029e-5
2.2195827184489314,1.3093042692619908e-5
2.2395789591556787,1.0944408136518092e-5
2.2595751998624256,9.480999115687396e-6
2.279571440569173,8.5497647244671e-6
2.29956768127592,7.406699371057639e-6
2.319563921982667,6.518519584717229e-6
2.3395601626894145,5.665058080558259e-6
2.3595564033961614,4.712061482984859e-6
2.3795526441029087,4.138976229077213e-6
2.3995488848096556,3.3721811271715935e-6
2.419545125516403,2.3932659217030856e-6
2.4395413662231498,2.2763855920840873e-6
2.459537606929897,1.8918639872627688e-6
2.479533847636644,1.9084654844932817e-6
2.4995300883433913,1.932834740563646e-6
2.5195263290501386,2.2064601144747157e-6
2.5395225697568855,2.158505119380504e-6
2.559518810463633,2.3082724867393203e-6
2.5795150511703797,2.0675523972623082e-6
2.599511291877127,2.323426494520285e-6
2.619507532583874,2.3485435209219453e-6
2.6395037732906212,2.2656397369662928e-6
2.659500013997368,1.8621497433790143e-6
2.6794962547041155,1.8067760457452927e-6
2.699492495410863,1.5363273300851391e-6
2.7194887361176097,1.8184228772450683e-6
2.739484976824357,1.1237500918605038e-6
2.759481217531104,1.5463738757846008e-6
2.779477458237851,1.4334992946459351e-6
2.799473698944598,1.4648728028755648e-6
2.8194699396513454,1.9064641887112597e-6
2.8394661803580927,2.7343138972714234e-6
2.8594624210648396,3.7552955225614815e-6
2.879458661771587,4.937597409184671e-6
2.899454902478334,7.058375495339865e-6
2.919451143185081,1.0333115070840322e-5
2.939447383891828,1.7677550386310543e-5
2.9594436245985754,3.8274798669613056e-5
2.9794398653053222,0.00012320010633953233
2.9994361060120696,0.013805719918167442
3.019432346718817,8.562396273688495e-5
3.0394285874255638,1.5114041449663856e-5
3.059424828132311,5.6008529602479855e-6
3.079421068839058,2.2957249066628484e-6
3.0994173095458053,1.545173718496848e-6
3.119413550252552,1.0175638914832336e-6
3.1394097909592995,8.83618594584088e-7
3.1594060316660464,5.579894433642944e-7
3.1794022723727937,6.357526039035127e-7
3.199398513079541,5.827482756053058e-7
3.219394753786288,5.517503716291755e-7
3.2393909944930352,3.621639645677405e-7
3.259387235199782,3.7097072678447144e-7
3.2793834759065295,2.1695193990261995e-7
3.2993797166132763,1.752090166697406e-7
3.3193759573200237,1.7008757089974977e-7
3.339372198026771,1.201245695855813e-7
3.359368438733518,9.218099606229667e-8
3.379364679440265,6.762469636963885e-8
3.399360920147012,7.58582820902947e-8
3.4193571608537594,5.321849404363593e-8
3.4393534015605063,6.677302957301562e-8
3.4593496422672536,5.223264273356081e-8
3.4793458829740005,2.9485035140153407e-8
3.499342123680748,8.368859315724646e-8
3.519338364387495,6.029587012666522e-8
3.539334605094242,8.354302563881013e-8
3.5593308458009894,4.0480844528311906e-8
3.5793270865077362,9.492719207199508e-8
3.5993233272144836,1.7642320655744543e-7
3.6193195679212304,1.1287382160629853e-7
3.6393158086279778,1.4648729395144004e-7
3.6593120493347246,2.0256343125604749e-7
3.679308290041472,1.6141819821186086e-7
3.6993045307482193,1.4076379595462291e-7
3.719300771454966,1.225638581910078e-7
3.7392970121617135,5.571556237695031e-8
3.7592932528684604,9.589782713682147e-8
3.7792894935752077,6.325489664357164e-8
3.7992857342819546,1.733001372941428e-7
3.819281974988702,2.603421078238968e-7
3.8392782156954492,4.280841312381232e-7
3.859274456402196,6.745612199781576e-7
3.8792706971089435,1.1207264144639515e-6
3.8992669378156903,1.7574554357833538e-6
3.9192631785224377,2.5908011836051436e-6
3.9392594192291845,4.848832669135479e-6
3.959255659935932,9.22985720467096e-6
3.9792519006426788,2.5974972467452325e-5
3.999248141349426,0.0010359343285910273
4.019244382056173,2.449348300701197e-5
4.039240622762921,3.31914512148685e-6
4.059236863469668,1.0815697998125682e-6
4.0792331041764145,4.374789856914293e-7
4.099229344883161,6.188175880619682e-7
4.119225585589909,4.420262011855265e-7
4.139221826296656,6.614871501987313e-7
4.159218067003403,9.575513915123024e-7
4.179214307710151,7.924587994371865e-7
4.199210548416898,6.388705580646222e-7
4.219206789123644,5.02993363230269e-7
4.239203029830391,4.305646161511193e-7
4.259199270537139,3.0833180273100477e-7
4.279195511243886,2.156151111294973e-7
4.299191751950633,1.751157895831041e-7
4.31918799265738,1.0127971087517903e-7
4.3391842333641275,2.0012010101949948e-8
4.359180474070874,1.1225129996731412e-8
4.379176714777621,1.1382255012120591e-7
4.399172955484369,4.4534456919910994e-8
4.419169196191116,1.7867162409987203e-7
4.439165436897863,1.567353369522986e-7
4.45916167760461,2.865841565603707e-7
4.4791579183113575,3.4619035443804417e-7
4.499154159018104,3.144781725320735e-7
4.519150399724851,2.287752545183183e-7
4.539146640431599,3.449492503588191e-7
4.559142881138346,2.891932894339354e-7
4.579139121845093,2.036198408363225e-7
4.59913536255184,7.73464059641694e-8
4.619131603258587,5.75115280045204e-8
4.639127843965334,5.3914568030410466e-8
4.659124084672081,4.276746951196176e-8
4.679120325378829,1.42614847119906e-7
4.699116566085576,1.3859042746737567e-7
4.719112806792323,1.743595446086805e-7
4.73910904749907,3.10982278002338e-7
4.759105288205817,4.5476916166528436e-7
4.779101528912564,6.260348099211974e-7
4.799097769619311,6.490298922856193e-7
4.819094010326058,9.779778786496597e-7
4.839090251032806,8.694587135417253e-7
4.859086491739553,9.219868821865218e-7
4.8790827324462995,9.5003008942829e-7
4.899078973153047,1.0902626446502219e-6
4.919075213859794,1.0287672582072544e-6
4.939071454566541,1.3880453648141764e-6
4.959067695273288,2.1285491437444663e-6
4.979063935980036,6.394605131509728e-6
4.999060176686783,0.0011344293357147196
5.0190564173935295,3.9785042820472014e-5
5.039052658100277,9.974597357386629e-6
5.059048898807024,4.982636824398763e-6
5.079045139513771,3.175537943724805e-6
5.099041380220518,2.4088408439767113e-6
5.119037620927266,1.3956781659149598e-6
5.1390338616340125,1.0709806763810943e-6
5.159030102340759,5.829673542071169e-7
5.179026343047507,4.5008021709758016e-7
5.199022583754254,3.250594237817e-7
5.219018824461001,1.9252101092653108e-7
5.239015065167748,1.5251175519926788e-7
5.259011305874496,1.7970088581379075e-7
5.2790075465812425,5.94151035030039e-8
5.299003787287989,6.493246657886123e-8
5.319000027994736,8.165648628561372e-8
5.338996268701484,9.631783174734786e-8
5.358992509408231,9.757697787389944e-8
5.378988750114978,9.214237651474378e-8
5.398984990821726,1.593861249647694e-7
5.418981231528472,6.631384572424696e-8
5.438977472235219,7.974665497004862e-8
5.458973712941966,1.0422316774691151e-7
5.478969953648714,9.62074696611405e-8
5.498966194355461,1.2217686096288508e-7
5.518962435062208,7.890875547893206e-8
5.5389586757689555,4.582492504222045e-8
5.558954916475702,4.254244522626982e-8
5.578951157182449,3.256356987368441e-9
5.598947397889196,1.573712403502492e-8
5.618943638595944,2.870019952174658e-9
5.638939879302691,4.9398049655384115e-8
5.658936120009438,1.1122785441300499e-7
5.6789323607161855,7.243414730904224e-8
5.698928601422932,4.163393891149845e-8
5.718924842129679,1.447607519381468e-7
5.738921082836426,1.1201130698856299e-7
5.758917323543174,6.938501840606983e-8
5.778913564249921,5.186651198654902e-8
5.798909804956668,8.349870143482918e-8
5.8189060456634145,1.8804204043505286e-8
5.838902286370162,1.1042663884604095e-8
5.858898527076909,2.305641140067323e-9
5.878894767783656,2.2762350185891053e-8
5.898891008490404,5.727634933064686e-8
5.918887249197151,1.6922478776461747e-7
5.938883489903898,2.3979547173356764e-7
5.9588797306106445,7.339750559992613e-7
5.978875971317392,1.524763998729993e-6
5.998872212024139,0.0008489370660212294
6.018868452730886,2.7053071802390073e-5
6.038864693437634,1.387335378288209e-6
6.058860934144381,7.24349171289652e-8
6.0788571748511275,4.716933813021573e-9
6.098853415557874,4.231982198246287e-8
6.118849656264622,3.394067988491551e-8
6.138845896971369,1.1682760246651045e-7
6.158842137678116,8.498744690563764e-8
6.178838378384864,1.094460420436158e-7
6.198834619091611,1.1904224277600502e-7
6.2188308597983575,9.08713475926602e-8
6.238827100505104,1.0951213890643737e-7
6.258823341211852,3.059057127396442e-8
6.278819581918599,2.5160437305136517e-8
6.298815822625346,2.292560894128296e-8
6.318812063332093,9.778670548609178e-9
6.3388083040388405,8.4942148538331e-9
6.358804544745587,2.3280530753047277e-9
6.378800785452334,1.917020299500288e-8
6.398797026159082,5.126342947630809e-8
6.418793266865829,5.071515873272793e-8
6.438789507572576,7.410725681537363e-8
6.458785748279323,9.777647764161075e-8
6.4787819889860705,5.533361153922924e-8
6.498778229692817,8.849896090832905e-8
6.518774470399564,1.4063606374276667e-7
6.538770711106312,1.0596231417057157e-7
6.558766951813059,6.455234371828298e-8
6.578763192519806,1.0592315767673736e-7
6.598759433226553,2.2456569719885403e-8
6.6187556739333,3.474178291793587e-9
6.638751914640047,6.9857291115018e-8
6.658748155346794,3.166739321866234e-8
6.678744396053542,1.1412162645822704e-7
6.698740636760289,1.078450732474168e-7
6.718736877467036,1.350707936794795e-7
6.738733118173783,2.669784945878718e-7
6.75872935888053,2.2020969463268463e-7
6.778725599587277,3.073177632143972e-7
6.798721840294024,2.1781056362824732e-7
6.818718081000771,2.7312342071687746e-7
6.838714321707519,3.4825237133504e-7
6.858710562414266,3.286044461579686e-7
6.878706803121013,3.6377718935326786e-7
6.89870304382776,4.900058016620633e-7
6.918699284534507,5.077513940658231e-7
6.938695525241254,1.0146032403316434e-6
6.958691765948001,2.6360663846170547e-6
6.978688006654749,1.0586182966925299e-5
6.998684247361496,0.0007450105265678968
7.0186804880682425,4.8108973344652356e-5
7.03867672877499,8.684797468161034e-6
7.058672969481737,3.2364804004835795e-6
7.078669210188484,2.151852039170795e-6
7.098665450895231,1.0562698782672187e-6
7.118661691601979,8.433040336293083e-7
7.138657932308726,7.250145758357372e-7
7.1586541730154725,5.214896745431862e-7
7.17865041372222,2.92130186725668e-7
7.198646654428967,2.5616898635665833e-7
7.218642895135714,2.0254692893668315e-7
7.238639135842461,7.755757073658054e-8
7.258635376549209,8.169756542423962e-8
7.2786316172559555,1.0325786193826571e-7
7.298627857962702,5.6029499544217036e-8
7.318624098669449,1.1542646440620908e-7
7.338620339376197,1.5091216037008187e-7
7.358616580082944,5.2111681138366417e-8
7.378612820789691,1.2281058527769835e-7
7.398609061496439,1.367896156581816e-7
7.4186053022031855,1.5482553856823073e-7
7.438601542909932,7.594826586942149e-8
7.458597783616679,4.5515604376819516e-8
7.478594024323427,8.428397264172445e-8
7.498590265030174,9.626907737458416e-8
7.518586505736921,4.569509070790458e-8
7.5385827464436685,4.7611846127740755e-8
7.558578987150415,4.3655363241727403e-8
7.578575227857162,7.032367774250651e-8
7.598571468563909,3.4088748781396504e-8
7.618567709270657,1.6928140471067176e-7
7.638563949977404,6.5624081154019e-8
7.658560190684151,9.033743922467006e-8
7.6785564313908985,8.754680769985839e-8
7.698552672097645,6.614425688600345e-8
7.718548912804392,1.4753775466177865e-7
7.738545153511139,1.439399835287484e-7
7.758541394217887,1.7937660404802468e-7
7.778537634924634,1.3053449407188312e-7
7.798533875631381,1.0670171532967861e-7
7.8185301163381276,1.6122204652320388e-7
7.838526357044875,2.178329594676828e-7
7.858522597751622,1.6871727200681228e-7
7.878518838458369,2.3072192151373202e-7
7.898515079165117,2.8611148307206487e-7
7.918511319871864,4.463224428269941e-7
7.938507560578611,1.0375819608574324e-6
7.9585038012853575,1.7390578353235063e-6
7.978500041992105,6.488733148766084e-6
7.998496282698852,0.0004009035629098281
8.0184925234056,4.20858914214282e-5
8.038488764112346,3.3196435538410676e-6
8.058485004819094,8.00901211324934e-7
8.078481245525841,2.893794576254689e-7
8.098477486232587,1.580976797662052e-7
8.118473726939335,1.2827217306861183e-7
8.138469967646081,7.746177590436915e-8
8.158466208352829,2.050839251997911e-8
8.178462449059577,2.4665242273246897e-8
8.198458689766323,5.204705477983261e-8
8.21845493047307,5.627819555331342e-8
8.238451171179818,8.695047698832603e-9
8.258447411886564,5.6253508554670556e-8
8.278443652593312,2.169739626078873e-8
8.29843989330006,3.798251455840875e-9
8.318436134006806,1.9709857248288233e-8
8.338432374713554,4.3890566112078385e-9
8.358428615420301,7.087795026286199e-9
8.378424856127047,1.1074108515809063e-8
8.398421096833795,3.412932800866575e-9
8.418417337540541,7.883011044585578e-9
8.438413578247289,5.165002109015808e-10
8.458409818954037,2.3568905771145316e-9
8.478406059660783,1.4543414655803712e-9
8.49840230036753,2.4323530088631846e-8
8.518398541074278,9.479698838784806e-9
8.538394781781024,1.4436737568241775e-8
8.558391022487772,2.3366257324717938e-9
8.57838726319452,7.58145691497661e-9
8.598383503901266,6.277613227219152e-10
8.618379744608013,1.5406889101823122e-8
8.63837598531476,2.935410497392805e-9
8.658372226021507,1.9461934120041203e-8
8.678368466728255,9.006462707410086e-9
8.698364707435001,4.290334574106311e-9
8.718360948141749,1.7847477395578819e-10
8.738357188848497,2.1674248845142524e-8
8.758353429555243,2.595492942342011e-9
8.77834967026199,6.619844982931666e-9
8.798345910968738,6.925482845063986e-10
8.818342151675484,1.3109886058960276e-8
8.838338392382232,1.544620657690601e-8
8.85833463308898,1.597496490964979e-8
8.878330873795726,8.917660777551625e-9
8.898327114502473,5.6106835111959635e-8
8.91832335520922,4.5861657506950507e-8
8.938319595915967,6.968067187776675e-8
8.958315836622715,1.3937637371789922e-7
8.978312077329461,1.0671738049688636e-6
8.998308318036209,9.11119915060052e-5
9.018304558742956,8.797205333140597e-6
9.038300799449702,6.695954567416688e-7
9.05829704015645,2.6117072057578374e-7
9.078293280863198,9.271050682430837e-8
9.098289521569944,1.5941284066721955e-7
9.118285762276692,4.918855031477405e-8
9.138282002983438,4.555878655594792e-8
9.158278243690186,6.724081450566776e-8
9.178274484396933,1.4613083606501698e-8
9.19827072510368,2.195040367972224e-8
9.218266965810427,2.0539517091060498e-8
9.238263206517175,1.8424986978652563e-8
9.25825944722392,1.3958996714375596e-9
9.278255687930669,2.4951603488979408e-8
9.298251928637416,1.4273779930677325e-8
9.318248169344162,2.9338487559507224e-8
9.33824441005091,1.221717129879265e-8
9.358240650757658,2.619713887051943e-8
9.378236891464404,6.659028863847353e-9
9.398233132171152,1.2035434336748739e-8
9.418229372877898,2.188261018678933e-8
9.438225613584645,2.295130077587675e-8
9.458221854291393,2.976093850477018e-9
9.47821809499814,4.1604290157793403e-8
9.498214335704887,6.370584099845017e-8
9.518210576411635,6.545267400142277e-9
9.53820681711838,5.780276380052073e-10
9.558203057825128,5.149970975550996e-9
9.578199298531876,2.9725611532775898e-8
9.598195539238622,2.5814868898124475e-9
9.61819177994537,5.318596749695912e-9
9.638188020652116,3.6384602263447197e-9
9.658184261358864,8.230439519686976e-9
9.678180502065612,7.686308446506414e-9
9.698176742772358,3.824740423788627e-9
9.718172983479105,2.5272552059585486e-8
9.738169224185853,3.6688942925552076e-10
9.758165464892599,4.513175658087628e-8
9.778161705599347,1.4348827873789627e-8
9.798157946306095,6.089680147514049e-9
9.81815418701284,2.647768726058346e-8
9.838150427719588,6.786925554004359e-8
9.858146668426336,2.0995731256404167e-8
9.878142909133082,1.1202076643790245e-7
9.89813914983983,7.203929613986601e-8
9.918135390546576,2.1616748902100086e-7
9.938131631253324,2.0061476385801967e-7
9.958127871960071,4.2012108175889243e-7
9.978124112666817,1.857325958397567e-6
9.998120353373565,6.94819170628167e-5
10.018116594080313,4.667259591353339e-6
10.038112834787059,3.24303993750866e-7
10.058109075493807,2.42182018433676e-7
10.078105316200554,1.0482839097111003e-7
10.0981015569073,8.92513669196061e-8
10.118097797614048,4.597541426701728e-8
10.138094038320794,6.274259043621549e-8
10.158090279027542,2.11858748852954e-8
10.17808651973429,8.020657484771199e-9
10.198082760441036,4.159481394802109e-8
10.218079001147784,3.259539157352481e-8
10.238075241854531,3.0755907751268113e-9
10.258071482561279,2.712168880268945e-9
10.278067723268025,2.404648434788882e-9
10.298063963974773,7.683028234111776e-9
10.318060204681519,6.328825510635347e-10
10.338056445388268,2.952698793277951e-9
10.358052686095014,2.617488077207856e-9
10.378048926801762,2.8350237087079086e-11
10.398045167508508,6.6022526285613244e-9
10.418041408215256,2.181527141086069e-8
10.438037648922002,7.095609413554726e-9
10.45803388962875,2.32249397040749e-9
10.478030130335496,8.333310904081632e-9
10.498026371042245,2.2360992985292377e-9
10.518022611748991,1.0665641634897052e-8
10.538018852455739,8.270576815089952e-9
10.558015093162485,1.7662812145009897e-8
10.578011333869233,3.0940584237337245e-9
10.598007574575979,5.40992717984396e-10
10.618003815282727,2.370534669117891e-9
10.638000055989473,5.309302855551919e-9
10.657996296696222,9.617039242751312e-9
10.677992537402968,2.864439384176073e-8
10.697988778109716,3.4748133259189312e-9
10.717985018816462,6.515678794168673e-9
10.73798125952321,1.1111989882595176e-9
10.757977500229956,1.7089553468070276e-9
10.777973740936705,6.969308381015279e-9
10.797969981643451,5.081841963209253e-9
10.817966222350199,1.5973690694530824e-8
10.837962463056945,2.2730304191975225e-9
10.857958703763693,3.330013193561977e-9
10.877954944470439,3.407880342813862e-8
10.897951185177186,6.488323583859141e-8
10.917947425883932,5.050398408750543e-9
10.937943666590682,7.034710452963147e-8
10.957939907297428,2.748804512121547e-8
10.977936148004176,4.4549024778983646e-7
10.997932388710922,3.107802490617319e-5
11.01792862941767,7.670442851707952e-8
11.037924870124415,4.0150172167864375e-10
11.057921110831165,2.1526516421092953e-8
11.077917351537911,1.3271528185891513e-8
11.097913592244659,1.6409938190052235e-9
11.117909832951405,6.793730969736402e-9
11.137906073658153,1.558773424540449e-9
11.157902314364899,1.2222513352506838e-8
11.177898555071646,6.549672421434801e-9
11.197894795778392,8.72532978837756e-9
11.217891036485142,5.216289815468944e-9
11.237887277191888,5.904920988138393e-9
11.257883517898636,4.816028970442694e-9
11.277879758605382,1.3279953758665445e-8
11.29787599931213,5.2172493223817485e-9
11.317872240018875,8.58866401179548e-9
11.337868480725625,1.618098977512608e-9
11.357864721432371,5.680689009859735e-9
11.377860962139119,1.3785248868680155e-8
11.397857202845865,5.651571657758375e-9
11.417853443552612,2.564887633672673e-9
11.437849684259358,1.8920880479719637e-10
11.457845924966106,3.3694896827081553e-9
11.477842165672852,7.616405494190732e-9
11.497838406379602,7.101149961536608e-9
11.517834647086348,3.00962713618593e-10
11.537830887793096,1.0948570801617214e-8
11.557827128499842,5.075889714872734e-9
11.57782336920659,5.7336304526424466e-9
11.597819609913335,1.31703308532472e-8
11.617815850620083,5.403910851136329e-9
11.637812091326829,4.980526275834074e-10
11.657808332033579,3.5644897395913273e-9
11.677804572740325,1.3335488487063723e-8
11.697800813447072,3.4385046199574366e-9
11.717797054153818,6.126229294155759e-9
11.737793294860566,4.4353863555622466e-9
11.757789535567312,2.1381495928074023e-8
11.777785776274062,3.5812768033937536e-8
11.797782016980808,1.3290206599757636e-8
11.817778257687555,4.8282748263008364e-9
11.837774498394301,3.387905109040521e-10
11.85777073910105,7.423492439821934e-10
11.877766979807795,1.0785621035190695e-8
11.897763220514543,7.76337446978324e-8
11.917759461221289,4.221130967953942e-9
11.937755701928038,4.4440329973431044e-8
11.957751942634784,4.5626587621934894e-8
11.977748183341532,3.372532879811819e-7
11.997744424048278,1.745310563125565e-5
12.017740664755026,5.638166030977614e-6
12.037736905461772,1.8359784613374054e-7
12.057733146168522,2.873069604064412e-7
12.077729386875268,7.61968113450265e-8
12.097725627582015,5.389995733809099e-8
12.117721868288761,2.6141030455556327e-8
12.137718108995509,5.450074377412116e-9
12.157714349702255,3.508168489092695e-9
12.177710590409003,1.1090655704779542e-8
12.197706831115749,1.498638167422095e-8
12.217703071822498,1.7469376056998725e-9
12.237699312529244,6.115622692804083e-9
12.257695553235992,8.218061036529896e-9
12.277691793942738,1.1615333309583725e-8
12.297688034649486,5.488771126712096e-9
12.317684275356232,3.261266287564907e-9
12.337680516062981,1.7684077778360015e-8
12.357676756769727,7.534505054884705e-9
12.377672997476475,2.3604342524022016e-8
12.397669238183221,4.845690925258975e-9
12.417665478889969,6.695791056081073e-9
12.437661719596715,2.7994245474863032e-9
12.457657960303463,1.6599658175907273e-8
12.477654201010209,1.5781391009667622e-9
12.497650441716958,1.998248736657852e-8
12.517646682423704,5.598271763798915e-9
12.537642923130452,5.829025444123463e-9
12.557639163837198,1.0525567192490109e-8
12.577635404543946,1.565897117784974e-8
12.597631645250692,8.375498724434997e-9
12.61762788595744,3.6789320929816774e-9
12.637624126664186,2.5684036734495325e-9
12.657620367370935,7.1533459681424124e-9
12.677616608077681,1.0837843186636835e-9
12.697612848784429,8.34054376495098e-9
12.717609089491175,1.2391654705376937e-9
12.737605330197923,1.7239559279732806e-10
12.757601570904669,2.241276176620373e-8
12.777597811611418,2.205674151552094e-9
12.797594052318164,5.712925694945175e-9
12.817590293024912,2.481011443386467e-10
12.837586533731658,6.310680625143574e-9
12.857582774438406,1.1801915800825232e-8
12.877579015145152,9.226900065425392e-9
12.8975752558519,2.1359477385966033e-8
12.917571496558645,6.5260436135719e-9
12.937567737265395,1.4898474091037488e-8
12.957563977972141,2.123540049611326e-8
12.977560218678889,3.3444672043218776e-7
12.997556459385635,1.5041295751202017e-5
13.017552700092383,1.6465263494980472e-5
13.037548940799129,3.210673189994133e-8
13.057545181505878,8.698815569120188e-8
13.077541422212624,9.414197414118662e-9
13.097537662919372,1.8648350504220085e-9
13.117533903626118,3.1674120588374423e-10
13.137530144332866,1.2554965992709638e-9
13.157526385039612,4.322477429652356e-9
13.17752262574636,1.0373637906079534e-8
13.197518866453105,2.2943643821368395e-9
13.217515107159855,5.2510796532058285e-9
13.2375113478666,8.984042822652438e-10
13.257507588573349,1.2158723156840782e-8
13.277503829280095,3.0925108676793593e-9
13.297500069986842,3.607072677233103e-9
13.317496310693588,1.2790407910340323e-8
13.337492551400338,2.8955255410179978e-9
13.357488792107084,5.526775209855749e-9
13.377485032813832,5.8066996826764265e-9
13.397481273520578,7.042654677727952e-9
13.417477514227325,3.4866487706893825e-9
13.437473754934071,2.601898678275079e-10
13.45746999564082,2.2255079019932892e-9
13.477466236347565,1.3766988714309176e-9
13.497462477054315,4.9975940069251155e-9
13.51745871776106,8.740347305369849e-9
13.537454958467809,2.5203530902244564e-8
13.557451199174555,9.989140790230495e-9
13.577447439881302,2.626454381928692e-8
13.597443680588048,1.391977601998881e-8
13.617439921294796,4.058087344693342e-9
13.637436162001542,4.696816273524623e-9
13.657432402708292,6.7115877055487615e-9
13.677428643415038,5.770234568328297e-9
13.697424884121785,7.0721706839242264e-9
13.717421124828531,4.398672205451894e-9
13.73741736553528,1.29311074515468e-9
13.757413606242025,1.431209697541084e-8
13.777409846948775,4.5919845738119823e-10
13.79740608765552,2.513936334618317e-8
13.817402328362268,1.3049724568135273e-9
13.837398569069014,5.574592648903607e-9
13.857394809775762,2.0428909974757156e-8
13.877391050482508,1.8483315765304062e-9
13.897387291189256,2.320209488055967e-8
13.917383531896002,8.263174990231664e-9
13.937379772602752,4.5609733352936276e-8
13.957376013309498,1.4690089823976877e-7
13.977372254016245,2.952646697324944e-7
13.997368494722991,1.0219692191621246e-5
14.017364735429739,1.6224652533512483e-5
14.037360976136485,5.195670305277168e-7
14.057357216843235,1.687230132656858e-8
14.07735345754998,5.025035477265015e-8
14.097349698256728,4.23878475792793e-8
14.117345938963474,5.301475019847402e-8
14.137342179670222,1.0645840222033353e-9
14.157338420376968,5.06762062279259e-10
14.177334661083716,1.3701431769847115e-9
14.197330901790462,9.003294207269515e-9
14.217327142497211,1.3941405345076492e-9
14.237323383203957,1.2641788741505177e-8
14.257319623910705,3.6956581683530095e-10
14.277315864617451,1.0076168298390243e-8
14.297312105324199,1.3227778778657265e-8
14.317308346030945,1.5256707415789258e-8
14.337304586737694,4.508358931095013e-10
14.35730082744444,5.9859790191026135e-9
14.377297068151188,9.472225438465744e-9
14.397293308857934,6.30463544137167e-10
14.417289549564682,1.7123617576099661e-9
14.437285790271428,5.499442281904163e-9
14.457282030978176,6.432990381148016e-9
14.477278271684922,2.769329482873393e-9
14.497274512391671,3.432597084782479e-9
14.517270753098417,1.7452899607189935e-8
14.537266993805165,2.506063204335111e-9
14.557263234511911,1.1031329650957172e-8
14.577259475218659,3.812765718106915e-9
14.597255715925405,8.19393317724048e-9
14.617251956632153,1.7917763170212274e-9
14.637248197338899,1.818728259908604e-8
14.657244438045648,2.9993893069630356e-8
14.677240678752394,4.063701701656077e-9
14.697236919459142,2.6991021091480988e-8
14.717233160165888,1.0861753738279417e-8
14.737229400872636,1.3832323512584445e-8
14.757225641579382,3.0009849985563995e-9
14.777221882286131,6.125452679112067e-9
14.797218122992877,4.828155612562148e-9
14.817214363699625,2.6263935460792036e-9
14.837210604406371,1.0963446170610321e-8
14.857206845113119,1.1231973485884438e-8
14.877203085819865,1.4882622171559464e-9
14.897199326526612,2.8515577224907986e-9
14.917195567233358,7.552901660117042e-10
14.937191807940108,5.622279848789275e-8
14.957188048646854,9.121833139267893e-8
14.977184289353602,4.876631371839791e-7
14.997180530060348,7.973500818369773e-6
15.017176770767096,1.107113037887163e-5
15.037173011473842,8.489427405462447e-7
15.057169252180591,2.7894337257754405e-8
15.077165492887337,2.7845450271870607e-8
15.097161733594085,1.7951255531254586e-8
15.11715797430083,3.1637892296785244e-8
15.137154215007579,5.574819728735713e-9
15.157150455714325,6.290989794737206e-8
15.177146696421072,2.841676531760775e-8
15.197142937127818,5.63813620159896e-9
15.217139177834568,1.3014405678653857e-8
15.237135418541314,2.357055663005723e-9
15.257131659248062,5.450339744932576e-9
15.277127899954808,1.1564830940484765e-9
15.297124140661555,1.6297453320329632e-8
15.317120381368301,6.032402672668134e-10
15.337116622075051,3.8931122483740085e-9
15.357112862781797,6.193715656313431e-9
15.377109103488545,1.044020801759772e-9
15.39710534419529,3.6234377599275187e-9
15.417101584902039,1.216664522058944e-9
15.437097825608785,1.2235263863408701e-8
15.457094066315532,9.56439776482358e-9
15.477090307022278,1.5361732508245573e-8
15.497086547729028,2.481016378875224e-9
15.517082788435774,1.0955698007531692e-8
15.537079029142522,3.0870335707101137e-9
15.557075269849268,4.2801984269335124e-9
15.577071510556015,1.7487010752259784e-9
15.597067751262761,9.111469514632423e-10
15.61706399196951,1.1212051846465092e-8
15.637060232676255,1.9265209289568746e-8
15.657056473383005,1.5575988491997805e-10
15.67705271408975,1.396878141999666e-9
15.697048954796498,6.129825872670387e-9
15.717045195503244,7.338082877830982e-9
15.737041436209992,1.9373726329834548e-8
15.757037676916738,1.2035592158784136e-8
15.777033917623488,4.180397235899117e-10
15.797030158330234,3.5293612793289702e-9
15.817026399036981,2.0497554386293633e-8
15.837022639743727,6.796079470968051e-10
15.857018880450475,1.3035267153051941e-8
15.877015121157221,6.552910270306138e-9
15.897011361863969,7.952717473849926e-10
15.917007602570715,3.3742336979181057e-9
15.937003843277465,1.2418551607418784e-8
15.95700008398421,7.490331111150143e-8
15.976996324690958,1.943457322793805e-7
15.996992565397704,4.682471841324277e-6
16.016988806104454,3.5649100532204356e-6
16.0369850468112,2.667411220632635e-7
16.056981287517946,3.544975753425106e-8
16.076977528224692,2.0281643657084348e-9
16.09697376893144,3.484208034669573e-8
16.116970009638187,7.784580923204617e-9
16.136966250344937,9.89766852979203e-9
16.156962491051683,1.5552366002123088e-9
16.17695873175843,5.19644858153349e-9
16.196954972465175,1.0097416590022288e-8
16.216951213171924,1.1421308203072022e-8
16.23694745387867,6.060964159845569e-9
16.256943694585416,1.2069332107929458e-9
16.276939935292162,3.820445858762168e-9
16.296936175998912,2.56131683078639e-9
16.316932416705658,4.921765871186687e-9
16.336928657412408,1.0732363010339768e-9
16.356924898119154,1.2166199251330514e-8
16.3769211388259,3.836804250372099e-8
16.396917379532645,4.715627552903476e-10
16.416913620239395,4.3104043121224395e-8
16.43690986094614,3.4239089630578997e-9
16.45690610165289,1.4338790473912997e-9
16.476902342359637,1.9808879459188083e-9
16.496898583066383,4.968880124824076e-9
16.51689482377313,2.612597410901967e-9
16.536891064479878,1.0150251394013231e-8
16.556887305186624,9.508545381905576e-9
16.576883545893374,2.5213853018907288e-9
16.59687978660012,6.1697201284317016e-9
16.616876027306866,1.0116768376493181e-8
16.63687226801361,5.528449672462699e-9
16.65686850872036,1.4187641280158084e-8
16.676864749427107,1.7215773891670445e-9
16.696860990133857,4.9467945753823955e-9
16.716857230840603,7.97632253282867e-9
16.73685347154735,1.3809165046041903e-8
16.756849712254095,6.822964042657036e-9
16.776845952960844,3.4442291411364516e-9
16.79684219366759,3.3154446968132798e-9
16.816838434374336,7.385256697719309e-9
16.836834675081082,1.725009808435673e-8
16.85683091578783,4.311694930770316e-9
16.876827156494578,3.999192928357588e-9
16.896823397201327,2.623349008414536e-8
16.916819637908073,3.4173314519975764e-8
16.93681587861482,2.385302919643108e-8
16.956812119321565,6.912992452362788e-8
16.976808360028315,2.5374167362622144e-7
16.99680460073506,2.675230586357271e-6
17.01680084144181,5.975001804031979e-7
17.036797082148556,8.728936862694056e-8
17.056793322855302,6.136055592461208e-8
17.07678956356205,5.311767947897731e-9
17.096785804268798,4.5692012625517725e-8
17.116782044975544,2.2444035429259228e-8
17.136778285682293,8.340930438660165e-9
17.15677452638904,1.2738489891075474e-8
17.176770767095785,1.9602012193781173e-8
17.19676700780253,2.3102226128159357e-8
17.21676324850928,6.420757103216804e-9
17.236759489216027,8.529390713975009e-10
17.256755729922773,1.3438620295311198e-9
17.27675197062952,1.9042397771562024e-8
17.29674821133627,3.106617182231454e-9
17.316744452043014,1.8008521362932192e-10
17.336740692749764,2.0323003658667554e-9
17.35673693345651,4.042975686792893e-10
17.376733174163256,1.2477590141974454e-8
17.396729414870002,5.679669755273459e-10
17.41672565557675,3.823712500128649e-9
17.436721896283498,4.112438494060446e-9
17.456718136990247,2.1013435801954925e-9
17.476714377696993,2.9830432260154567e-9
17.49671061840374,6.371731926952538e-9
17.516706859110485,1.0288193174920636e-8
17.536703099817235,2.4856590442202755e-8
17.55669934052398,2.894993441593142e-9
17.57669558123073,6.8055921478648604e-9
17.596691821937476,3.31248604828567e-9
17.616688062644222,3.1869104354666884e-9
17.636684303350968,2.4564226310488807e-9
17.656680544057718,5.031787942111083e-9
17.676676784764464,1.1984931523298693e-10
17.696673025471213,1.125050711287132e-8
17.71666926617796,2.255478250614781e-8
17.736665506884705,1.621116242850756e-9
17.75666174759145,1.000884579217906e-8
17.7766579882982,5.162904733691577e-9
17.796654229004947,1.0937719180587332e-8
17.816650469711693,4.305238339165663e-9
17.83664671041844,1.3974664616905363e-8
17.85664295112519,1.4342961359331565e-8
17.876639191831934,4.8111103059684436e-9
17.896635432538684,7.3568728651125726e-9
17.91663167324543,3.493191790664863e-8
17.936627913952176,2.8136527203951327e-8
17.956624154658922,4.304054379642225e-8
17.97662039536567,1.3129170103390118e-7
17.996616636072417,1.951222700993339e-6
18.016612876779167,2.8887616322306546e-6
18.036609117485913,2.626051265811664e-8
18.05660535819266,1.9177470045429164e-8
18.076601598899405,7.734414474269146e-9
18.096597839606154,6.237823145564818e-9
18.1165940803129,8.104624302701472e-9
18.13659032101965,1.2136843028678373e-10
18.156586561726396,4.51686196409263e-9
18.176582802433142,8.468009532657828e-9
18.196579043139888,7.235864390694554e-9
18.216575283846637,1.9608189813786254e-9
18.236571524553383,2.0934433554581038e-8
18.25656776526013,1.2188383643236608e-8
18.276564005966875,7.653932085216441e-9
18.296560246673625,1.124510525283098e-9
18.31655648738037,1.2676474901418626e-9
18.33655272808712,1.539956635997918e-10
18.356548968793867,1.8513052930598974e-9
18.376545209500613,1.2494851202911928e-9
18.39654145020736,1.5800044973321576e-8
18.416537690914108,1.7238998451680206e-8
18.436533931620854,1.9345357929035024e-8
18.456530172327604,9.988112081347679e-9
18.47652641303435,2.4761476702057717e-9
18.496522653741096,1.4991250249962274e-8
18.51651889444784,2.3437598466837367e-8
18.53651513515459,1.6862072527111203e-8
18.556511375861337,4.4432289345232934e-9
18.576507616568087,8.730764201967073e-9
18.596503857274833,1.0986831358571205e-8
18.61650009798158,1.1694757448652636e-8
18.636496338688325,8.402419854488208e-9
18.656492579395074,1.572220668292409e-8
18.67648882010182,2.3334253558504033e-9
18.69648506080857,1.0107892361536556e-9
18.716481301515316,3.2201684650140796e-9
18.73647754222206,1.1700287458715556e-9
18.756473782928808,3.085365419548842e-9
18.776470023635557,2.885928785142526e-9
18.796466264342303,6.544512956982203e-9
18.81646250504905,8.740262007345956e-9
18.836458745755795,4.511339661323552e-9
18.856454986462545,2.8431131237213925e-9
18.87645122716929,8.898133543953697e-9
18.89644746787604,2.3942893401951594e-8
18.916443708582786,6.392745241192801e-9
18.936439949289532,5.713875001946593e-9
18.95643618999628,3.75552673682398e-8
18.976432430703028,4.271239297948598e-8
18.996428671409774,7.546633066957559e-7
19.016424912116523,1.8679424638879304e-6
19.03642115282327,1.4438500636328637e-7
19.056417393530015,5.942257925602758e-8
19.07641363423676,2.400859928095714e-8
19.09640987494351,9.109613921879372e-9
19.116406115650257,1.6288726511801682e-8
19.136402356357006,5.371905016853291e-10
19.156398597063752,6.133265410727318e-10
19.1763948377705,1.063852611811846e-9
19.196391078477244,3.122250174708375e-9
19.216387319183994,1.2041327591373519e-8
19.23638355989074,8.708070968563866e-9
19.256379800597486,7.60506404307227e-9
19.276376041304232,6.618637708137553e-9
19.29637228201098,1.4498144647442056e-8
19.316368522717728,5.112868404796627e-9
19.336364763424477,9.982674660449192e-9
19.356361004131223,7.669891377804423e-9
19.37635724483797,4.861935470755788e-9
19.396353485544715,5.339875261379378e-9
19.416349726251465,3.374301652625337e-8
19.43634596695821,1.3276462747574603e-8
19.45634220766496,4.900608181983509e-9
19.476338448371706,1.369055933408844e-9
19.496334689078452,5.335674193963357e-11
19.516330929785198,4.633772019041562e-10
19.536327170491948,6.12315635250486e-9
19.556323411198694,1.9016266573963586e-9
19.576319651905443,8.271154599156472e-9
19.59631589261219,9.49627206034123e-10
19.616312133318935,2.4839595949691747e-10
19.63630837402568,1.6177934418099162e-8
19.65630461473243,5.909310710501838e-9
19.676300855439177,6.624312003426081e-9
19.696297096145926,1.4292592349837624e-10
19.716293336852672,1.7440046940515008e-9
19.73628957755942,3.798655338710541e-9
19.756285818266164,2.6030634923680406e-9
19.776282058972914,5.372769167831195e-9
19.79627829967966,8.194235709407415e-9
19.816274540386406,7.737487927433771e-9
19.836270781093152,1.1875292203026319e-8
19.8562670217999,4.221976275993631e-9
19.876263262506647,6.711700913222166e-9
19.896259503213397,3.4958494701070224e-8
19.916255743920143,1.1095608965403465e-8
19.93625198462689,6.317837022581121e-9
19.956248225333635,2.6058719908219873e-8
19.976244466040384,6.204158285875629e-8
19.99624070674713,8.492307440928318e-7
20.01623694745388,2.803882954303729e-7
20.036233188160626,3.4984448132857024e-7
20.056229428867372,4.088348736373777e-8
20.076225669574118,3.2986381277428915e-9
20.096221910280867,1.676587663151631e-8
20.116218150987613,1.8905013544609313e-8
20.136214391694363,2.2290488636353187e-9
20.15621063240111,4.436115945658866e-9
20.176206873107855,8.086522323225167e-9
20.1962031138146,5.948687992418822e-10
20.21619935452135,6.257618627721572e-10
20.236195595228097,2.334009920280217e-9
20.256191835934843,9.95737562021735e-9
20.27618807664159,6.390081242685626e-9
20.296184317348338,2.2383824592819706e-8
20.316180558055084,9.047360304626433e-9
20.336176798761834,8.93819513968792e-9
20.35617303946858,1.0964960851196863e-8
20.376169280175326,2.3893866282611483e-9
20.39616552088207,1.8662351346598227e-8
20.41616176158882,9.77105953045453e-9
20.436158002295567,6.174822365216626e-10
20.456154243002317,3.1515404245750974e-9
20.476150483709063,3.6192538808969916e-9
20.496146724415812,2.470330404682945e-10
20.516142965122558,8.412705058927989e-10
20.536139205829304,1.2201444777362602e-9
20.55613544653605,2.0816346443550947e-9
20.5761316872428,1.707189556905723e-8
20.596127927949546,1.1091579720814813e-8
20.61612416865629,1.171141960391754e-8
20.636120409363038,7.748509117043534e-10
20.65611665006979,5.97874593713015e-9
20.676112890776537,1.798508803406531e-8
20.696109131483283,1.3206740624752108e-8
20.71610537219003,5.861595480041252e-9
20.73610161289678,6.030071301027465e-9
20.756097853603524,4.420243910658715e-9
20.77609409431027,3.0945083014099287e-9
20.796090335017016,1.7694119261784096e-9
20.816086575723766,1.6930755678783745e-8
20.836082816430512,3.816337612414886e-9
20.856079057137258,1.3223953083617504e-8
20.876075297844004,1.4943951352128742e-9
20.896071538550753,2.6388892318459676e-8
20.9160677792575,2.0217080923241343e-8
20.936064019964245,8.882967443602989e-10
20.95606026067099,2.5197248613239546e-8
20.976056501377744,6.98351801903796e-8
20.99605274208449,1.4348930490437555e-6
21.016048982791236,2.8080635307262507e-7
21.036045223497982,5.525623574029898e-7
21.056041464204732,2.495482807675942e-8
21.076037704911478,1.3176314472539388e-9
21.096033945618224,3.5301351839936177e-8
21.11603018632497,2.016040391944374e-9
21.13602642703172,3.876768216647169e-9
21.156022667738466,7.243188574246941e-9
21.17601890844521,5.5481002829265306e-9
21.196015149151958,5.006759862414822e-9
21.216011389858707,6.567147628611245e-9
21.236007630565453,2.326415448967489e-9
21.2560038712722,1.9417180752463e-9
21.276000111978945,1.5738946786230658e-8
21.295996352685698,2.0473670286298264e-8
21.315992593392444,3.3317662382878174e-9
21.33598883409919,9.550650930025804e-9
21.355985074805936,1.88348513540041e-9
21.375981315512686,2.47838423662978e-8
21.39597755621943,2.1949221450930446e-9
21.415973796926178,6.4107685958803e-9
21.435970037632924,5.5487453775705184e-9
21.455966278339673,3.1129060524913635e-9
21.47596251904642,6.028078795775169e-11
21.495958759753165,3.5514276664261763e-9
21.51595500045991,1.8542049865416275e-9
21.535951241166664,9.418063874676273e-9
21.55594748187341,1.130435570202493e-8
21.575943722580156,1.6476412284448517e-8
21.595939963286902,4.886708494424223e-9
21.615936203993652,4.2974439417021603e-10
21.635932444700398,1.0693587944496478e-9
21.655928685407144,2.5724177934366893e-9
21.67592492611389,9.421421513825468e-9
21.69592116682064,1.059347945969293e-8
21.715917407527385,1.3351912734082562e-8
21.73591364823413,1.3544739296802398e-9
21.755909888940877,1.0140602998271398e-8
21.775906129647627,1.2975868019847219e-8
21.795902370354373,3.3174029660899556e-9
21.81589861106112,2.198499515073058e-9
21.835894851767865,1.3694338776338125e-8
21.855891092474618,1.9431066579934984e-9
21.875887333181364,9.072501687663957e-9
21.89588357388811,1.3259592630132641e-9
21.915879814594856,1.232294559319405e-9
21.935876055301605,1.4101055751243365e-10
21.95587229600835,8.432581879791123e-10
21.975868536715097,2.6076683582492548e-8
21.995864777421843,9.858957152084347e-7
22.015861018128593,5.8615862488332744e-9
22.03585725883534,5.138559161332486e-7
22.055853499542085,2.7198164368436666e-8
22.07584974024883,3.483747220845742e-9
22.095845980955584,1.2747421297680032e-8
22.11584222166233,6.883425817307602e-9
22.135838462369076,1.9191755049343038e-9
22.155834703075822,1.6425857031349567e-9
22.17583094378257,2.5881722925767026e-8
22.195827184489318,8.102771191596389e-9
22.215823425196064,1.1515508435949582e-9
22.23581966590281,5.346425776351069e-9
22.25581590660956,4.784206180712604e-9
22.275812147316305,1.5035602954084365e-8
22.29580838802305,2.427903326355326e-8
22.315804628729797,2.667241374951908e-9
22.335800869436547,4.541422152544564e-9
22.355797110143293,4.060825069792731e-9
22.37579335085004,2.113225500853015e-9
22.395789591556785,3.296080734558946e-10
22.415785832263538,2.5288100444041783e-9
22.435782072970284,1.4340761365740012e-9
22.45577831367703,3.5779135715586214e-9
22.475774554383776,1.1178810225617207e-8
22.495770795090525,1.5141259304833536e-9
22.51576703579727,2.970603868749705e-9
22.535763276504017,2.3478453490679466e-10
22.555759517210763,6.861410451743608e-9
22.575755757917513,2.052181687928405e-9
22.59575199862426,1.528046956701312e-8
22.615748239331005,1.1637062530868271e-8
22.63574448003775,1.1282215532815414e-8
22.655740720744504,7.633203774946098e-10
22.67573696145125,4.53536305772519e-9
22.695733202157996,8.11184721058933e-9
22.715729442864742,2.1360640879171476e-9
22.73572568357149,2.3177024055838557e-9
22.755721924278237,1.5582969162975313e-9
22.775718164984983,1.66307141014141e-8
22.79571440569173,6.215380802248452e-9
22.81571064639848,1.4024303504746147e-8
22.835706887105225,1.3965718097992396e-9
22.85570312781197,2.055423714698025e-9
22.875699368518717,3.896144869989265e-9
22.895695609225466,6.604184442083797e-9
22.915691849932212,9.761024357543185e-9
22.93568809063896,2.3586996408028215e-8
22.955684331345704,4.165115504790643e-9
22.975680572052458,2.980082577576628e-8
22.995676812759204,6.597741881562227e-7
23.01567305346595,9.507376247881189e-8
23.035669294172695,3.651974622779314e-7
23.055665534879445,2.159915689074175e-8
23.07566177558619,4.4852860377485985e-9
23.095658016292937,7.435966867388342e-10
23.115654256999683,1.1630157847356396e-8
23.135650497706433,1.2725328809562405e-10
23.15564673841318,7.680161504871591e-9
23.175642979119925,1.1129631083394193e-9
23.19563921982667,1.4388176805732652e-8
23.21563546053342,1.5233840849917808e-9
23.235631701240166,5.816087330497191e-9
23.255627941946912,9.449734344004882e-11
23.275624182653658,3.1783442773354854e-9
23.29562042336041,7.7016947310615e-9
23.315616664067157,5.197718161399686e-10
23.335612904773903,2.6339352152786006e-9
23.35560914548065,9.284843648394855e-9
23.3756053861874,2.1176395703194117e-9
23.395601626894145,1.23190431766434e-8
23.41559786760089,1.829854988994586e-8
23.435594108307637,9.517641464153405e-9
23.455590349014386,7.000821972152626e-9
23.475586589721132,5.250395358468819e-9
23.495582830427878,2.5799110619816545e-10
23.515579071134624,2.2883675437967787e-9
23.535575311841377,7.847274947754958e-10
23.555571552548123,7.50220701820901e-9
23.57556779325487,7.098304702317345e-10
23.595564033961615,2.6405406635206177e-9
23.615560274668365,3.804797510173402e-9
23.63555651537511,4.9262120676337084e-9
23.655552756081857,4.5056588965214855e-10
23.675548996788603,2.3675462230233336e-8
23.695545237495352,4.690930483086713e-9
23.7155414782021,7.766418123290037e-9
23.735537718908844,6.445394655070656e-9
23.75553395961559,2.675615892874816e-9
23.77553020032234,9.20460913989229e-9
23.795526441029086,7.072478096202462e-9
23.815522681735832,1.57439455381498e-9
23.835518922442578,1.9398291792433725e-9
23.85551516314933,1.130188686136899e-8
23.875511403856077,1.4035879651748028e-10
23.895507644562823,3.335482817577588e-9
23.91550388526957,1.3465667944610791e-8
23.93550012597632,3.325423346206823e-8
23.955496366683064,4.520223665751698e-8
23.97549260738981,1.234516402633964e-7
23.995488848096556,4.659586068865741e-7
24.015485088803306,5.3737159599507687e-8
24.035481329510052,9.640164863368357e-8
24.055477570216798,3.4784839446004624e-8
24.075473810923544,4.020748576906587e-8
24.095470051630297,5.298675314599248e-9
24.115466292337043,3.404286159733296e-11
24.13546253304379,4.119777406271343e-9
24.155458773750535,2.8628449710711995e-8
24.175455014457285,2.766984657150007e-10
24.19545125516403,1.893806139602541e-8
24.215447495870777,1.5188892330865694e-9
24.235443736577523,2.0055448934584837e-8
24.255439977284272,3.688301912334173e-9
24.275436217991018,3.736750008505642e-9
24.295432458697764,3.285056477968129e-9
24.31542869940451,2.5674621527869386e-10
24.33542494011126,1.322418093482091e-9
24.355421180818006,5.611543872578025e-9
24.37541742152475,1.1752296142145666e-8
24.395413662231498,4.1451835359675714e-9
24.41540990293825,8.251640497551017e-9
24.435406143644997,1.3844286188460446e-9
24.455402384351743,1.2357856968797418e-8
24.47539862505849,5.072066752798544e-10
24.49539486576524,1.834621647537616e-8
24.515391106471984,6.529811511457031e-9
24.53538734717873,1.9135104404556686e-8
24.555383587885476,3.004622194280133e-9
24.575379828592226,2.3048273416602028e-8
24.595376069298972,1.2270715139724935e-8
24.615372310005718,1.0073214758940104e-8
24.635368550712464,3.807657108482331e-9
24.655364791419217,6.551507570284786e-9
24.675361032125963,3.6334083582248397e-9
24.69535727283271,1.9230026035480992e-8
24.715353513539455,2.366105027673657e-8
24.735349754246204,3.752155348699526e-9
24.75534599495295,5.558587774095554e-9
24.775342235659696,1.031285665547748e-8
24.795338476366442,1.410762531705717e-8
24.815334717073192,8.380336111603778e-9
24.835330957779938,9.558108813360734e-9
24.855327198486684,2.3309580895215074e-9
24.87532343919343,3.249499026663077e-9
24.89531967990018,8.752581309652673e-9
24.915315920606925,1.1432006724137974e-8
24.93531216131367,1.0206913434111286e-8
24.955308402020417,1.2593711585674177e-8
24.97530464272717,1.8871202634277242e-8
24.995300883433917,4.911888416930425e-7
25.015297124140663,3.0967090871034455e-7
25.03529336484741,6.2465479804253e-8
25.055289605554158,3.365524975512202e-8
25.075285846260904,3.490099853761242e-8
25.09528208696765,5.82148331520206e-9
25.115278327674396,7.502384935520716e-9
25.135274568381146,6.526717745589296e-9
25.15527080908789,8.65307562927193e-9
25.175267049794638,3.134472921594091e-9
25.195263290501384,1.6468323733876154e-9
25.215259531208133,9.66346123588471e-9
25.23525577191488,2.1741055322691135e-8
25.255252012621625,3.765796636378799e-10
25.27524825332837,6.964271677856629e-9
25.295244494035124,1.0697433294436334e-8
25.31524073474187,1.421078761496774e-9
25.335236975448616,4.159454846249898e-9
25.355233216155362,7.70835440730807e-10
25.37522945686211,6.359363488355032e-9
25.395225697568858,8.062586288970124e-10
25.415221938275604,8.545091367326044e-9
25.43521817898235,2.211551787643599e-9
25.4552144196891,1.0751096695939614e-8
25.475210660395845,6.522228511990976e-9
25.49520690110259,2.759840760479962e-9
25.515203141809337,1.4079533426994738e-9
25.53519938251609,6.87365998459185e-9
25.555195623222836,2.662999501438202e-8
25.575191863929582,4.39310102188038e-9
25.59518810463633,3.4355802408323096e-9
25.615184345343078,5.615593512231517e-10
25.635180586049824,1.427269106174266e-8
25.65517682675657,1.1030742377315644e-9
25.675173067463316,1.4561515811265673e-9
25.695169308170065,1.69763344583947e-9
25.71516554887681,5.609039284359999e-10
25.735161789583557,2.2538818598210884e-9
25.755158030290303,3.6084605881071172e-9
25.775154270997053,9.218235980171436e-9
25.7951505117038,7.149683833860301e-9
25.815146752410545,5.063827902777737e-8
25.83514299311729,4.8890143270133725e-9
25.855139233824044,1.1020209285115647e-9
25.87513547453079,9.59330047514413e-10
25.895131715237536,3.0033048640545473e-9
25.915127955944282,2.3714550124901443e-8
25.93512419665103,1.4476289225745379e-8
25.955120437357778,1.6292926943695434e-9
25.975116678064524,1.8721689704363278e-8
25.99511291877127,3.356935136716793e-7
26.01510915947802,4.4696568249115025e-8
26.035105400184765,2.767785524987755e-7
26.05510164089151,4.552521059178794e-9
26.075097881598257,1.8360794537373582e-8
26.09509412230501,4.323553960867082e-9
26.115090363011756,1.4820914184150016e-10
26.135086603718502,5.716668526556995e-10
26.155082844425248,9.59620808186786e-9
26.175079085131998,5.347294928167721e-9
26.195075325838744,5.049754632718723e-9
26.21507156654549,2.9734540203540424e-9
26.235067807252236,8.244315409410862e-9
26.255064047958985,3.835220044770064e-9
26.27506028866573,1.0210348966929235e-9
26.295056529372477,8.554961227093282e-9
26.315052770079223,2.086704415084326e-8
26.335049010785973,1.6543657770221567e-8
26.35504525149272,6.180998535123604e-9
26.375041492199465,9.08850672341339e-10
26.39503773290621,2.5204405541562114e-9
26.415033973612964,3.490408522564054e-9
26.43503021431971,1.7102380482107343e-8
26.455026455026456,9.188609728838928e-9
26.4750226957332,5.8323132462410335e-9
26.49501893643995,6.757624078982074e-11
26.515015177146697,1.4497356217804505e-8
26.535011417853443,1.6026799349421504e-9
26.55500765856019,2.167811512274584e-8
26.57500389926694,1.5028710106792463e-8
26.595000139973685,6.431134132784922e-10
26.61499638068043,8.809797021457406e-10
26.634992621387177,2.3007104995022968e-9
26.65498886209393,6.922103950598163e-10
26.674985102800676,1.5659008304704982e-9
26.694981343507422,9.776319140965118e-10
26.714977584214168,4.535273050401655e-9
26.734973824920917,5.355861727625597e-10
26.754970065627663,5.373692664111665e-10
26.77496630633441,9.729876295090012e-11
26.794962547041155,9.638182328974206e-9
26.814958787747905,1.7951916863365829e-9
26.83495502845465,2.018473387485716e-9
26.854951269161397,1.532580726844596e-9
26.874947509868143,4.6712244838866736e-9
26.894943750574893,1.8640947699382715e-9
26.91493999128164,8.488508447154663e-9
26.934936231988384,5.260138041388454e-9
26.95493247269513,2.795229649291826e-9
26.974928713401884,3.257707380768093e-8
26.99492495410863,1.5989371782616496e-7
27.014921194815376,9.593422033662058e-9
27.03491743552212,3.362070132057664e-7
27.05491367622887,1.9638943676329917e-8
27.074909916935617,2.4659936600129467e-8
27.094906157642363,8.368425143532725e-9
27.11490239834911,7.944797881691426e-11
27.13489863905586,1.7833117648820285e-8
27.154894879762605,1.339588108397892e-8
27.17489112046935,1.328803438008519e-8
27.194887361176097,3.6954698907337853e-9
27.214883601882846,2.0815122349573466e-8
27.234879842589592,1.750231884786389e-9
27.254876083296338,1.254568839423622e-9
27.274872324003084,1.0296614611937714e-9
27.294868564709837,2.2282711150346034e-8
27.314864805416583,7.911496435311061e-9
27.33486104612333,2.425064194336971e-9
27.354857286830075,1.514224526705883e-8
27.374853527536825,1.3003592724065466e-9
27.39484976824357,3.690937339183219e-9
27.414846008950317,5.947127436145116e-9
27.434842249657063,8.554044734372312e-9
27.454838490363812,5.5336947887080115e-9
27.47483473107056,5.214763686243122e-9
27.494830971777304,3.0407210369108898e-9
27.51482721248405,2.2640290974827817e-9
27.534823453190803,2.2301933491225593e-8
27.55481969389755,4.8966726168348185e-9
27.574815934604295,2.4670082642980448e-9
27.59481217531104,1.3724790852842076e-8
27.61480841601779,4.2237652154160555e-10
27.634804656724537,3.546223421470802e-9
27.654800897431283,1.4763174482769622e-8
27.67479713813803,3.357871013397694e-9
27.69479337884478,3.2468392480904818e-9
27.714789619551524,2.467680592794474e-9
27.73478586025827,5.0839355625605394e-9
27.754782100965016,1.5127133993480457e-8
27.774778341671766,6.136712963429589e-9
27.794774582378512,1.6130531047243381e-9
27.814770823085258,2.141213442231365e-9
27.834767063792004,9.581200661036178e-9
27.854763304498757,3.004030488878495e-8
27.874759545205503,8.077271800774212e-9
27.89475578591225,1.1339369548726508e-8
27.914752026618995,4.993698338766952e-9
27.934748267325745,2.8175629658835983e-9
27.95474450803249,5.247181310354177e-9
27.974740748739237,4.565753356502951e-9
27.994736989445983,1.783888679966382e-7
28.014733230152732,7.705832150357378e-9
28.034729470859478,3.8667766886003705e-7
28.054725711566224,1.3705912022595443e-8
28.07472195227297,1.9902462558933358e-8
28.094718192979723,1.5087108481848667e-8
28.11471443368647,1.9471320523608225e-8
28.134710674393215,2.605342006640735e-8
28.15470691509996,8.732821412875336e-9
28.17470315580671,9.659355379972678e-9
28.194699396513457,2.6030887322586935e-9
28.214695637220203,7.393791168593254e-9
28.23469187792695,4.969135885138657e-9
28.2546881186337,8.867446887194674e-9
28.274684359340444,1.124425482346144e-8
28.29468060004719,1.5194864772173244e-9
28.314676840753936,1.861925892899105e-9
28.334673081460686,1.5672057393984982e-8
28.35466932216743,9.647903825631517e-9
28.374665562874178,1.021594683937153e-8
28.394661803580924,3.8695569832404605e-8
28.414658044287677,1.3827553752379758e-9
28.434654284994423,7.160478078975678e-9
28.45465052570117,4.831332380910001e-9
28.474646766407915,3.060192387216164e-9
28.494643007114664,8.416322360805219e-9
28.51463924782141,1.4531883265424314e-8
28.534635488528156,2.7215224248154774e-9
28.554631729234902,2.5846959262202816e-9
28.574627969941652,1.5035726162606177e-8
28.594624210648398,1.725914425853826e-9
28.614620451355144,1.218553504352551e-8
28.63461669206189,1.3744645462094878e-10
28.654612932768643,4.645856651027693e-9
28.67460917347539,1.622074478829703e-10
28.694605414182135,3.060852260660469e-10
28.71460165488888,1.30468339280261e-8
28.73459789559563,1.6538254618620838e-9
28.754594136302376,4.041915449209921e-9
28.774590377009122,1.3431601527505945e-8
28.79458661771587,7.800327818343536e-9
28.814582858422618,4.07447757339043e-9
28.834579099129364,1.0804077382985206e-8
28.85457533983611,4.458917702907654e-9
28.874571580542856,6.46812997365165e-9
28.894567821249606,3.09983092335431e-9
28.91456406195635,4.896703378032538e-9
28.934560302663098,7.145037361130369e-11
28.954556543369844,6.395557618690385e-9
28.974552784076597,1.5336135008689164e-8
28.994549024783343,1.0882041578057278e-7
29.01454526549009,1.827416879228348e-7
29.034541506196835,2.2593013237852562e-7
29.054537746903584,4.373983691352326e-8
29.07453398761033,6.088768496009427e-8
29.094530228317076,1.3248056254449032e-9
29.114526469023822,6.9136147734027034e-9
29.13452270973057,9.103692267042967e-9
29.154518950437318,1.1174894371332784e-9
29.174515191144064,8.069907812938414e-9
29.19451143185081,1.0992379406688583e-8
29.21450767255756,3.6413745539347725e-9
29.234503913264305,9.774611614560852e-9
29.25450015397105,2.6014064601826013e-9
29.274496394677797,1.0525647291062904e-8
29.29449263538455,8.412798859285503e-9
29.314488876091296,6.2573841918835775e-9
29.334485116798042,8.288188961407194e-10
29.35448135750479,2.627457114079176e-8
29.374477598211538,7.30809886845392e-9
29.394473838918284,1.55484729064541e-9
29.41447007962503,1.393325487454097e-9
29.434466320331776,3.831018602944405e-8
29.454462561038525,1.919380036871115e-8
29.47445880174527,6.1235901083998636e-9
29.494455042452017,4.7435633355956314e-9
29.514451283158763,1.1565242361457477e-8
29.534447523865516,1.1303078584459719e-8
29.554443764572262,5.588360334224693e-9
29.57444000527901,3.817651372505003e-10
29.594436245985754,9.427186320371088e-10
29.614432486692504,4.884911828614375e-10
29.63442872739925,2.826728755211776e-9
29.654424968105996,1.8114201809168785e-8
29.674421208812742,8.467638772374946e-9
29.69441744951949,7.658207184191521e-9
29.714413690226237,3.923117232986e-9
29.734409930932983,6.457425163176414e-10
29.75440617163973,6.2716729976265134e-9
29.77440241234648,3.8756555260339055e-9
29.794398653053225,1.0598695408904215e-9
29.81439489375997,1.2466957354106577e-10
29.834391134466717,3.3844458850853023e-10
29.85438737517347,1.1186311154043342e-9
29.874383615880216,4.193401794266764e-9
29.894379856586962,3.7205513435683636e-11
29.914376097293708,2.7472519659230537e-9
29.934372338000458,4.592188914051148e-10
29.954368578707204,2.5626598114096557e-9
29.97436481941395,3.9813706271191376e-8
29.994361060120696,1.0498622762185182e-7
30.014357300827445,1.0769702490581966e-7
30.03435354153419,2.2494529127212658e-8
30.054349782240937,1.7587523601272762e-8
30.074346022947683,3.549007975425463e-8
30.094342263654436,1.2459933188232078e-8
30.114338504361182,1.7697323597554523e-8
30.134334745067928,2.968180779472749e-8
30.154330985774674,1.678212043890394e-8
30.174327226481424,6.501264306258628e-10
30.19432346718817,4.3528167688283625e-9
30.214319707894916,4.505666925066345e-9
30.23431594860166,7.248868032269162e-10
30.25431218930841,2.9606061644930595e-8
30.274308430015157,1.235550900280674e-8
30.294304670721903,5.59434236844796e-9
30.31430091142865,2.0260078914910328e-9
30.3342971521354,8.133864554522879e-9
30.354293392842145,5.265739976186058e-9
30.37428963354889,1.9454279816732752e-8
30.394285874255637,1.3561163511541392e-9
30.41428211496239,2.0815145033171067e-9
30.434278355669136,1.0657241277401441e-9
30.454274596375882,1.125063019276484e-8
30.474270837082628,9.50461323140257e-10
30.494267077789377,7.108994771704195e-10
30.514263318496123,1.9121695628410077e-8
30.53425955920287,4.794890775853075e-9
30.554255799909615,6.145429894267897e-10
30.574252040616365,2.685051962865207e-9
30.59424828132311,2.3411282365220093e-9
30.614244522029857,2.322556368515077e-9
30.634240762736603,7.856734970669901e-9
30.654237003443356,1.7624720756788356e-10
30.674233244150102,4.125427492379539e-9
30.694229484856848,8.959842128193574e-9
30.714225725563594,1.7446257690605662e-9
30.734221966270344,2.9373218780303917e-10
30.75421820697709,6.440792181571105e-9
30.774214447683836,6.450583975076273e-10
30.79421068839058,7.281801368342734e-12
30.81420692909733,2.586864135619497e-9
30.834203169804077,1.9059953985512883e-8
30.854199410510823,1.7500519467831085e-8
30.87419565121757,3.559188772964335e-9
30.89419189192432,4.959376073996759e-8
30.914188132631065,1.345913690844024e-8
30.93418437333781,1.6935115140949885e-8
30.954180614044557,8.324190523635781e-9
30.97417685475131,9.785228066275203e-8
30.994173095458056,1.7717774932464368e-7
31.0141693361648,2.008830164649225e-8
31.034165576871548,3.8512080183402605e-8
31.054161817578297,2.6235467959454097e-10
31.074158058285043,7.952171420994867e-9
31.09415429899179,1.4059094049099951e-8
31.114150539698535,4.608663551375889e-8
31.134146780405285,1.6959734683741825e-9
31.15414302111203,1.0517077157048748e-8
31.174139261818777,2.764451403797065e-9
31.194135502525523,2.5665026379050493e-8
31.214131743232272,1.846517120109957e-9
31.23412798393902,2.996239610170176e-9
31.254124224645764,3.178024648344935e-9
31.27412046535251,1.1928499061297246e-8
31.294116706059263,2.6019292933081776e-9
31.31411294676601,3.5098761177516457e-9
31.334109187472755,4.067998823416893e-9
31.3541054281795,5.854187191782136e-9
31.37410166888625,1.1563642306972774e-9
31.394097909592997,2.3261794333471955e-11
31.414094150299743,3.392006814342856e-9
31.43409039100649,1.534158911651362e-8
31.45408663171324,6.994525681555339e-9
31.474082872419984,1.55611244325593e-8
31.49407911312673,4.8662395815425734e-8
31.514075353833476,6.7956687118644546e-9
31.53407159454023,2.1041004909956574e-8
31.554067835246975,1.4892641072653081e-8
31.57406407595372,7.785433814248344e-9
31.594060316660467,1.9938738190313123e-9
31.614056557367217,3.0841118058390685e-9
31.634052798073963,2.668363403882469e-9
31.65404903878071,2.896059219318091e-9
31.674045279487455,4.3870210914170225e-9
31.694041520194205,1.0596025250711073e-8
31.71403776090095,4.933367549809426e-9
31.734034001607696,2.3448976232592134e-9
31.754030242314442,4.457937190721579e-9
31.774026483021192,1.429586252108483e-9
31.794022723727938,9.825274231379396e-9
31.814018964434684,9.949660373809778e-9
31.83401520514143,2.973216393046593e-8
31.854011445848183,3.41949419688507e-8
31.87400768655493,1.116229683782617e-9
31.894003927261675,2.4909686723773118e-8
31.91400016796842,9.573313240275778e-9
31.93399640867517,3.1075298721300006e-8
31.953992649381917,1.204397747721962e-8
31.973988890088663,5.8150448015406436e-8
31.99398513079541,1.106482748535577e-7
32.01398137150216,7.003459291259714e-8
32.03397761220891,9.522629309567053e-10
32.053973852915654,8.048874546531554e-9
32.0739700936224,1.1733613407322873e-8
32.093966334329146,1.109862536988903e-8
32.11396257503589,6.319999774773047e-9
32.13395881574264,6.465983042101873e-9
32.153955056449384,7.306304717232771e-10
32.17395129715614,1.5130919727073426e-9
32.19394753786288,1.1527754886418045e-8
32.21394377856963,1.4160842268242625e-8
32.233940019276375,1.9738205791577724e-8
32.25393625998313,2.106245177955003e-9
32.273932500689874,1.5446098605464087e-8
32.29392874139662,3.4561638280658223e-9
32.313924982103366,2.156509877238386e-9
32.33392122281011,1.0838707526441812e-8
32.35391746351686,1.574969870028414e-8
32.373913704223604,3.7929627403803023e-10
32.39390994493035,1.0813103555834406e-8
32.4139061856371,2.6022032024949193e-8
32.43390242634385,6.531547544946852e-9
32.453898667050595,6.352680068664115e-9
32.47389490775734,1.2743165678235535e-8
32.49389114846409,5.8931794542999706e-9
32.51388738917083,2.9274695510534474e-10
32.53388362987758,1.80781825204319e-10
32.553879870584325,4.413437023015914e-9
32.57387611129108,1.6039302540768756e-8
32.593872351997824,1.0223611622205911e-8
32.61386859270457,9.023309833001928e-9
32.633864833411316,8.974777948186744e-9
32.65386107411807,3.0998978046703607e-9
32.673857314824815,3.750558864229199e-8
32.69385355553156,6.704670789841552e-9
32.71384979623831,9.12992166236619e-10
32.73384603694505,6.2691244856421e-9
32.7538422776518,9.491702483692997e-9
32.773838518358545,8.780491138628177e-9
32.79383475906529,3.7958483562875206e-10
32.813830999772044,2.823253914611e-8
32.83382724047879,5.068791153431544e-9
32.853823481185536,1.8150632822149743e-8
32.87381972189228,1.4810220864094881e-8
32.893815962599035,1.152896379719702e-8
32.91381220330578,7.387871090377226e-9
32.93380844401253,7.816347097311901e-9
32.95380468471927,1.0366991910048423e-9
32.97380092542602,6.902478206620427e-8
32.993797166132765,7.775150573853651e-8
33.01379340683951,3.962869798446979e-8
33.03378964754626,3.833351504309358e-8
33.05378588825301,1.6275649685313447e-8
33.073782128959756,1.4193881960283886e-8
33.0937783696665,8.705227011352998e-9
33.11377461037325,3.4583935999145233e-9
33.13377085108,1.5381014996692967e-8
33.15376709178675,4.56997203744158e-9
33.17376333249349,1.0903659055106377e-9
33.19375957320024,3.7019096285264124e-9
33.213755813906985,3.0844018132465505e-8
33.23375205461373,1.218811114028235e-8
33.25374829532048,2.98531893564055e-9
33.27374453602722,8.972494933999844e-9
33.293740776733976,1.577678429974696e-8
33.31373701744072,3.813111055593558e-9
33.33373325814747,2.3059967469608767e-9
33.353729498854214,3.1131592964775225e-8
33.37372573956097,3.420451501276722e-9
33.39372198026771,2.306842739371891e-9
33.41371822097446,1.3838805479311308e-8
33.433714461681205,1.2856386408252867e-8
33.45371070238795,8.044452221258273e-9
33.4737069430947,2.286199938779811e-9
33.49370318380144,5.785381408796877e-9
33.51369942450819,3.707052618135849e-9
33.53369566521494,1.689128479079193e-9
33.55369190592169,9.799899024163957e-9
33.573688146628434,7.92886859249049e-9
33.59368438733518,1.675903470846545e-9
33.61368062804193,8.20289143703566e-9
33.63367686874867,2.2765739784948486e-8
33.65367310945542,6.180831273325121e-9
33.673669350162164,6.027628394542994e-10
33.69366559086892,3.147654713105793e-8
33.71366183157566,9.593702157864441e-9
33.73365807228241,1.0597867571252026e-9
33.753654312989156,7.921385853228529e-9
33.77365055369591,2.4875918243093136e-8
33.793646794402655,3.2308087151827388e-9
33.8136430351094,1.3269980376126578e-10
33.83363927581615,1.6935973470256593e-9
33.85363551652289,6.308657160990839e-10
33.87363175722964,4.762159836483791e-9
33.893627997936385,6.63041579291087e-10
33.91362423864313,4.447823961118013e-9
33.933620479349884,1.1589216693778967e-8
33.95361672005663,8.466685122238379e-10
33.973612960763376,2.1053038996370274e-8
33.99360920147012,3.0536407390120304e-8
34.013605442176875,2.7988084057665423e-8
34.03360168288362,6.635218334931738e-8
34.05359792359037,5.220401665665088e-9
34.07359416429711,6.89356293499869e-9
34.09359040500386,2.175673366287776e-9
34.113586645710605,1.1741948279948268e-9
34.13358288641735,1.0494768594756876e-8
34.1535791271241,8.492622439337458e-9
34.17357536783085,1.0168843383197888e-8
34.193571608537596,1.5031974931908527e-8
34.21356784924434,3.816498368687616e-9
34.23356408995109,8.793882873597863e-10
34.25356033065784,3.970305986050054e-9
34.27355657136459,2.8806880465577786e-8
34.29355281207133,9.38592549224752e-9
34.31354905277808,3.44490552342965e-9
34.333545293484825,1.4720244340133585e-8
34.35354153419157,1.5274974528285864e-10
34.37353777489832,2.554296940321411e-9
34.39353401560506,7.515870285388562e-9
34.413530256311816,6.29632408143946e-9
34.43352649701856,1.1160931264327061e-8
34.45352273772531,4.7822120407100975e-9
34.473518978432054,8.334488027263471e-9
34.4935152191388,1.1615259765977474e-8
34.513511459845546,9.973723126857464e-9
34.53350770055229,1.242298278652827e-8
34.55350394125904,6.367420375071182e-9
34.57350018196579,7.423921528797687e-9
34.59349642267254,2.4233298791420553e-9
34.61349266337928,6.995971161683175e-9
34.63348890408603,1.6292395399331432e-9
34.65348514479278,5.17180769646465e-9
34.67348138549953,2.1845196930880665e-9
34.693477626206274,7.1833829591064985e-9
34.71347386691302,1.4651363080651628e-9
34.733470107619766,8.38774831248009e-10
34.75346634832651,2.1969822813921717e-9
34.77346258903326,1.6571147910755835e-8
34.793458829740004,1.8298328122022102e-9
34.81345507044676,4.7196236069631174e-8
34.8334513111535,1.874890178749536e-8
34.85344755186025,2.373387542814161e-9
34.873443792566995,1.2306881254654267e-8
34.89344003327375,1.1684400226530929e-8
34.913436273980494,1.3257433343951044e-8
34.93343251468724,2.289508919203699e-9
34.953428755393986,1.8232936624293504e-9
34.97342499610073,2.634790754071621e-8
34.99342123680748,1.258719694152847e-8
35.013417477514224,8.156828805115573e-9
35.03341371822097,2.8099941506104177e-9
35.05340995892772,8.761847686653186e-9
35.07340619963447,8.07675707530112e-10
35.093402440341215,1.1117600725613703e-8
35.11339868104796,3.1882635703458243e-8
35.133394921754714,1.3939852736285106e-9
35.15339116246146,4.71726117279772e-9
35.173387403168206,1.9471919194085423e-9
35.19338364387495,1.7348463113129577e-9
35.2133798845817,3.6357554691948027e-9
35.233376125288444,4.688895989592541e-10
35.25337236599519,8.10700209491746e-9
35.273368606701936,8.8513027915431e-9
35.29336484740869,1.0710644114012562e-8
35.313361088115435,3.371381104585141e-9
35.33335732882218,1.934620353078989e-9
35.35335356952893,7.685567214348271e-9
35.37334981023568,4.371799486689071e-9
35.39334605094243,3.0213196366245906e-8
35.41334229164917,5.590232753656737e-10
35.43333853235592,5.2964816000007995e-9
35.453334773062664,1.4647721101460876e-8
35.47333101376941,4.591166150827746e-9
35.493327254476156,3.3312864206443954e-9
35.5133234951829,4.634775514766499e-9
35.533319735889656,3.613575872143741e-8
35.5533159765964,1.1307456777302612e-8
35.57331221730315,8.05723550983277e-9
35.59330845800989,2.3584656057545587e-8
35.61330469871664,3.928523099865228e-9
35.633300939423386,1.0003024173497737e-8
35.65329718013013,1.9117617210792057e-8
35.67329342083688,6.828057525182727e-9
35.69328966154363,8.72114523133308e-10
35.71328590225038,5.467101951917472e-9
35.73328214295712,1.2465796402700571e-8
35.75327838366387,8.05102473881387e-9
35.77327462437062,1.1707638360382724e-8
35.79327086507737,2.7552170316297027e-9
35.813267105784114,1.5966552471717902e-8
35.83326334649086,5.964079778808728e-9
35.853259587197606,2.2183206035888865e-9
35.87325582790435,3.111155729752364e-9
35.8932520686111,2.253132627132579e-9
35.913248309317844,1.1242289451146225e-9
35.9332445500246,1.2169826399009323e-9
35.95324079073134,5.035710239207047e-9
35.97323703143809,2.8477312027911245e-8
35.993233272144835,7.263446617688384e-8
36.01322951285159,1.4751108678032127e-8
36.033225753558334,1.2177843335793109e-8
36.05322199426508,1.918033502426923e-8
36.073218234971826,4.933203216270246e-9
36.09321447567857,4.366222872793773e-9
36.11321071638532,1.4964279466062744e-8
36.133206957092064,1.2178222497243608e-9
36.15320319779881,8.872659445874621e-9
36.17319943850556,1.4318986209389138e-8
36.19319567921231,7.579250562274822e-9
36.213191919919055,7.395081887835011e-9
36.2331881606258,1.9930126973584968e-8
36.253184401332554,9.629529125236306e-9
36.2731806420393,8.842724787186815e-9
36.293176882746046,1.2178310405351821e-9
36.31317312345279,1.0370600626612716e-8
36.33316936415954,6.7269422489682934e-9
36.353165604866284,4.483011018028323e-9
36.37316184557303,9.734754488164265e-9
36.393158086279776,1.1070451427080691e-8
36.41315432698653,1.4229086236182465e-8
36.433150567693275,1.4257103492767768e-8
36.45314680840002,5.09194908503682e-9
36.47314304910677,1.9411937329336662e-9
36.49313928981351,4.091533176831429e-9
36.51313553052026,3.987054393480333e-9
36.533131771227005,3.835101874268801e-9
36.55312801193375,9.790122284897844e-9
36.573124252640504,6.768305274998321e-10
36.59312049334725,6.6865348981026995e-9
36.613116734053996,3.104261952464587e-9
36.63311297476074,1.784322733808109e-8
36.653109215467495,2.1419292502250763e-9
36.67310545617424,3.3670262177257387e-9
36.69310169688099,1.1992818067177516e-8
36.71309793758773,6.386889046817749e-10
36.73309417829448,6.771287989456498e-9
36.753090419001225,1.590948583576373e-8
36.77308665970797,1.7003850210917675e-9
36.79308290041472,1.0036311586894243e-9
36.81307914112147,5.69951741013188e-9
36.833075381828216,8.436099271851833e-9
36.85307162253496,4.9715627379592134e-9
36.87306786324171,1.5806446604005737e-8
36.89306410394846,6.931346623504834e-9
36.91306034465521,1.7342351887724652e-8
36.93305658536195,3.793031748082914e-9
36.9530528260687,3.0634418988004914e-8
36.973049066775445,2.7020910070352908e-8
36.99304530748219,1.0437117755299872e-8
37.01304154818894,2.023013696675883e-7
37.03303778889568,3.175937605732137e-8
37.053034029602436,3.450108432425696e-9
37.07303027030918,1.704875515592171e-8
37.09302651101593,6.3601700005937395e-9
37.113022751722674,7.313584318028126e-9
37.13301899242943,6.448855893389774e-9
37.15301523313617,1.721850648311572e-8
37.17301147384292,7.200405784038089e-9
37.193007714549665,9.790936923738996e-9
37.21300395525641,2.5503739147360268e-8
37.23300019596316,3.4385129329761557e-9
37.2529964366699,2.173900962304114e-9
37.27299267737665,1.4469723201425195e-8
37.2929889180834,4.9978956241650204e-9
37.31298515879015,1.670451569575559e-9
37.332981399496894,7.173851890890118e-9
37.35297764020364,1.8615764367531907e-9
37.37297388091039,3.985985056459095e-9
37.39297012161714,1.1238055323634686e-9
37.412966362323886,2.7202909490404306e-10
37.43296260303063,3.118836535929219e-9
37.45295884373738,1.678708920799949e-8
37.47295508444412,5.16223123529645e-9
37.49295132515087,2.924271052771611e-9
37.512947565857615,1.112058381433943e-8
37.53294380656437,1.0536713303885694e-8
37.552940047271115,7.993593136443935e-9
37.57293628797786,9.198798650689193e-9
37.59293252868461,2.6764855577072614e-8
37.61292876939135,2.663225303313291e-8
37.6329250100981,1.7970086534410403e-8
37.652921250804845,6.703023746931406e-10
37.67291749151159,5.401556489761875e-9
37.692913732218344,1.1136835601556375e-9
37.71290997292509,9.627644230138082e-9
37.732906213631836,4.437280879117644e-9
37.75290245433858,3.012978629451357e-9
37.772898695045335,8.5014459811089e-10
37.79289493575208,8.731146279015355e-9
37.81289117645883,8.963496960714645e-9
37.83288741716557,1.5807449948464274e-9
37.85288365787232,2.1515010685072506e-8
37.872879898579065,3.8967835275998943e-10
37.89287613928581,2.0056751756436956e-9
37.91287237999256,4.321107448934901e-9
37.93286862069931,1.6791693072656235e-9
37.952864861406056,1.2167294224263529e-9
37.9728611021128,5.676630259731996e-10
37.99285734281955,3.1611436497230016e-8
38.0128535835263,2.5025737152070086e-8
38.03284982423305,4.712774978069661e-9
38.05284606493979,2.3589192550332945e-8
38.07284230564654,3.121170689480226e-8
38.092838546353285,8.837409551590368e-9
38.11283478706003,6.016346573793226e-9
38.13283102776678,2.6446187276483526e-8
38.15282726847352,3.0013284076322374e-9
38.172823509180276,6.6360985555521775e-9
38.19281974988702,2.2716597816912517e-8
38.21281599059377,3.030293400585072e-8
38.232812231300514,2.5757198170334908e-8
38.25280847200727,2.318122105769556e-9
38.27280471271401,5.635279983909838e-9
38.29280095342076,3.4178184691783224e-10
38.312797194127505,1.9613120081117714e-9
38.33279343483425,7.11119526688053e-10
38.352789675541,5.157165014451454e-9
38.37278591624774,2.075147247317709e-8
38.39278215695449,1.0846961063098026e-8
38.41277839766124,3.7413180346194135e-9
38.43277463836799,2.762624528560965e-9
38.452770879074734,1.4050893844517319e-8
38.47276711978148,1.262947005379719e-8
38.492763360488226,3.60481428526389e-10
38.51275960119497,3.659004701690891e-9
38.53275584190172,2.692783547459778e-9
38.552752082608464,8.101865361614985e-9
38.57274832331522,1.5402733362580807e-9
38.59274456402196,3.1715714989741088e-9
38.61274080472871,3.1497131694807975e-9
38.632737045435455,2.8854671473540894e-9
38.65273328614221,2.6048880460867373e-8
38.672729526848954,6.463793801791902e-10
38.6927257675557,9.008003920642014e-9
38.712722008262446,8.013663541133603e-9
38.73271824896919,1.1411865730202186e-8
38.75271448967594,3.642964538329258e-9
38.772710730382684,4.504410385688648e-9
38.79270697108943,1.9326171242977396e-9
38.81270321179618,4.346905634464501e-9
38.83269945250293,4.086670607961961e-9
38.852695693209675,5.4393986976131e-9
38.87269193391642,3.437783311291927e-9
38.892688174623174,8.654520800273608e-9
38.91268441532992,5.00441949279564e-9
38.932680656036666,9.57586736665951e-9
38.95267689674341,5.630184856146821e-9
38.97267313745016,1.2888461771127323e-8
38.992669378156904,3.3487861651555253e-8
39.01266561886365,7.756071903814902e-9
39.032661859570396,9.379989866565347e-9
39.05265810027715,9.466680829157785e-9
39.072654340983895,6.5533586448920424e-9
39.09265058169064,3.6989341219127906e-9
39.11264682239739,4.1808723079520074e-10
39.13264306310414,1.630195268554394e-8
39.152639303810886,1.081341666657885e-8
39.17263554451763,4.9338064693253405e-9
39.19263178522438,1.5226436863048643e-8
39.212628025931124,2.1545667307965205e-8
39.23262426663787,1.416574950408261e-9
39.252620507344616,9.897624523866743e-9
39.27261674805136,8.374733172248391e-9
39.292612988758115,1.5315150024621835e-8
39.31260922946486,1.6116883377238832e-9
39.33260547017161,1.0391947877499124e-10
39.35260171087835,1.3948154492515663e-8
39.37259795158511,1.2162910419094148e-8
39.39259419229185,3.079111259148259e-9
39.4125904329986,1.950303111849887e-9
39.432586673705345,1.1436750273471042e-8
39.45258291441209,2.070875258024217e-8
39.47257915511884,1.1130299331684446e-8
39.49257539582558,2.606328705940361e-9
39.51257163653233,1.29480839831567e-9
39.53256787723908,2.890498239714489e-9
39.55256411794583,2.9054523429067704e-9
39.572560358652574,9.922101203845672e-9
39.59255659935932,3.7185014617492597e-9
39.612552840066066,1.3527335706363152e-8
39.63254908077281,1.3836688979048817e-8
39.65254532147956,8.612935995886747e-9
39.672541562186304,9.915855264776971e-9
39.69253780289306,1.956766642619942e-8
39.7125340435998,8.328469251510783e-9
39.73253028430655,9.644322661016985e-9
39.752526525013295,2.2333487662204774e-9
39.77252276572005,5.85715080620721e-9
39.792519006426794,3.1580781416729326e-9
39.81251524713354,5.742022290080107e-9
39.832511487840286,4.5080810427942115e-10
39.85250772854703,1.0959041127906884e-9
39.87250396925378,2.778858764622752e-9
39.892500209960524,6.416835908247209e-10
39.91249645066727,4.250418005852307e-9
39.93249269137402,3.04842137380998e-10
39.95248893208077,1.0843578574933027e-8
39.972485172787515,1.4431465884667493e-8
39.99248141349426,4.4794733828760305e-8
40.012477654201014,1.507756496837687e-9
40.03247389490776,6.36293472041649e-8
40.052470135614506,1.099833155695701e-8
40.07246637632125,5.368593009539357e-9
40.092462617028,2.3926249361115876e-8
40.112458857734744,3.1923569171286844e-8
40.13245509844149,4.394779279340211e-9
40.152451339148236,8.403827799113886e-10
40.17244757985499,2.6936912779931427e-8
40.192443820561735,1.6497745417003849e-9
40.21244006126848,2.2077507496668383e-9
40.23243630197523,1.2189305439748827e-8
40.25243254268198,3.0701510619532923e-9
40.272428783388726,7.842617463636668e-10
40.29242502409547,1.777099338117026e-10
40.31242126480222,3.8336697506729035e-9
40.332417505508964,6.102553716124256e-9
40.35241374621571,2.3652365803945813e-8
40.372409986922456,7.596867583442703e-10
40.3924062276292,1.498534224547589e-8
40.412402468335955,2.624611457557848e-8
40.4323987090427,9.644237522525669e-11
40.45239494974945,1.37209581948791e-8
40.47239119045619,3.07988520438062e-9
40.49238743116294,1.5083455461839506e-8
40.512383671869685,5.756316519185947e-9
40.53237991257643,5.15294941323065e-9
40.55237615328318,1.7195436189698782e-8
40.57237239398993,3.409322673777321e-9
40.592368634696676,4.859045416255103e-9
40.61236487540342,6.762404875939067e-9
40.63236111611017,2.806489967086264e-9
40.65235735681692,1.7518418373484043e-8
40.67235359752367,1.9379340359264837e-9
40.69234983823041,6.018110028491143e-9
40.71234607893716,1.0228246527501907e-8
40.732342319643905,4.048112306628277e-9
40.75233856035065,2.0799772596749036e-8
40.7723348010574,1.8010483785879007e-8
40.79233104176414,8.270104013273392e-9
40.812327282470896,4.300532177309255e-9
40.83232352317764,1.4268695291225914e-10
40.85231976388439,1.9525250348408533e-9
40.872316004591134,1.572359307381533e-7
40.89231224529789,3.325625620391728e-8
40.91230848600463,9.30694394712217e-9
40.93230472671138,7.109674236067652e-9
40.952300967418125,3.796987918561177e-9
40.97229720812487,3.488979682885685e-8
40.992293448831624,5.1587441692410394e-8
41.01228968953836,2.6554875217690715e-8
41.032285930245116,1.2211290042852647e-8
41.052282170951855,1.4890772528139096e-8
41.07227841165861,1.9446927989418142e-8
41.09227465236536,1.6511349703272207e-9
41.1122708930721,4.6826044414783565e-9
41.13226713377885,1.2346624826781934e-8
41.1522633744856,6.631038445732637e-9
41.172259615192345,1.8993057160252594e-8
41.19225585589909,5.139634844799864e-9
41.21225209660584,1.1054450855259383e-8
41.23224833731258,3.353482410338392e-9
41.25224457801934,6.1208575054512285e-9
41.272240818726075,4.4451590023410345e-10
41.29223705943283,1.2107721246350917e-8
41.31223330013958,1.438952803691634e-8
41.33222954084632,3.3584313174241782e-9
41.352225781553074,1.1017078579180526e-8
41.37222202225981,1.6012017488898203e-8
41.392218262966566,6.682536830486505e-9
41.41221450367331,1.016769391520498e-8
41.43221074438006,8.631374653066722e-9
41.452206985086804,1.0409607963166181e-8
41.47220322579356,1.4822885197403179e-9
41.492199466500296,7.297394778317668e-9
41.51219570720705,3.897636652794384e-9
41.53219194791379,7.471027589624202e-9
41.55218818862054,1.2249343590238466e-8
41.57218442932729,5.466444009760286e-10
41.59218067003403,9.094135738126323e-9
41.61217691074078,1.5056709176063458e-8
41.63217315144753,3.981165667114489e-9
41.65216939215427,2.5173948540466156e-9
41.672165632861024,3.231263240928781e-9
41.69216187356776,1.7472291649109137e-8
41.712158114274516,4.643123729345457e-9
41.73215435498127,6.821250571469198e-9
41.75215059568801,1.091181847029716e-8
41.77214683639476,2.5355073848184267e-9
41.79214307710151,6.847239348865442e-9
41.81213931780825,3.1240959419417036e-9
41.832135558515,5.973942128345021e-9
41.852131799221745,1.0256581984427125e-8
41.87212803992849,8.877964053078102e-9
41.892124280635244,7.448103627361704e-9
41.91212052134198,7.913195242597898e-10
41.932116762048736,7.938665932788692e-9
41.95211300275549,2.208475905526958e-9
41.97210924346223,3.4135046470666214e-8
41.99210548416898,1.4654204520778934e-9
42.01210172487572,1.2974329171008039e-8
42.03209796558247,3.92115913647463e-9
42.05209420628922,2.4568204039554884e-8
42.072090446995965,5.7968611554853044e-9
42.09208668770271,2.6097661203349904e-8
42.112082928409464,6.977065366592962e-9
42.1320791691162,3.319815732069295e-9
42.152075409822956,1.2751385710587334e-8
42.172071650529695,4.205744473232733e-9
42.19206789123645,3.235678650045834e-9
42.2120641319432,1.1125176195871785e-8
42.23206037264994,3.0638328732896724e-9
42.25205661335669,5.840107929118076e-9
42.27205285406344,1.5337213189422052e-9
42.292049094770185,6.696862028316165e-9
42.31204533547693,3.6720805660752893e-10
42.33204157618368,4.689549709582485e-8
42.35203781689042,7.35701599690723e-9
42.372034057597176,1.4391136450045168e-9
42.392030298303915,7.141000992298999e-9
42.41202653901067,1.2745122718326541e-8
42.432022779717414,8.226164074212096e-10
42.45201902042416,4.524401876406168e-9
42.472015261130906,2.0180007464687766e-8
42.49201150183765,6.300771035349802e-9
42.5120077425444,5.392738988707509e-9
42.53200398325115,5.854225962718602e-10
42.55200022395789,3.290943486157397e-9
42.57199646466464,1.162717069509534e-8
42.591992705371396,5.279558766975003e-9
42.611988946078135,1.6728860165081843e-8
42.63198518678489,2.163143566855306e-9
42.65198142749163,1.1759043827054628e-8
42.67197766819838,3.248781555727551e-8
42.691973908905126,2.8453428963596087e-8
42.71197014961187,5.717763833753644e-10
42.73196639031862,3.8541412036596183e-10
42.75196263102537,4.219717774392219e-8
42.77195887173211,2.5046498706745386e-9
42.79195511243886,1.6523056061491212e-9
42.8119513531456,4.2652072745416914e-9
42.831947593852355,7.664744788819484e-9
42.85194383455911,5.976279166277281e-9
42.87194007526585,1.8473647639891934e-8
42.8919363159726,2.711449881827688e-10
42.911932556679346,1.765229112279716e-8
42.93192879738609,1.9898088566286864e-8
42.95192503809284,6.82686933746349e-10
42.971921278799584,1.5845027410096692e-8
42.99191751950633,2.2416645184562786e-8
43.01191376021308,9.105335869811167e-9
43.03191000091982,3.493731724077212e-8
43.051906241626575,1.5557312886940923e-8
43.07190248233333,4.4612448816266e-10
43.09189872304007,1.0310901701725569e-8
43.11189496374682,4.5139330745053577e-10
43.13189120445356,2.76458691116323e-9
43.15188744516031,6.5435347296009505e-9
43.17188368586706,9.819453454962051e-9
43.191879926573804,2.352993386060455e-9
43.21187616728055,5.970270384295775e-9
43.231872407987304,1.7890380971292054e-8
43.25186864869404,4.551624608223246e-9
43.271864889400796,1.1698408191832633e-9
43.291861130107534,1.4031642600257608e-9
43.31185737081429,5.8868950023951185e-9
43.33185361152104,1.6666593086697044e-8
43.35184985222778,9.548718144392186e-9
43.37184609293453,2.3282604539217528e-8
43.39184233364128,1.4072757547869974e-9
43.411838574348025,1.4498907864282186e-8
43.43183481505477,3.3302708685845305e-9
43.45183105576152,8.354154495046865e-9
43.47182729646826,1.9035551075650162e-8
43.491823537175016,3.3672034640767305e-9
43.511819777881755,7.696855342515374e-9
43.53181601858851,4.3738894487820265e-9
43.551812259295254,5.311651334891676e-9
43.571808500002,1.5666051034239582e-8
43.591804740708746,4.184695081298911e-10
43.61180098141549,2.475876785785407e-10
43.63179722212224,7.711448148613781e-9
43.65179346282899,1.3872677758589185e-9
43.67178970353573,7.792461647525311e-9
43.69178594424248,1.2806581380278776e-8
43.711782184949236,2.1262791740872555e-10
43.731778425655975,5.027691489971432e-10
43.75177466636273,1.317618086326473e-10
43.77177090706947,6.696381152950893e-10
43.79176714777622,2.2219621804675895e-8
43.811763388482966,3.6603543776416933e-10
43.83175962918971,5.230847197696745e-9
43.85175586989646,1.6549129570673158e-8
43.87175211060321,3.309133378207984e-9
43.89174835130995,2.5131364367664105e-9
43.9117445920167,2.5704717458345557e-9
43.93174083272344,3.4081016226127017e-9
43.951737073430195,5.272077297323759e-8
43.97173331413695,4.7603230264686055e-9
43.99172955484369,5.019650871174404e-9
44.01172579555044,2.309769381988237e-9
44.031722036257186,6.586057270142136e-9
44.05171827696393,5.277390789658477e-9
44.07171451767068,1.055318432997469e-8
44.091710758377424,1.3952551133890139e-8
44.11170699908417,2.2734367874867457e-8
44.13170323979092,1.5327682080831681e-9
44.15169948049766,2.8104448647089455e-9
44.171695721204415,1.611378559291986e-10
44.19169196191117,9.513057624035098e-10
44.21168820261791,1.4528860356105382e-8
44.23168444332466,1.936621462749666e-9
44.2516806840314,1.7614634780057104e-8
44.27167692473815,1.6563756573208762e-8
44.2916731654449,7.844711066299217e-9
44.311669406151644,2.1762721762178876e-9
44.33166564685839,8.720303445853538e-9
44.35166188756514,5.289239964353035e-10
44.37165812827188,1.8053231226788339e-9
44.391654368978635,5.318884232988801e-10
44.411650609685374,6.101610385273567e-9
44.43164685039213,7.225369009359512e-10
44.45164309109887,1.8224532534926693e-8
44.47163933180562,7.856890547335118e-9
44.491635572512365,1.1257402573306788e-8
44.51163181321912,1.7943070110890337e-8
44.53162805392586,4.33624690375167e-9
44.55162429463261,1.129698733029589e-9
44.57162053533935,1.2770625051336498e-8
44.5916167760461,1.505799451377958e-8
44.611613016752855,3.7327635242146935e-10
44.631609257459594,1.6931452225976305e-9
44.65160549816635,2.4279339859747578e-8
44.67160173887309,5.058657406724686e-9
44.69159797957984,5.691724963795332e-9
44.711594220286585,7.09957502156286e-11
44.73159046099333,8.505198057336252e-10
44.75158670170008,4.6545325811513464e-10
44.77158294240683,1.7146849773643213e-9
44.79157918311357,6.609103105200651e-9
44.81157542382032,1.0225347947763939e-8
44.831571664527075,1.5234604255335449e-9
44.851567905233814,1.6209223365976483e-9
44.87156414594057,1.8198875341705852e-8
44.891560386647306,1.0604807949318941e-8
44.91155662735406,9.078412629655548e-9
44.931552868060805,1.5386323076513047e-9
44.95154910876755,8.580390461843183e-9
44.9715453494743,3.874539602169195e-9
44.99154159018105,3.863073733187753e-9
45.01153783088779,2.347350646461356e-10
45.03153407159454,2.801154698989241e-8
45.05153031230128,2.8785153485195704e-8
45.071526553008034,2.2608366460902877e-8
45.09152279371479,6.571998085128399e-9
45.111519034421526,6.362401603261879e-9
45.13151527512828,1.157871068127079e-8
45.151511515835026,2.5183444073605026e-8
45.17150775654177,5.289876266302598e-9
45.19150399724852,1.3537031530298909e-8
45.21150023795526,1.874083519759088e-8
45.23149647866201,1.4468822608987799e-8
45.25149271936876,2.5448837450668797e-9
45.2714889600755,3.1608925424046872e-9
45.291485200782255,1.2891920497401104e-8
45.31148144148901,1.0242675594877029e-10
45.33147768219575,1.5144251550450512e-8
45.3514739229025,5.076104770885265e-9
45.37147016360924,1.0655492233299594e-9
45.39146640431599,4.114267968626211e-9
45.41146264502274,4.919878549981923e-9
45.431458885729484,7.977251110366284e-10
45.45145512643623,1.490296713346086e-8
45.47145136714298,1.745869700782994e-9
45.49144760784972,4.508143524085716e-9
45.511443848556475,1.840056642895785e-9
45.531440089263214,1.2862500713919961e-8
45.55143632996997,5.900050162464892e-9
45.57143257067671,8.884218817268112e-10
45.59142881138346,2.5313111064903043e-10
45.611425052090205,7.119939806386416e-9
45.63142129279696,3.000743877152311e-8
45.6514175335037,8.61414236854841e-9
45.67141377421045,3.247764724163381e-10
45.69141001491719,1.0045517071691846e-8
45.71140625562394,2.6247298106736543e-9
45.731402496330695,2.71831716719124e-9
45.751398737037434,1.280399097326992e-8
45.77139497774419,2.4610603071977343e-9
45.79139121845093,6.283880666264259e-10
45.81138745915768,6.906339756113588e-10
45.831383699864425,1.0465453157190439e-9
45.85137994057117,1.4538299166379625e-8
45.87137618127792,1.3613310898408581e-8
45.89137242198467,9.380317266793483e-9
45.91136866269141,5.907788685140488e-9
45.93136490339816,1.332533487826378e-8
45.951361144104915,2.3202385933268378e-8
45.971357384811654,2.1629507078418063e-8
45.99135362551841,2.8020209990654887e-9
46.011349866225146,2.211479258339576e-8
46.0313461069319,8.466470116521496e-9
46.051342347638645,8.646778364251578e-9
46.07133858834539,5.252247447980831e-9
46.09133482905214,4.624026618701767e-10
46.11133106975889,1.046590937661241e-8
46.13132731046563,2.77099123968707e-9
46.15132355117238,1.6416886368299545e-8
46.17131979187912,1.4425755977740804e-9
46.191316032585874,1.54669348036079e-9
46.21131227329263,2.0145361114206e-9
46.231308513999366,8.56526954933817e-10
46.25130475470612,6.867626079881465e-9
46.271300995412865,5.290882507299582e-9
46.29129723611961,2.6539091931172015e-8
46.31129347682636,2.1495010963025895e-9
46.3312897175331,2.7173126904533634e-9
46.35128595823985,6.562098606227893e-9
46.3712821989466,1.7039767580955345e-9
46.39127843965334,9.25600146118148e-9
46.411274680360094,2.9527844553704672e-9
46.43127092106684,7.222395866577031e-9
46.451267161773586,1.4519931051565867e-8
46.47126340248033,1.4719648801673882e-8
46.49125964318708,7.60068270660664e-9
46.511255883893824,1.6109023399192297e-9
46.53125212460058,2.437879912032847e-8
46.551248365307316,5.247322044713589e-9
46.57124460601407,1.3006755232860299e-8
46.59124084672082,1.1031609816363514e-9
46.61123708742756,2.324253352551165e-9
46.631233328134314,2.7910497161674793e-9
46.65122956884105,1.4035206235515311e-8
46.671225809547806,8.415317777293558e-11
46.69122205025455,3.2935588592015964e-9
46.7112182909613,2.81551679504179e-9
46.731214531668044,1.625042978400032e-9
46.7512107723748,1.3591021501394381e-8
46.771207013081536,1.4935451588923204e-9
46.79120325378829,6.834838376655507e-9
46.81119949449503,5.457122413509344e-11
46.83119573520178,5.880735153214391e-9
46.851191975908534,7.346860738033221e-9
46.87118821661527,1.838397357489245e-10
46.891184457322026,6.504414408275576e-9
46.91118069802877,1.735886836514253e-8
46.93117693873552,3.644280881914249e-8
46.951173179442264,1.577874290405264e-8
46.97116942014901,7.201638584917672e-10
46.991165660855756,3.8974677784045154e-11
47.01116190156251,1.3949678711364846e-8
47.03115814226925,2.3018004427331093e-9
47.051154382976,6.8092834460684165e-9
47.071150623682755,2.3361786863017924e-8
47.09114686438949,3.247022777214996e-9
47.11114310509625,3.408267426759081e-10
47.131139345802985,8.015255091405532e-9
47.15113558650974,7.1078727557500755e-9
47.171131827216485,9.180469782309036e-9
47.19112806792323,7.128112218213064e-9
47.21112430862998,1.5057789300831754e-9
47.23112054933673,5.353898296631049e-9
47.25111679004347,7.850305565015874e-9
47.27111303075022,3.802361034026385e-9
47.29110927145696,1.1782812582825119e-9
47.311105512163714,1.2459031212478237e-8
47.33110175287047,3.2631893871691474e-9
47.351097993577206,4.391970896832715e-9
47.37109423428396,8.178995169714053e-9
47.391090474990705,2.5054268165303347e-9
47.41108671569745,8.649061114120866e-9
47.4310829564042,4.454046812040992e-9
47.45107919711094,1.0622174280743504e-9
47.47107543781769,1.2639504412804594e-8
47.49107167852444,1.16255892919981e-8
47.51106791923118,5.870012875037039e-9
47.531064159937934,2.226042136241111e-9
47.55106040064468,7.82310201818784e-9
47.571056641351426,4.940862611385449e-9
47.59105288205817,8.021184722660971e-10
47.61104912276492,6.362800424889985e-9
47.631045363471664,6.838143304568735e-10
47.65104160417842,2.8273536574219187e-9
47.671037844885156,9.451033085622564e-9
47.69103408559191,5.447232174583539e-9
47.71103032629866,7.898209238173597e-9
47.7310265670054,2.165599646935316e-8
47.751022807712154,4.657388291545856e-9
47.77101904841889,5.513026835006073e-9
47.791015289125646,4.567871234834213e-9
47.81101152983239,2.6899954133886108e-9
47.83100777053914,3.972494226369712e-9
47.851004011245884,1.2189894529026543e-8
47.87100025195264,2.60049980049885e-9
47.890996492659376,2.8449172698904057e-10
47.91099273336613,6.633512854491712e-9
47.93098897407287,9.651833914866574e-10
47.95098521477962,1.405295614183558e-8
47.970981455486374,1.4150179963810096e-8
47.99097769619311,2.430271922949177e-8
48.010973936899866,1.3876574756735791e-8
48.03097017760661,3.524770779843232e-9
48.05096641831336,1.8878762126368723e-8
48.070962659020104,3.5811363973646827e-10
48.09095889972685,1.8282892586263357e-8
48.110955140433596,6.093682048442057e-9
48.13095138114035,7.977317472546258e-10
48.15094762184709,1.9082539312131814e-9
48.17094386255384,5.5936224325020006e-8
48.190940103260594,1.0292219821512151e-8
48.21093634396733,2.6888376320145092e-8
48.230932584674086,8.570430914126677e-9
48.250928825380825,6.17912519231699e-9
48.27092506608758,7.416444513927966e-10
48.290921306794324,1.3314906220841694e-8
48.31091754750107,1.310010976818675e-8
48.330913788207816,4.664987022015599e-9
48.35091002891457,1.4522490215618632e-8
48.37090626962131,3.1820175544675642e-9
48.39090251032806,1.109765161703113e-8
48.4108987510348,2.234349504529466e-8
48.43089499174155,8.860117941764494e-9
48.4508912324483,5.184507258690054e-9
48.470887473155045,1.5981921279274133e-8
48.49088371386179,5.052500146512186e-9
48.510879954568544,1.5440881795156895e-8
48.53087619527528,2.7338691474319986e-8
48.550872435982036,1.4161561143789523e-9
48.570868676688775,7.836512736681227e-10
48.59086491739553,2.2365501566816058e-8
48.61086115810228,1.0093484547191367e-8
48.63085739880902,4.3102705895051654e-9
48.65085363951577,9.053223531527665e-10
48.67084988022252,5.3344675202480605e-9
48.690846120929265,9.094795962168878e-10
48.71084236163601,2.1058261507554864e-9
48.73083860234276,5.053664495908299e-10
48.7508348430495,8.032642028726416e-9
48.770831083756256,2.4680074486181874e-9
48.790827324462995,3.091271853244204e-9
48.81082356516975,2.180315180860364e-9
48.8308198058765,6.5071757043798524e-9
48.85081604658324,2.140618797206441e-9
48.87081228728999,2.368212059006999e-9
48.89080852799673,7.095046349747362e-9
48.910804768703485,9.162578009134986e-9
48.93080100941023,1.5777561756289136e-8
48.95079725011698,5.478767961611716e-9
48.97079349082372,1.1353804976330765e-9
48.99078973153048,8.693486822765789e-9
49.010785972237215,5.172714824890093e-9
49.03078221294397,4.853244727017219e-9
49.05077845365071,2.771200054290977e-8
49.07077469435746,1.32697632049516e-8
49.090770935064214,1.5413538875968718e-8
49.11076717577095,6.061894062843382e-9
49.130763416477706,2.515460228027812e-9
49.15075965718445,2.0253379091891717e-8
49.1707558978912,8.255649127478044e-10
49.190752138597944,2.209735555593122e-9
49.21074837930469,1.5436946822017464e-8
49.230744620011436,2.6791801564239817e-9
49.25074086071819,1.2077249534604141e-8
49.27073710142493,1.3569365209618727e-8
49.29073334213168,4.516518325527297e-9
49.310729582838434,2.029365326418553e-9
49.33072582354517,8.165581200770552e-9
49.350722064251926,6.1956934807217746e-9
49.370718304958665,9.541420357769415e-9
49.39071454566542,5.747666519254426e-9
49.410710786372164,6.729576873284043e-10
49.43070702707891,5.6714640355261945e-9
49.450703267785656,2.217738128500204e-10
49.47069950849241,7.2424504094235774e-9
49.49069574919915,8.003778939765476e-10
49.5106919899059,2.0216792590050524e-8
49.53068823061264,1.0924428810938392e-8
49.55068447131939,1.08235865847986e-9
49.57068071202614,1.7000681224778762e-9
49.590676952732885,3.3071182168751838e-9
49.61067319343963,1.0645218915016328e-8
49.630669434146384,2.8374469718161014e-9
49.65066567485312,7.730969939073618e-9
49.670661915559876,1.6353906848709697e-9
49.690658156266615,5.983775366618145e-10
49.71065439697337,1.0545403875479009e-9
49.73065063768012,5.0368627178194415e-9
49.75064687838686,1.6657311395417907e-8
49.77064311909361,5.098611463764906e-10
49.79063935980036,4.946821022240772e-10
49.810635600507105,2.5971768874084405e-8
49.83063184121385,1.1105535041590816e-8
49.8506280819206,2.8924589682589952e-9
49.87062432262734,1.2074107167009564e-8
49.890620563334096,2.6561563360949166e-10
49.910616804040835,2.060100047815662e-9
49.93061304474759,2.733029848403681e-9
49.95060928545434,1.7518682973407119e-9
49.97060552616108,2.8714464850116154e-8
49.99060176686783,9.99965257158094e-9
