time,Va,Vb,Vc
0.05,-3240.0,-23400.0,26604.0
0.050025,-3024.0,-23508.0,26532.0
0.05005,-2808.0,-23616.0,26388.0
0.050075,-2556.0,-23724.0,26316.0
0.0501,-2340.0,-23868.0,26208.0
0.050125,-2196.0,-23940.0,26100.0
0.05015,-1980.0,-24048.0,25992.0
0.050175,-1728.0,-24156.0,25884.0
0.0502,-1548.0,-24228.0,25776.0
0.050225,-1332.0,-24336.0,25632.0
0.05025,-1116.0,-24444.0,25560.0
0.050275,-936.0,-24552.0,25452.0
0.0503,-720.0,-24696.0,25380.0
0.050325,-468.0,-24840.0,25272.0
0.05035,-288.0,-24948.0,25164.0
0.050375,-72.0,-25056.0,25092.0
0.0504,180.0,-25164.0,24984.0
0.050425,360.0,-25272.0,24912.0
0.05045,576.0,-25380.0,24732.0
0.050475,792.0,-25488.0,24624.0
0.0505,1080.0,-25632.0,24516.0
0.050525,1296.0,-25740.0,24408.0
0.05055,1548.0,-25812.0,24264.0
0.050575,1800.0,-25920.0,24156.0
0.0506,2016.0,-26028.0,24012.0
0.050625,2232.0,-26100.0,23832.0
0.05065,2448.0,-26172.0,23688.0
0.050675,2700.0,-26244.0,23580.0
0.0507,2916.0,-26316.0,23436.0
0.050725,3132.0,-26424.0,23292.0
0.05075,3312.0,-26496.0,23148.0
0.050775,3564.0,-26604.0,22968.0
0.0508,3744.0,-26640.0,22860.0
0.050825,3960.0,-26712.0,22752.0
0.05085,4176.0,-26784.0,22608.0
0.050875,4428.0,-26856.0,22464.0
0.0509,4608.0,-26964.0,22320.0
0.050925,4824.0,-27036.0,22212.0
0.05095,5040.0,-27108.0,22032.0
0.050975,5292.0,-27180.0,21888.0
0.051,5544.0,-27288.0,21744.0
0.051025,5760.0,-27360.0,21564.0
0.05105,6012.0,-27432.0,21420.0
0.051075,6264.0,-27504.0,21204.0
0.0511,6480.0,-27576.0,21024.0
0.051125,6732.0,-27648.0,20880.0
0.05115,6984.0,-27720.0,20736.0
0.051175,7236.0,-27792.0,20556.0
0.0512,7452.0,-27864.0,20376.0
0.051225,7668.0,-27936.0,20196.0
0.05125,7920.0,-28008.0,20088.0
0.051275,8172.0,-28044.0,19944.0
0.0513,8388.0,-28116.0,19764.0
0.051325,8568.0,-28188.0,19656.0
0.05135,8784.0,-28296.0,19440.0
0.051375,9036.0,-28332.0,19296.0
0.0514,9216.0,-28404.0,19152.0
0.051425,9432.0,-28440.0,19008.0
0.05145,9648.0,-28476.0,18900.0
0.051475,9864.0,-28548.0,18720.0
0.0515,10080.0,-28584.0,18504.0
0.051525,10260.0,-28620.0,18360.0
0.05155,10512.0,-28656.0,18180.0
0.051575,10692.0,-28656.0,18000.0
0.0516,10872.0,-28692.0,17820.0
0.051625,11088.0,-28728.0,17640.0
0.05165,11304.0,-28728.0,17424.0
0.051675,11520.0,-28728.0,17244.0
0.0517,11664.0,-28728.0,17100.0
0.051725,11844.0,-28728.0,16884.0
0.05175,12024.0,-28728.0,16704.0
0.051775,12204.0,-28728.0,16524.0
0.0518,12420.0,-28692.0,16344.0
0.051825,12600.0,-28728.0,16200.0
0.05185,12780.0,-28728.0,16020.0
0.051875,12960.0,-28764.0,15804.0
0.0519,13212.0,-28764.0,15624.0
0.051925,13392.0,-28764.0,15444.0
0.05195,13608.0,-28800.0,15264.0
0.051975,13788.0,-28800.0,15048.0
0.052,14040.0,-28836.0,14868.0
0.052025,14220.0,-28836.0,14688.0
0.05205,14436.0,-28872.0,14508.0
0.052075,14616.0,-28872.0,14328.0
0.0521,14868.0,-28908.0,14076.0
0.052125,15048.0,-28872.0,13896.0
0.05215,15228.0,-28872.0,13716.0
0.052175,15372.0,-28836.0,13536.0
0.0522,15552.0,-28800.0,13320.0
0.052225,15732.0,-28764.0,13068.0
0.05225,15912.0,-28764.0,12888.0
0.052275,16092.0,-28728.0,12672.0
0.0523,16272.0,-28692.0,12492.0
0.052325,16416.0,-28656.0,12240.0
0.05235,16668.0,-28620.0,12024.0
0.052375,16848.0,-28620.0,11844.0
0.0524,17028.0,-28584.0,11628.0
0.052425,17208.0,-28512.0,11376.0
0.05245,17424.0,-28512.0,11160.0
0.052475,17604.0,-28476.0,10944.0
0.0525,17784.0,-28440.0,10728.0
0.052525,18000.0,-28440.0,10512.0
0.05255,18144.0,-28440.0,10296.0
0.052575,18396.0,-28404.0,10080.0
0.0526,18576.0,-28332.0,9864.0
0.052625,18756.0,-28332.0,9648.0
0.05265,18900.0,-28296.0,9432.0
0.052675,19116.0,-28260.0,9216.0
0.0527,19260.0,-28188.0,9036.0
0.052725,19440.0,-28116.0,8784.0
0.05275,19620.0,-28044.0,8568.0
0.052775,19764.0,-27972.0,8352.0
0.0528,19944.0,-27936.0,8100.0
0.052825,20088.0,-27864.0,7884.0
0.05285,20268.0,-27792.0,7668.0
0.052875,20448.0,-27756.0,7452.0
0.0529,20592.0,-27684.0,7200.0
0.052925,20736.0,-27648.0,6948.0
0.05295,20916.0,-27612.0,6732.0
0.052975,21096.0,-27576.0,6552.0
0.053,21204.0,-27504.0,6300.0
0.053025,21420.0,-27468.0,6120.0
0.05305,21564.0,-27432.0,5904.0
0.053075,21780.0,-27396.0,5688.0
0.0531,21960.0,-27324.0,5472.0
0.053125,22140.0,-27288.0,5220.0
0.05315,22284.0,-27180.0,5004.0
0.053175,22464.0,-27108.0,4752.0
0.0532,22644.0,-27072.0,4536.0
0.053225,22788.0,-26964.0,4284.0
0.05325,22968.0,-26892.0,4068.0
0.053275,23112.0,-26820.0,3852.0
0.0533,23256.0,-26748.0,3636.0
0.053325,23364.0,-26640.0,3348.0
0.05335,23508.0,-26568.0,3168.0
0.053375,23616.0,-26460.0,2952.0
0.0534,23688.0,-26316.0,2736.0
0.053425,23796.0,-26172.0,2520.0
0.05345,23868.0,-26064.0,2304.0
0.053475,23976.0,-25992.0,2124.0
0.0535,24084.0,-25884.0,1908.0
0.053525,24156.0,-25776.0,1656.0
0.05355,24300.0,-25668.0,1476.0
0.053575,24444.0,-25596.0,1260.0
0.0536,24516.0,-25488.0,1008.0
0.053625,24660.0,-25380.0,792.0
0.05365,24804.0,-25272.0,612.0
0.053675,24948.0,-25200.0,360.0
0.0537,25056.0,-25128.0,144.0
0.053725,25200.0,-25020.0,-108.0
0.05375,25308.0,-24912.0,-324.0
0.053775,25452.0,-24840.0,-540.0
0.0538,25560.0,-24696.0,-756.0
0.053825,25632.0,-24552.0,-972.0
0.05385,25704.0,-24408.0,-1188.0
0.053875,25812.0,-24300.0,-1404.0
0.0539,25884.0,-24156.0,-1656.0
0.053925,25956.0,-24012.0,-1908.0
0.05395,26064.0,-23868.0,-2124.0
0.053975,26136.0,-23688.0,-2304.0
0.054,26208.0,-23544.0,-2520.0
0.054025,26280.0,-23436.0,-2772.0
0.05405,26352.0,-23292.0,-2952.0
0.054075,26424.0,-23184.0,-3168.0
0.0541,26496.0,-23040.0,-3384.0
0.054125,26568.0,-22932.0,-3564.0
0.05415,26640.0,-22716.0,-3816.0
0.054175,26748.0,-22608.0,-4032.0
0.0542,26820.0,-22500.0,-4248.0
0.054225,26964.0,-22356.0,-4464.0
0.05425,27036.0,-22248.0,-4716.0
0.054275,27108.0,-22068.0,-4968.0
0.0543,27216.0,-21924.0,-5184.0
0.054325,27288.0,-21744.0,-5436.0
0.05435,27396.0,-21600.0,-5688.0
0.054375,27432.0,-21456.0,-5904.0
0.0544,27504.0,-21276.0,-6156.0
0.054425,27576.0,-21096.0,-6408.0
0.05445,27648.0,-20916.0,-6660.0
0.054475,27684.0,-20736.0,-6876.0
0.0545,27792.0,-20556.0,-7092.0
0.054525,27828.0,-20412.0,-7344.0
0.05455,27864.0,-20196.0,-7560.0
0.054575,27936.0,-20016.0,-7740.0
0.0546,28008.0,-19872.0,-7992.0
0.054625,28044.0,-19728.0,-8208.0
0.05465,28080.0,-19584.0,-8424.0
0.054675,28152.0,-19440.0,-8640.0
0.0547,28188.0,-19260.0,-8820.0
0.054725,28260.0,-19116.0,-9072.0
0.05475,28332.0,-18972.0,-9252.0
0.054775,28368.0,-18828.0,-9468.0
0.0548,28440.0,-18684.0,-9684.0
0.054825,28512.0,-18540.0,-9900.0
0.05485,28548.0,-18360.0,-10116.0
0.054875,28620.0,-18180.0,-10332.0
0.0549,28692.0,-18036.0,-10512.0
0.054925,28692.0,-17856.0,-10764.0
0.05495,28728.0,-17676.0,-10944.0
0.054975,28728.0,-17460.0,-11160.0
0.055,28764.0,-17316.0,-11340.0
0.055025,28764.0,-17136.0,-11520.0
0.05505,28764.0,-16956.0,-11772.0
0.055075,28800.0,-16704.0,-11952.0
0.0551,28800.0,-16524.0,-12132.0
0.055125,28800.0,-16380.0,-12348.0
0.05515,28800.0,-16164.0,-12564.0
0.055175,28764.0,-15984.0,-12744.0
0.0552,28800.0,-15768.0,-12924.0
0.055225,28800.0,-15588.0,-13104.0
0.05525,28800.0,-15408.0,-13284.0
0.055275,28836.0,-15228.0,-13500.0
0.0553,28800.0,-15084.0,-13716.0
0.055325,28836.0,-14832.0,-13896.0
0.05535,28836.0,-14652.0,-14076.0
0.055375,28836.0,-14472.0,-14292.0
0.0554,28836.0,-14256.0,-14472.0
0.055425,28836.0,-14040.0,-14652.0
0.05545,28872.0,-13860.0,-14868.0
0.055475,28836.0,-13644.0,-15048.0
0.0555,28836.0,-13464.0,-15264.0
0.055525,28800.0,-13284.0,-15444.0
0.05555,28800.0,-13068.0,-15624.0
0.055575,28764.0,-12852.0,-15804.0
0.0556,28764.0,-12672.0,-15948.0
0.055625,28728.0,-12492.0,-16164.0
0.05565,28692.0,-12276.0,-16308.0
0.055675,28656.0,-12060.0,-16488.0
0.0557,28620.0,-11880.0,-16668.0
0.055725,28620.0,-11664.0,-16848.0
0.05575,28548.0,-11412.0,-17064.0
0.055775,28512.0,-11196.0,-17244.0
0.0558,28476.0,-10980.0,-17424.0
0.055825,28440.0,-10764.0,-17604.0
0.05585,28404.0,-10512.0,-17784.0
0.055875,28404.0,-10296.0,-18036.0
0.0559,28368.0,-10080.0,-18216.0
0.055925,28332.0,-9900.0,-18396.0
0.05595,28332.0,-9612.0,-18576.0
0.055975,28296.0,-9432.0,-18828.0
0.056,28260.0,-9216.0,-18972.0
0.056025,28224.0,-9036.0,-19152.0
0.05605,28188.0,-8784.0,-19332.0
0.056075,28152.0,-8568.0,-19476.0
0.0561,28116.0,-8352.0,-19692.0
0.056125,28080.0,-8172.0,-19836.0
0.05615,28008.0,-7884.0,-20016.0
0.056175,27972.0,-7704.0,-20196.0
0.0562,27900.0,-7452.0,-20340.0
0.056225,27864.0,-7236.0,-20556.0
0.05625,27756.0,-6984.0,-20700.0
0.056275,27684.0,-6768.0,-20880.0
0.0563,27612.0,-6552.0,-21024.0
0.056325,27540.0,-6300.0,-21168.0
0.05635,27468.0,-6084.0,-21312.0
0.056375,27432.0,-5832.0,-21528.0
0.0564,27360.0,-5616.0,-21672.0
0.056425,27288.0,-5436.0,-21816.0
0.05645,27252.0,-5184.0,-21960.0
0.056475,27180.0,-4968.0,-22104.0
0.0565,27108.0,-4752.0,-22248.0
0.056525,27000.0,-4572.0,-22464.0
0.05655,26964.0,-4284.0,-22608.0
0.056575,26892.0,-4104.0,-22752.0
0.0566,26784.0,-3852.0,-22860.0
0.056625,26712.0,-3636.0,-23040.0
0.05665,26604.0,-3384.0,-23220.0
0.056675,26532.0,-3168.0,-23328.0
0.0567,26460.0,-2952.0,-23472.0
0.056725,26352.0,-2700.0,-23616.0
0.05675,26280.0,-2484.0,-23760.0
0.056775,26208.0,-2232.0,-23868.0
0.0568,26100.0,-2052.0,-23976.0
0.056825,25956.0,-1872.0,-24120.0
0.05685,25848.0,-1620.0,-24192.0
0.056875,25740.0,-1440.0,-24300.0
0.0569,25668.0,-1224.0,-24408.0
0.056925,25560.0,-1044.0,-24516.0
0.05695,25488.0,-792.0,-24624.0
0.056975,25380.0,-612.0,-24696.0
0.057,25272.0,-396.0,-24840.0
0.057025,25164.0,-216.0,-24912.0
0.05705,25020.0,72.0,-25056.0
0.057075,24912.0,288.0,-25164.0
0.0571,24804.0,540.0,-25272.0
0.057125,24696.0,756.0,-25380.0
0.05715,24588.0,1008.0,-25524.0
0.057175,24480.0,1224.0,-25596.0
0.0572,24336.0,1440.0,-25740.0
0.057225,24156.0,1656.0,-25848.0
0.05725,24012.0,1908.0,-25920.0
0.057275,23904.0,2160.0,-26028.0
0.0573,23760.0,2340.0,-26064.0
0.057325,23652.0,2556.0,-26172.0
0.05735,23508.0,2808.0,-26244.0
0.057375,23292.0,3024.0,-26352.0
0.0574,23184.0,3204.0,-26388.0
0.057425,23040.0,3420.0,-26496.0
0.05745,22932.0,3672.0,-26568.0
0.057475,22788.0,3852.0,-26640.0
0.0575,22644.0,4068.0,-26748.0
0.057525,22500.0,4284.0,-26820.0
0.05755,22356.0,4536.0,-26892.0
0.057575,22248.0,4752.0,-26964.0
0.0576,22104.0,4968.0,-27072.0
0.057625,21960.0,5184.0,-27144.0
0.05765,21816.0,5436.0,-27216.0
0.057675,21636.0,5652.0,-27288.0
0.0577,21456.0,5868.0,-27324.0
0.057725,21312.0,6084.0,-27432.0
0.05775,21168.0,6372.0,-27504.0
0.057775,21024.0,6588.0,-27540.0
0.0578,20844.0,6804.0,-27648.0
0.057825,20664.0,7092.0,-27720.0
0.05785,20484.0,7308.0,-27792.0
0.057875,20304.0,7560.0,-27864.0
0.0579,20160.0,7776.0,-27936.0
0.057925,20016.0,8064.0,-28008.0
0.05795,19836.0,8280.0,-28080.0
0.057975,19692.0,8496.0,-28152.0
0.058,19548.0,8712.0,-28224.0
0.058025,19368.0,8964.0,-28296.0
0.05805,19260.0,9144.0,-28368.0
0.058075,19116.0,9360.0,-28440.0
0.0581,18936.0,9576.0,-28512.0
0.058125,18792.0,9792.0,-28548.0
0.05815,18612.0,9972.0,-28584.0
0.058175,18468.0,10152.0,-28584.0
0.0582,18288.0,10332.0,-28620.0
0.058225,18108.0,10548.0,-28656.0
0.05825,17928.0,10728.0,-28656.0
0.058275,17748.0,10908.0,-28656.0
0.0583,17568.0,11088.0,-28656.0
0.058325,17388.0,11304.0,-28656.0
0.05835,17172.0,11520.0,-28656.0
0.058375,16992.0,11700.0,-28656.0
0.0584,16812.0,11880.0,-28656.0
0.058425,16632.0,12060.0,-28656.0
0.05845,16416.0,12240.0,-28692.0
0.058475,16236.0,12456.0,-28656.0
0.0585,16056.0,12636.0,-28656.0
0.058525,15876.0,12852.0,-28692.0
0.05855,15696.0,13032.0,-28692.0
0.058575,15480.0,13248.0,-28728.0
0.0586,15300.0,13428.0,-28728.0
0.058625,15156.0,13644.0,-28764.0
0.05865,14976.0,13824.0,-28800.0
0.058675,14796.0,14076.0,-28800.0
0.0587,14544.0,14292.0,-28836.0
0.058725,14364.0,14508.0,-28836.0
0.05875,14148.0,14724.0,-28872.0
0.058775,13968.0,14940.0,-28872.0
0.0588,13752.0,15156.0,-28872.0
0.058825,13536.0,15336.0,-28836.0
0.05885,13320.0,15552.0,-28836.0
0.058875,13140.0,15732.0,-28836.0
0.0589,12888.0,15912.0,-28800.0
0.058925,12708.0,16092.0,-28764.0
0.05895,12528.0,16272.0,-28764.0
0.058975,12348.0,16416.0,-28728.0
0.059,12060.0,16596.0,-28692.0
0.059025,11916.0,16776.0,-28656.0
0.05905,11736.0,16920.0,-28620.0
0.059075,11520.0,17100.0,-28584.0
0.0591,11304.0,17244.0,-28548.0
0.059125,11088.0,17424.0,-28512.0
0.05915,10836.0,17640.0,-28440.0
0.059175,10620.0,17856.0,-28440.0
0.0592,10404.0,18036.0,-28368.0
0.059225,10152.0,18252.0,-28368.0
0.05925,9936.0,18396.0,-28332.0
0.059275,9720.0,18648.0,-28260.0
0.0593,9468.0,18828.0,-28260.0
0.059325,9252.0,19008.0,-28224.0
0.05935,9036.0,19188.0,-28188.0
0.059375,8820.0,19404.0,-28152.0
0.0594,8568.0,19548.0,-28116.0
0.059425,8352.0,19692.0,-28044.0
0.05945,8172.0,19872.0,-28008.0
0.059475,7956.0,20052.0,-27972.0
0.0595,7704.0,20232.0,-27900.0
0.059525,7488.0,20376.0,-27864.0
0.05955,7272.0,20556.0,-27792.0
0.059575,7056.0,20700.0,-27756.0
0.0596,6804.0,20844.0,-27684.0
0.059625,6588.0,21096.0,-27648.0
0.05965,6372.0,21240.0,-27540.0
0.059675,6156.0,21384.0,-27540.0
0.0597,5904.0,21564.0,-27468.0
0.059725,5688.0,21744.0,-27432.0
0.05975,5472.0,21888.0,-27360.0
0.059775,5292.0,22068.0,-27288.0
0.0598,5040.0,22248.0,-27252.0
0.059825,4824.0,22392.0,-27180.0
0.05985,4644.0,22536.0,-27108.0
0.059875,4428.0,22680.0,-27036.0
0.0599,4176.0,22788.0,-26928.0
0.059925,3960.0,22968.0,-26856.0
0.05995,3744.0,23040.0,-26784.0
0.059975,3492.0,23184.0,-26640.0
0.06,3240.0,23292.0,-26532.0
0.060025,3024.0,23436.0,-26424.0
0.06005,2808.0,23544.0,-26316.0
0.060075,2592.0,23724.0,-26208.0
0.0601,2304.0,23832.0,-26136.0
0.060125,2124.0,23940.0,-26028.0
0.06015,1908.0,24084.0,-25956.0
0.060175,1656.0,24192.0,-25848.0
0.0602,1440.0,24336.0,-25740.0
0.060225,1260.0,24444.0,-25668.0
0.06025,1044.0,24552.0,-25560.0
0.060275,792.0,24696.0,-25488.0
0.0603,612.0,24804.0,-25380.0
0.060325,396.0,24912.0,-25308.0
0.06035,180.0,25020.0,-25200.0
0.060375,0.0,25128.0,-25092.0
0.0604,-252.0,25236.0,-25020.0
0.060425,-468.0,25344.0,-24840.0
0.06045,-648.0,25416.0,-24732.0
0.060475,-936.0,25524.0,-24624.0
0.0605,-1116.0,25596.0,-24480.0
0.060525,-1332.0,25704.0,-24336.0
0.06055,-1548.0,25812.0,-24228.0
0.060575,-1800.0,25884.0,-24084.0
0.0606,-2016.0,25956.0,-23904.0
0.060625,-2232.0,26064.0,-23796.0
0.06065,-2448.0,26136.0,-23652.0
0.060675,-2700.0,26208.0,-23508.0
0.0607,-2916.0,26352.0,-23400.0
0.060725,-3132.0,26460.0,-23292.0
0.06075,-3348.0,26532.0,-23112.0
0.060775,-3600.0,26604.0,-23004.0
0.0608,-3816.0,26712.0,-22860.0
0.060825,-4032.0,26784.0,-22752.0
0.06085,-4248.0,26856.0,-22608.0
0.060875,-4500.0,26964.0,-22500.0
0.0609,-4716.0,27036.0,-22320.0
0.060925,-4932.0,27108.0,-22140.0
0.06095,-5184.0,27180.0,-21996.0
0.060975,-5400.0,27288.0,-21852.0
0.061,-5616.0,27324.0,-21708.0
0.061025,-5832.0,27396.0,-21528.0
0.06105,-6084.0,27432.0,-21348.0
0.061075,-6336.0,27504.0,-21168.0
0.0611,-6552.0,27576.0,-21024.0
0.061125,-6768.0,27612.0,-20844.0
0.06115,-7020.0,27684.0,-20664.0
0.061175,-7272.0,27756.0,-20520.0
0.0612,-7488.0,27828.0,-20340.0
0.061225,-7704.0,27900.0,-20196.0
0.06125,-7956.0,27972.0,-20016.0
0.061275,-8172.0,28044.0,-19872.0
0.0613,-8424.0,28152.0,-19728.0
0.061325,-8640.0,28224.0,-19620.0
0.06135,-8856.0,28296.0,-19440.0
0.061375,-9036.0,28368.0,-19296.0
0.0614,-9252.0,28440.0,-19152.0
0.061425,-9468.0,28512.0,-19008.0
0.06145,-9684.0,28548.0,-18864.0
0.061475,-9900.0,28584.0,-18684.0
0.0615,-10116.0,28620.0,-18504.0
0.061525,-10296.0,28656.0,-18324.0
0.06155,-10512.0,28656.0,-18180.0
0.061575,-10692.0,28656.0,-18000.0
0.0616,-10872.0,28656.0,-17784.0
0.061625,-11052.0,28656.0,-17604.0
0.06165,-11232.0,28656.0,-17424.0
0.061675,-11448.0,28656.0,-17244.0
0.0617,-11628.0,28620.0,-17064.0
0.061725,-11808.0,28620.0,-16812.0
0.06175,-11988.0,28620.0,-16632.0
0.061775,-12240.0,28620.0,-16452.0
0.0618,-12420.0,28620.0,-16272.0
0.061825,-12636.0,28656.0,-16020.0
0.06185,-12852.0,28692.0,-15876.0
0.061875,-13032.0,28692.0,-15696.0
0.0619,-13284.0,28728.0,-15516.0
0.061925,-13500.0,28764.0,-15336.0
0.06195,-13680.0,28800.0,-15120.0
0.061975,-13896.0,28836.0,-14940.0
0.062,-14112.0,28836.0,-14796.0
0.062025,-14292.0,28872.0,-14580.0
0.06205,-14472.0,28836.0,-14436.0
0.062075,-14652.0,28872.0,-14220.0
0.0621,-14868.0,28836.0,-14040.0
0.062125,-15048.0,28836.0,-13860.0
0.06215,-15228.0,28836.0,-13680.0
0.062175,-15408.0,28836.0,-13464.0
0.0622,-15588.0,28836.0,-13248.0
0.062225,-15804.0,28800.0,-13068.0
0.06225,-15984.0,28764.0,-12852.0
0.062275,-16164.0,28728.0,-12672.0
0.0623,-16308.0,28692.0,-12420.0
0.062325,-16488.0,28656.0,-12240.0
0.06235,-16704.0,28620.0,-12024.0
0.062375,-16848.0,28584.0,-11808.0
0.0624,-17028.0,28548.0,-11556.0
0.062425,-17172.0,28512.0,-11340.0
0.06245,-17352.0,28476.0,-11160.0
0.062475,-17604.0,28440.0,-10944.0
0.0625,-17748.0,28440.0,-10692.0
0.062525,-17964.0,28368.0,-10476.0
0.06255,-18180.0,28368.0,-10260.0
0.062575,-18396.0,28332.0,-10044.0
0.0626,-18612.0,28296.0,-9756.0
0.062625,-18756.0,28260.0,-9540.0
0.06265,-18972.0,28224.0,-9324.0
0.062675,-19188.0,28224.0,-9108.0
0.0627,-19368.0,28188.0,-8856.0
0.062725,-19512.0,28116.0,-8676.0
0.06275,-19692.0,28116.0,-8460.0
0.062775,-19836.0,28044.0,-8244.0
0.0628,-20052.0,27972.0,-8064.0
0.062825,-20160.0,27936.0,-7848.0
0.06285,-20340.0,27900.0,-7632.0
0.062875,-20484.0,27828.0,-7452.0
0.0629,-20592.0,27792.0,-7236.0
0.062925,-20772.0,27720.0,-7020.0
0.06295,-20952.0,27684.0,-6768.0
0.062975,-21132.0,27648.0,-6552.0
0.063,-21312.0,27576.0,-6336.0
0.063025,-21456.0,27504.0,-6084.0
0.06305,-21636.0,27432.0,-5868.0
0.063075,-21852.0,27360.0,-5652.0
0.0631,-21996.0,27324.0,-5400.0
0.063125,-22176.0,27252.0,-5148.0
0.06315,-22320.0,27144.0,-4896.0
0.063175,-22464.0,27072.0,-4716.0
0.0632,-22644.0,27000.0,-4464.0
0.063225,-22788.0,26928.0,-4248.0
0.06325,-22932.0,26820.0,-3996.0
0.063275,-23076.0,26748.0,-3780.0
0.0633,-23148.0,26640.0,-3528.0
0.063325,-23292.0,26532.0,-3312.0
0.06335,-23400.0,26424.0,-3132.0
0.063375,-23508.0,26280.0,-2916.0
0.0634,-23616.0,26208.0,-2664.0
0.063425,-23760.0,26100.0,-2484.0
0.06345,-23868.0,25992.0,-2232.0
0.063475,-23976.0,25884.0,-2052.0
0.0635,-24120.0,25812.0,-1800.0
0.063525,-24228.0,25740.0,-1584.0
0.06355,-24372.0,25632.0,-1368.0
0.063575,-24516.0,25560.0,-1152.0
0.0636,-24660.0,25488.0,-972.0
0.063625,-24768.0,25380.0,-720.0
0.06365,-24876.0,25308.0,-504.0
0.063675,-24984.0,25200.0,-288.0
0.0637,-25128.0,25128.0,-108.0
0.063725,-25236.0,25020.0,144.0
0.06375,-25380.0,24912.0,360.0
0.063775,-25452.0,24768.0,576.0
0.0638,-25560.0,24660.0,792.0
0.063825,-25632.0,24516.0,1008.0
0.06385,-25704.0,24336.0,1260.0
0.063875,-25776.0,24192.0,1476.0
0.0639,-25884.0,24084.0,1692.0
0.063925,-25956.0,23940.0,1908.0
0.06395,-26028.0,23796.0,2124.0
0.063975,-26136.0,23652.0,2340.0
0.064,-26208.0,23508.0,2556.0
0.064025,-26280.0,23400.0,2808.0
0.06405,-26352.0,23256.0,2988.0
0.064075,-26388.0,23148.0,3168.0
0.0641,-26496.0,23004.0,3384.0
0.064125,-26568.0,22896.0,3636.0
0.06415,-26676.0,22716.0,3852.0
0.064175,-26748.0,22572.0,4068.0
0.0642,-26820.0,22464.0,4284.0
0.064225,-26964.0,22320.0,4536.0
0.06425,-27036.0,22176.0,4752.0
0.064275,-27108.0,22032.0,4968.0
0.0643,-27180.0,21816.0,5184.0
0.064325,-27252.0,21672.0,5436.0
0.06435,-27324.0,21528.0,5652.0
0.064375,-27396.0,21384.0,5904.0
0.0644,-27432.0,21204.0,6120.0
0.064425,-27504.0,21024.0,6408.0
0.06445,-27576.0,20844.0,6624.0
0.064475,-27648.0,20700.0,6876.0
0.0645,-27720.0,20556.0,7128.0
0.064525,-27792.0,20376.0,7380.0
0.06455,-27900.0,20232.0,7596.0
0.064575,-28008.0,20052.0,7812.0
0.0646,-28080.0,19908.0,8064.0
0.064625,-28188.0,19764.0,8316.0
0.06465,-28224.0,19620.0,8532.0
0.064675,-28332.0,19476.0,8748.0
0.0647,-28404.0,19332.0,8964.0
0.064725,-28440.0,19152.0,9216.0
0.06475,-28476.0,18972.0,9396.0
0.064775,-28512.0,18828.0,9612.0
0.0648,-28548.0,18684.0,9828.0
0.064825,-28584.0,18504.0,10008.0
0.06485,-28584.0,18324.0,10224.0
0.064875,-28620.0,18144.0,10368.0
0.0649,-28620.0,17964.0,10584.0
0.064925,-28620.0,17784.0,10764.0
0.06495,-28620.0,17604.0,10944.0
0.064975,-28620.0,17388.0,11124.0
0.065,-28620.0,17244.0,11304.0
0.065025,-28620.0,17028.0,11484.0
0.06505,-28656.0,16884.0,11700.0
0.065075,-28656.0,16704.0,11880.0
0.0651,-28656.0,16488.0,12060.0
0.065125,-28656.0,16308.0,12276.0
0.06515,-28656.0,16128.0,12492.0
0.065175,-28728.0,15948.0,12672.0
0.0652,-28764.0,15732.0,12888.0
0.065225,-33588.0,12564.0,15048.0
0.06525,-19656.0,18612.0,9252.0
0.065275,-28836.0,9504.0,15912.0
0.0653,-29772.0,15912.0,13464.0
0.065325,-22032.0,17496.0,13320.0
0.06535,-31860.0,13464.0,15120.0
0.065375,-28296.0,16344.0,14940.0
0.0654,-28944.0,15588.0,15048.0
0.065425,-28800.0,13824.0,15372.0
0.06545,-30564.0,14940.0,16128.0
0.065475,-28764.0,14184.0,15804.0
0.0655,-30024.0,14364.0,15408.0
0.065525,-31392.0,13248.0,16992.0
0.06555,-29736.0,13860.0,15516.0
0.065575,-30348.0,12924.0,16308.0
0.0656,-30276.0,12420.0,16344.0
0.065625,-29088.0,12564.0,15912.0
0.06565,-29088.0,11592.0,16344.0
0.065675,-28800.0,11448.0,15876.0
0.0657,-28620.0,11016.0,16344.0
0.065725,-28368.0,10764.0,16092.0
0.06575,-28548.0,10548.0,16416.0
0.065775,-28116.0,10152.0,16452.0
0.0658,-30060.0,8424.0,10584.0
0.065825,-26100.0,11448.0,17856.0
0.06585,-29412.0,7992.0,18072.0
0.065875,-27864.0,9612.0,13716.0
0.0659,-27216.0,10080.0,17424.0
0.065925,-29232.0,8460.0,18000.0
0.06595,-27792.0,9972.0,16668.0
0.065975,-28332.0,9144.0,20592.0
0.066,-29412.0,8928.0,19656.0
0.066025,-28224.0,9288.0,19692.0
0.06605,-28800.0,9072.0,21204.0
0.066075,-28944.0,8604.0,20844.0
0.0661,-28188.0,8928.0,21096.0
0.066125,-28296.0,8784.0,21780.0
0.06615,-28008.0,8424.0,21888.0
0.066175,-27684.0,8640.0,21600.0
0.0662,-27648.0,8064.0,21924.0
0.066225,-27468.0,8100.0,21492.0
0.06625,-26856.0,7956.0,21492.0
0.066275,-26640.0,7704.0,21780.0
0.0663,-27792.0,6912.0,17856.0
0.066325,-24516.0,6480.0,24372.0
0.06635,-26244.0,8928.0,17172.0
0.066375,-25488.0,4392.0,21996.0
0.0664,-26676.0,6192.0,21384.0
0.066425,-26028.0,5544.0,20664.0
0.06645,-27072.0,4932.0,22140.0
0.066475,-27072.0,5580.0,20916.0
0.0665,-26964.0,4536.0,21600.0
0.066525,-27396.0,4572.0,22068.0
0.06655,-27288.0,4140.0,22464.0
0.066575,-27756.0,3672.0,22356.0
0.0666,-28116.0,3564.0,22860.0
0.066625,-27900.0,3096.0,23004.0
0.06665,-28152.0,3204.0,22968.0
0.066675,-27936.0,2484.0,23472.0
0.0667,-27936.0,2412.0,23292.0
0.066725,-27720.0,1980.0,23544.0
0.06675,-27396.0,1584.0,23580.0
0.066775,-27216.0,1584.0,23652.0
0.0668,-26748.0,1116.0,23724.0
0.066825,-26568.0,1152.0,23688.0
0.06685,-26280.0,756.0,23760.0
0.066875,-25956.0,684.0,23616.0
0.0669,-25740.0,504.0,23796.0
0.066925,-25452.0,396.0,23760.0
0.06695,-25128.0,288.0,23904.0
0.066975,-24912.0,216.0,24120.0
0.067,-24732.0,144.0,24336.0
0.067025,-24624.0,72.0,24552.0
0.06705,-24516.0,0.0,24696.0
0.067075,-24480.0,-144.0,25056.0
0.0671,-24444.0,-216.0,25236.0
0.067125,-24372.0,-324.0,25488.0
0.06715,-24300.0,-468.0,25776.0
0.067175,-24192.0,-684.0,25992.0
0.0672,-24156.0,-864.0,26244.0
0.067225,-24048.0,-1152.0,26424.0
0.06725,-23976.0,-1368.0,26604.0
0.067275,-23868.0,-1620.0,26748.0
0.0673,-23760.0,-1872.0,26856.0
0.067325,-23616.0,-2160.0,26928.0
0.06735,-23508.0,-2448.0,26892.0
0.067375,-23292.0,-2808.0,26928.0
0.0674,-23112.0,-3096.0,26856.0
0.067425,-22932.0,-3420.0,26856.0
0.06745,-22752.0,-3780.0,26784.0
0.067475,-22572.0,-4068.0,26748.0
0.0675,-22464.0,-4464.0,26604.0
0.067525,-22356.0,-4716.0,26532.0
0.06755,-22176.0,-4968.0,26532.0
0.067575,-22068.0,-5220.0,26388.0
0.0676,-22176.0,-5616.0,26568.0
0.067625,-21888.0,-5832.0,26496.0
0.06765,-21924.0,-6048.0,26496.0
0.067675,-21924.0,-6336.0,26712.0
0.0677,-21636.0,-6624.0,26604.0
0.067725,-21780.0,-6732.0,26784.0
0.06775,-21600.0,-7164.0,26928.0
0.067775,-21528.0,-7200.0,26964.0
0.0678,-21528.0,-7488.0,27180.0
0.067825,-21312.0,-7704.0,27288.0
0.06785,-21168.0,-7812.0,27432.0
0.067875,-20952.0,-8136.0,27648.0
0.0679,-20736.0,-8244.0,27792.0
0.067925,-20484.0,-8424.0,27936.0
0.06795,-20232.0,-8604.0,28044.0
0.067975,-20052.0,-8712.0,28152.0
0.068,-19692.0,-8928.0,28260.0
0.068025,-19476.0,-9000.0,28332.0
0.06805,-19116.0,-9144.0,28476.0
0.068075,-18864.0,-9252.0,28548.0
0.0681,-18612.0,-9432.0,28620.0
0.068125,-18324.0,-9576.0,28656.0
0.06815,-18072.0,-9720.0,28728.0
0.068175,-17784.0,-9900.0,28800.0
0.0682,-17568.0,-9972.0,28800.0
0.068225,-17424.0,-10152.0,28872.0
0.06825,-17892.0,-10764.0,28692.0
0.068275,-16416.0,-9036.0,28620.0
0.0683,-18072.0,-10440.0,29952.0
0.068325,-16488.0,-11052.0,28440.0
0.06835,-16740.0,-9900.0,28476.0
0.068375,-16920.0,-11664.0,29016.0
0.0684,-16848.0,-11664.0,28764.0
0.068425,-17964.0,-11880.0,30024.0
0.06845,-15696.0,-12060.0,28944.0
0.068475,-16848.0,-12492.0,29124.0
0.0685,-15984.0,-12996.0,29196.0
0.068525,-15552.0,-12924.0,28656.0
0.06855,-15984.0,-13608.0,29088.0
0.068575,-15444.0,-13824.0,28908.0
0.0686,-15480.0,-13680.0,28764.0
0.068625,-14940.0,-14436.0,28692.0
0.06865,-14976.0,-14256.0,28368.0
0.068675,-14688.0,-14724.0,28224.0
0.0687,-14508.0,-14868.0,28080.0
0.068725,-14580.0,-14904.0,28188.0
0.06875,-14040.0,-15192.0,28116.0
0.068775,-14076.0,-15192.0,28188.0
0.0688,-13788.0,-15408.0,28224.0
0.068825,-13608.0,-15444.0,28224.0
0.06885,-13536.0,-15480.0,28332.0
0.068875,-13248.0,-15624.0,28368.0
0.0689,-13140.0,-15696.0,28512.0
0.068925,-12888.0,-15948.0,28548.0
0.06895,-12780.0,-16164.0,28620.0
0.068975,-12636.0,-16308.0,28692.0
0.069,-12384.0,-16632.0,28764.0
0.069025,-12240.0,-16704.0,28836.0
0.06905,-11844.0,-16920.0,28944.0
0.069075,-11520.0,-16956.0,29016.0
0.0691,-11160.0,-17064.0,29052.0
0.069125,-10800.0,-17208.0,29088.0
0.06915,-10512.0,-17352.0,29016.0
0.069175,-10152.0,-17532.0,29016.0
0.0692,-9900.0,-17748.0,28944.0
0.069225,-9612.0,-17964.0,28908.0
0.06925,-9360.0,-18180.0,28836.0
0.069275,-9108.0,-18324.0,28728.0
0.0693,-8856.0,-18540.0,28620.0
0.069325,-8604.0,-18684.0,28476.0
0.06935,-8352.0,-18864.0,28332.0
0.069375,-8136.0,-19044.0,28260.0
0.0694,-7956.0,-19188.0,28224.0
0.069425,-7704.0,-19404.0,28188.0
0.06945,-7560.0,-19620.0,28152.0
0.069475,-7452.0,-19836.0,28116.0
0.0695,-7344.0,-20016.0,28044.0
0.069525,-7200.0,-20268.0,27972.0
0.06955,-7128.0,-20484.0,27900.0
0.069575,-7020.0,-20700.0,27792.0
0.0696,-6840.0,-20916.0,27720.0
0.069625,-6732.0,-21204.0,27648.0
0.06965,-6624.0,-21420.0,27612.0
0.069675,-6444.0,-21600.0,27576.0
0.0697,-6228.0,-21816.0,27540.0
0.069725,-5976.0,-21960.0,27432.0
0.06975,-5724.0,-22176.0,27360.0
0.069775,-5472.0,-22320.0,27252.0
0.0698,-5184.0,-22464.0,27144.0
0.069825,-4932.0,-22608.0,27000.0
0.06985,-4680.0,-22788.0,26892.0
0.069875,-4428.0,-22968.0,26784.0
0.0699,-4140.0,-23076.0,26676.0
0.069925,-3852.0,-23184.0,26496.0
0.06995,-3492.0,-23256.0,26388.0
0.069975,-3240.0,-23292.0,26280.0
0.07,-2952.0,-23328.0,26208.0
0.070025,-2664.0,-23364.0,26100.0
0.07005,-2340.0,-23364.0,25992.0
0.070075,-2052.0,-23400.0,25920.0
0.0701,-1800.0,-23436.0,25812.0
0.070125,-1512.0,-23472.0,25704.0
0.07015,-1260.0,-23508.0,25596.0
0.070175,-1008.0,-23544.0,25488.0
0.0702,-756.0,-23580.0,25380.0
0.070225,-504.0,-23616.0,25236.0
0.07025,-288.0,-23688.0,25092.0
0.070275,0.0,-23724.0,24948.0
0.0703,216.0,-23832.0,24804.0
0.070325,468.0,-23940.0,24660.0
0.07035,684.0,-24048.0,24552.0
0.070375,936.0,-24156.0,24408.0
0.0704,1152.0,-24228.0,24300.0
0.070425,1368.0,-24372.0,24120.0
0.07045,1548.0,-24516.0,23904.0
0.070475,1800.0,-24696.0,23724.0
0.0705,1980.0,-24840.0,23544.0
0.070525,2160.0,-24984.0,23400.0
0.07055,2340.0,-25164.0,23220.0
0.070575,2520.0,-25272.0,23040.0
0.0706,2736.0,-25416.0,22896.0
0.070625,2916.0,-25596.0,22716.0
0.07065,3096.0,-25740.0,22572.0
0.070675,3276.0,-25848.0,22392.0
0.0707,3528.0,-25956.0,22212.0
0.070725,3672.0,-26064.0,21996.0
0.07075,3852.0,-26172.0,21852.0
0.070775,4032.0,-26280.0,21672.0
0.0708,4248.0,-26424.0,21528.0
0.070825,4464.0,-26532.0,21384.0
0.07085,4680.0,-26604.0,21204.0
0.070875,4860.0,-26640.0,21024.0
0.0709,5076.0,-26676.0,20880.0
0.070925,5364.0,-26712.0,20736.0
0.07095,5616.0,-26784.0,20592.0
0.070975,5868.0,-26820.0,20484.0
0.071,6156.0,-26856.0,20304.0
0.071025,6408.0,-26892.0,20196.0
0.07105,6660.0,-26928.0,20088.0
0.071075,6948.0,-26964.0,19944.0
0.0711,7236.0,-26964.0,19836.0
0.071125,7488.0,-27000.0,19692.0
0.07115,7740.0,-27036.0,19584.0
0.071175,8028.0,-27072.0,19404.0
0.0712,8280.0,-27108.0,19332.0
0.071225,8532.0,-27144.0,19224.0
0.07125,8820.0,-27216.0,19116.0
0.071275,9036.0,-27324.0,19008.0
0.0713,9252.0,-27396.0,18900.0
0.071325,9468.0,-27432.0,18828.0
0.07135,9720.0,-27504.0,18684.0
0.071375,9936.0,-27576.0,18504.0
0.0714,10116.0,-27648.0,18360.0
0.071425,10296.0,-27756.0,18216.0
0.07145,10548.0,-27828.0,18036.0
0.071475,10728.0,-27900.0,17856.0
0.0715,10872.0,-27972.0,17640.0
0.071525,11088.0,-28044.0,17424.0
0.07155,11268.0,-28080.0,17244.0
0.071575,11448.0,-28188.0,16992.0
0.0716,11592.0,-28224.0,16740.0
0.071625,11700.0,-28260.0,16524.0
0.07165,11844.0,-28296.0,16272.0
0.071675,11988.0,-28368.0,16056.0
0.0717,12132.0,-28404.0,15840.0
0.071725,12276.0,-28440.0,15624.0
0.07175,12384.0,-28476.0,15408.0
0.071775,12528.0,-28512.0,15228.0
0.0718,12708.0,-28548.0,14976.0
0.071825,12816.0,-28584.0,14832.0
0.07185,13068.0,-28620.0,14652.0
0.071875,13248.0,-28656.0,14472.0
0.0719,13428.0,-28692.0,14328.0
0.071925,13644.0,-28692.0,14112.0
0.07195,13896.0,-28728.0,13968.0
0.071975,14076.0,-28728.0,13824.0
0.072,14292.0,-28728.0,13644.0
0.072025,14508.0,-28728.0,13500.0
0.07205,14760.0,-28692.0,13320.0
0.072075,15012.0,-28656.0,13140.0
0.0721,15192.0,-28584.0,12960.0
0.072125,15408.0,-28548.0,12816.0
0.07215,15660.0,-28512.0,12672.0
0.072175,15876.0,-28440.0,12528.0
0.0722,16056.0,-28368.0,12312.0
0.072225,16236.0,-28296.0,12204.0
0.07225,16488.0,-28260.0,12024.0
0.072275,16704.0,-28188.0,11844.0
0.0723,16884.0,-28116.0,11700.0
0.072325,17064.0,-28080.0,11484.0
0.07235,17244.0,-28044.0,11304.0
0.072375,17460.0,-28008.0,11124.0
0.0724,17640.0,-27972.0,10908.0
0.072425,17820.0,-27972.0,10728.0
0.07245,18000.0,-27972.0,10476.0
0.072475,18144.0,-27972.0,10260.0
0.0725,18324.0,-27936.0,10044.0
0.072525,18504.0,-27900.0,9792.0
0.07255,18648.0,-27900.0,9504.0
0.072575,18756.0,-27828.0,9252.0
0.0726,18864.0,-27756.0,8964.0
0.072625,18936.0,-27684.0,8640.0
0.07265,19080.0,-27576.0,8316.0
0.072675,19152.0,-27468.0,8028.0
0.0727,19260.0,-27360.0,7668.0
0.072725,19332.0,-27180.0,7380.0
0.07275,19404.0,-27036.0,7020.0
0.072775,19476.0,-26928.0,6696.0
0.0728,19584.0,-26820.0,6444.0
0.072825,19692.0,-26676.0,6120.0
0.07285,19800.0,-26604.0,5868.0
0.072875,19944.0,-26532.0,5652.0
0.0729,20088.0,-26460.0,5436.0
0.072925,20232.0,-26460.0,5220.0
0.07295,20412.0,-26424.0,5040.0
0.072975,20556.0,-26424.0,4896.0
0.073,20736.0,-26424.0,4752.0
0.073025,20988.0,-26424.0,4608.0
0.07305,21204.0,-26424.0,4464.0
0.073075,21384.0,-26352.0,4320.0
0.0731,21600.0,-26352.0,4176.0
0.073125,21852.0,-26316.0,4032.0
0.07315,22068.0,-26244.0,3888.0
0.073175,22284.0,-26172.0,3708.0
0.0732,22464.0,-26100.0,3492.0
0.073225,22680.0,-25956.0,3312.0
0.07325,22860.0,-25812.0,3096.0
0.073275,23004.0,-25668.0,2916.0
0.0733,23148.0,-25488.0,2700.0
0.073325,23256.0,-25344.0,2448.0
0.07335,23364.0,-25164.0,2232.0
0.073375,23472.0,-24984.0,2016.0
0.0734,23544.0,-24804.0,1800.0
0.073425,23616.0,-24660.0,1584.0
0.07345,23724.0,-24480.0,1368.0
0.073475,23760.0,-24372.0,1152.0
0.0735,23868.0,-24264.0,972.0
0.073525,23940.0,-24192.0,720.0
0.07355,24012.0,-24120.0,504.0
0.073575,24084.0,-24084.0,324.0
0.0736,24192.0,-24048.0,108.0
0.073625,24300.0,-24012.0,-108.0
0.07365,24408.0,-24012.0,-324.0
0.073675,24480.0,-23976.0,-540.0
0.0737,24588.0,-23976.0,-756.0
0.073725,24696.0,-23940.0,-1008.0
0.07375,24768.0,-23904.0,-1188.0
0.073775,24876.0,-23868.0,-1404.0
0.0738,24948.0,-23796.0,-1620.0
0.073825,25020.0,-23688.0,-1872.0
0.07385,25092.0,-23580.0,-2124.0
0.073875,25200.0,-23472.0,-2340.0
0.0739,25236.0,-23328.0,-2556.0
0.073925,25308.0,-23184.0,-2808.0
0.07395,25380.0,-23040.0,-3024.0
0.073975,25452.0,-22896.0,-3240.0
0.074,25524.0,-22680.0,-3456.0
0.074025,25596.0,-22500.0,-3708.0
0.07405,25668.0,-22356.0,-3852.0
0.074075,25776.0,-22140.0,-4032.0
0.0741,25848.0,-21960.0,-4212.0
0.074125,25920.0,-21816.0,-4392.0
0.07415,26100.0,-21672.0,-4572.0
0.074175,26208.0,-21528.0,-4716.0
0.0742,26316.0,-21384.0,-4860.0
0.074225,26424.0,-21204.0,-5004.0
0.07425,26532.0,-21060.0,-5148.0
0.074275,26640.0,-20916.0,-5328.0
0.0743,26748.0,-20772.0,-5508.0
0.074325,26820.0,-20592.0,-5688.0
0.07435,26928.0,-20448.0,-5868.0
0.074375,27072.0,-20304.0,-6048.0
0.0744,27144.0,-20124.0,-6228.0
0.074425,27216.0,-19980.0,-6480.0
0.07445,27288.0,-19836.0,-6660.0
0.074475,27360.0,-19692.0,-6876.0
0.0745,27432.0,-19548.0,-7128.0
0.074525,27504.0,-19404.0,-7380.0
0.07455,27576.0,-19224.0,-7632.0
0.074575,27648.0,-19116.0,-7884.0
0.0746,27684.0,-18972.0,-8136.0
0.074625,27792.0,-18864.0,-8388.0
0.07465,27828.0,-18756.0,-8604.0
0.074675,27864.0,-18648.0,-8856.0
0.0747,27936.0,-18540.0,-9108.0
0.074725,27936.0,-18396.0,-9324.0
0.07475,27936.0,-18288.0,-9540.0
0.074775,27972.0,-18180.0,-9756.0
0.0748,27972.0,-18072.0,-9972.0
0.074825,27972.0,-17964.0,-10152.0
0.07485,27972.0,-17820.0,-10332.0
0.074875,27972.0,-17712.0,-10476.0
0.0749,27972.0,-17496.0,-10656.0
0.074925,27972.0,-17352.0,-10836.0
0.07495,27936.0,-17172.0,-11016.0
0.074975,27936.0,-17028.0,-11196.0
0.075,27972.0,-16848.0,-11376.0
0.075025,27972.0,-16632.0,-11520.0
0.07505,28008.0,-16452.0,-11736.0
0.075075,28044.0,-16272.0,-11916.0
0.0751,28116.0,-16056.0,-12096.0
0.075125,28152.0,-15876.0,-12240.0
0.07515,28188.0,-15624.0,-12420.0
0.075175,28260.0,-15444.0,-12636.0
0.0752,28296.0,-15228.0,-12816.0
0.075225,28332.0,-15048.0,-12960.0
0.07525,28404.0,-14832.0,-13104.0
0.075275,28404.0,-14652.0,-13248.0
0.0753,28476.0,-14436.0,-13464.0
0.075325,28548.0,-14220.0,-13608.0
0.07535,28512.0,-14040.0,-13752.0
0.075375,28548.0,-13824.0,-13896.0
0.0754,28548.0,-13644.0,-14040.0
0.075425,28548.0,-13464.0,-14184.0
0.07545,28548.0,-13284.0,-14364.0
0.075475,28512.0,-13104.0,-14508.0
0.0755,28512.0,-12924.0,-14652.0
0.075525,28476.0,-12744.0,-14832.0
0.07555,28440.0,-12600.0,-14976.0
0.075575,28368.0,-12456.0,-15120.0
0.0756,28332.0,-12240.0,-15336.0
0.075625,28260.0,-12096.0,-15516.0
0.07565,28224.0,-11952.0,-15660.0
0.075675,28152.0,-11772.0,-15840.0
0.0757,28116.0,-11592.0,-16092.0
0.075725,28044.0,-11376.0,-16272.0
0.07575,27972.0,-11196.0,-16488.0
0.075775,27936.0,-11016.0,-16668.0
0.0758,27900.0,-10836.0,-16884.0
0.075825,27828.0,-10620.0,-17136.0
0.07585,27792.0,-10404.0,-17316.0
0.075875,27684.0,-10224.0,-17532.0
0.0759,27648.0,-10044.0,-17712.0
0.075925,27612.0,-9828.0,-17928.0
0.07595,27576.0,-9612.0,-18108.0
0.075975,27576.0,-9432.0,-18288.0
0.076,27504.0,-9252.0,-18432.0
0.076025,27504.0,-9072.0,-18576.0
0.07605,27468.0,-8892.0,-18756.0
0.076075,27432.0,-8640.0,-18900.0
0.0761,27432.0,-8460.0,-19008.0
0.076125,27396.0,-8244.0,-19152.0
0.07615,27360.0,-8064.0,-19260.0
0.076175,27324.0,-7812.0,-19404.0
0.0762,27288.0,-7596.0,-19548.0
0.076225,27288.0,-7380.0,-19692.0
0.07625,27252.0,-7128.0,-19800.0
0.076275,27216.0,-6876.0,-19944.0
0.0763,27180.0,-6660.0,-20088.0
0.076325,27144.0,-6408.0,-20196.0
0.07635,27108.0,-6156.0,-20340.0
0.076375,27036.0,-5940.0,-20520.0
0.0764,27000.0,-5724.0,-20628.0
0.076425,26964.0,-5508.0,-20808.0
0.07645,26892.0,-5256.0,-20916.0
0.076475,26820.0,-5040.0,-21060.0
0.0765,26748.0,-4860.0,-21204.0
0.076525,26676.0,-4644.0,-21348.0
0.07655,26568.0,-4392.0,-21528.0
0.076575,26496.0,-4248.0,-21672.0
0.0766,26424.0,-4032.0,-21816.0
0.076625,26316.0,-3852.0,-21924.0
0.07665,26208.0,-3672.0,-22068.0
0.076675,26100.0,-3456.0,-22212.0
0.0767,25956.0,-3276.0,-22356.0
0.076725,25848.0,-3132.0,-22500.0
0.07675,25740.0,-2988.0,-22608.0
0.076775,25596.0,-2808.0,-22716.0
0.0768,25488.0,-2592.0,-22860.0
0.076825,25380.0,-2448.0,-22968.0
0.07685,25236.0,-2268.0,-23076.0
0.076875,25092.0,-2124.0,-23220.0
0.0769,25020.0,-1944.0,-23328.0
0.076925,24876.0,-1728.0,-23472.0
0.07695,24804.0,-1548.0,-23580.0
0.076975,24696.0,-1368.0,-23688.0
0.077,24624.0,-1116.0,-23832.0
0.077025,24516.0,-936.0,-23940.0
0.07705,24408.0,-684.0,-24012.0
0.077075,24300.0,-468.0,-24156.0
0.0771,24192.0,-252.0,-24264.0
0.077125,24084.0,-72.0,-24336.0
0.07715,23976.0,180.0,-24408.0
0.077175,23868.0,396.0,-24480.0
0.0772,23760.0,648.0,-24552.0
0.077225,23652.0,828.0,-24588.0
0.07725,23544.0,1116.0,-24660.0
0.077275,23364.0,1332.0,-24696.0
0.0773,23256.0,1548.0,-24768.0
0.077325,23148.0,1800.0,-24804.0
0.07735,23004.0,2016.0,-24840.0
0.077375,22896.0,2196.0,-24912.0
0.0774,22752.0,2412.0,-24984.0
0.077425,22644.0,2664.0,-25056.0
0.07745,22500.0,2880.0,-25128.0
0.077475,22356.0,3060.0,-25200.0
0.0775,22284.0,3276.0,-25308.0
0.077525,22140.0,3528.0,-25380.0
0.07755,22032.0,3744.0,-25452.0
0.077575,21924.0,3888.0,-25560.0
0.0776,21780.0,4104.0,-25632.0
0.077625,21600.0,4284.0,-25740.0
0.07765,21456.0,4500.0,-25884.0
0.077675,21312.0,4716.0,-25956.0
0.0777,21168.0,4896.0,-26064.0
0.077725,21024.0,5076.0,-26136.0
0.07775,20880.0,5328.0,-26244.0
0.077775,20628.0,5544.0,-26352.0
0.0778,20484.0,5724.0,-26424.0
0.077825,20304.0,5940.0,-26532.0
0.07785,20088.0,6156.0,-26640.0
0.077875,19944.0,6372.0,-26748.0
0.0779,19764.0,6624.0,-26856.0
0.077925,19584.0,6840.0,-26928.0
0.07795,19440.0,7092.0,-27036.0
0.077975,19296.0,7308.0,-27108.0
0.078,19152.0,7524.0,-27216.0
0.078025,18972.0,7740.0,-27324.0
0.07805,18864.0,7992.0,-27396.0
0.078075,18756.0,8244.0,-27504.0
0.0781,18612.0,8496.0,-27684.0
0.078125,18540.0,8712.0,-27792.0
0.07815,18432.0,9000.0,-27900.0
0.078175,18324.0,9288.0,-28044.0
0.0782,18216.0,9504.0,-28188.0
0.078225,18072.0,9828.0,-28260.0
0.07825,17964.0,10080.0,-28368.0
0.078275,17856.0,10296.0,-28512.0
0.0783,17748.0,10584.0,-28548.0
0.078325,17604.0,10800.0,-28620.0
0.07835,17424.0,11016.0,-28620.0
0.078375,17244.0,11232.0,-28620.0
0.0784,17064.0,11448.0,-28620.0
0.078425,16884.0,11628.0,-28548.0
0.07845,16704.0,11808.0,-28440.0
0.078475,16488.0,11952.0,-28368.0
0.0785,16236.0,12132.0,-28296.0
0.078525,15984.0,12312.0,-28224.0
0.07855,15768.0,12492.0,-28152.0
0.078575,15480.0,12636.0,-28116.0
0.0786,15228.0,12852.0,-28044.0
0.078625,15012.0,13032.0,-28008.0
0.07865,14760.0,13248.0,-27972.0
0.078675,14508.0,13464.0,-27972.0
0.0787,14256.0,13680.0,-28008.0
0.078725,14076.0,13896.0,-28044.0
0.07875,13788.0,14148.0,-28080.0
0.078775,13608.0,14364.0,-28152.0
0.0788,13428.0,14580.0,-28188.0
0.078825,13212.0,14796.0,-28224.0
0.07885,13032.0,15048.0,-28296.0
0.078875,12852.0,15228.0,-28368.0
0.0789,12672.0,15372.0,-28440.0
0.078925,12528.0,15552.0,-28440.0
0.07895,12348.0,15696.0,-28512.0
0.078975,12204.0,15876.0,-28512.0
0.079,12024.0,16020.0,-28512.0
0.079025,11844.0,16128.0,-28440.0
0.07905,11664.0,16236.0,-28404.0
0.079075,11484.0,16380.0,-28368.0
0.0791,11304.0,16524.0,-28296.0
0.079125,11052.0,16632.0,-28224.0
0.07915,10836.0,16848.0,-28152.0
0.079175,10620.0,17028.0,-28080.0
0.0792,10404.0,17172.0,-27972.0
0.079225,10152.0,17388.0,-27900.0
0.07925,9900.0,17604.0,-27828.0
0.079275,9684.0,17820.0,-27756.0
0.0793,9432.0,18000.0,-27720.0
0.079325,9216.0,18216.0,-27648.0
0.07935,9036.0,18468.0,-27576.0
0.079375,8820.0,18648.0,-27540.0
0.0794,8604.0,18864.0,-27504.0
0.079425,8424.0,19044.0,-27468.0
0.07945,8244.0,19260.0,-27432.0
0.079475,8064.0,19476.0,-27432.0
0.0795,7884.0,19620.0,-27360.0
0.079525,7668.0,19836.0,-27360.0
0.07955,7488.0,19980.0,-27324.0
0.079575,7308.0,20196.0,-27288.0
0.0796,7128.0,20304.0,-27216.0
0.079625,6948.0,20448.0,-27180.0
0.07965,6696.0,20592.0,-27108.0
0.079675,6516.0,20700.0,-27036.0
0.0797,6336.0,20880.0,-27000.0
0.079725,6120.0,20952.0,-26892.0
0.07975,5868.0,21132.0,-26856.0
0.079775,5652.0,21240.0,-26784.0
0.0798,5436.0,21348.0,-26676.0
0.079825,5256.0,21456.0,-26640.0
0.07985,5004.0,21564.0,-26532.0
0.079875,4824.0,21672.0,-26460.0
0.0799,4608.0,21780.0,-26388.0
0.079925,4392.0,21888.0,-26316.0
0.07995,4140.0,22032.0,-26244.0
0.079975,3924.0,22176.0,-26208.0
0.08,3708.0,22284.0,-26136.0
0.080025,3456.0,22428.0,-26064.0
0.08005,3240.0,22536.0,-25992.0
0.080075,3024.0,22680.0,-25884.0
0.0801,2808.0,22788.0,-25848.0
0.080125,2628.0,22968.0,-25740.0
0.08015,2376.0,23148.0,-25668.0
0.080175,2196.0,23256.0,-25596.0
0.0802,2016.0,23364.0,-25488.0
0.080225,1836.0,23508.0,-25380.0
0.08025,1620.0,23616.0,-25308.0
0.080275,1440.0,23760.0,-25236.0
0.0803,1224.0,23868.0,-25128.0
0.080325,1044.0,24012.0,-25020.0
0.08035,864.0,24120.0,-24876.0
0.080375,648.0,24228.0,-24732.0
0.0804,468.0,24336.0,-24624.0
0.080425,252.0,24444.0,-24516.0
0.08045,72.0,24552.0,-24372.0
0.080475,-144.0,24660.0,-24228.0
0.0805,-324.0,24768.0,-24120.0
0.080525,-540.0,24876.0,-23940.0
0.08055,-756.0,24984.0,-23832.0
0.080575,-1008.0,25092.0,-23688.0
0.0806,-1224.0,25200.0,-23544.0
0.080625,-1440.0,25308.0,-23436.0
0.08065,-1656.0,25416.0,-23328.0
0.080675,-1908.0,25524.0,-23184.0
0.0807,-2124.0,25632.0,-23040.0
0.080725,-2376.0,25776.0,-22932.0
0.08075,-2664.0,25920.0,-22824.0
0.080775,-2916.0,25992.0,-22716.0
0.0808,-3168.0,26136.0,-22608.0
0.080825,-3420.0,26280.0,-22500.0
0.08085,-3744.0,26424.0,-22392.0
0.080875,-4032.0,26568.0,-22248.0
0.0809,-4284.0,26712.0,-22140.0
0.080925,-4608.0,26820.0,-22032.0
0.08095,-4824.0,26964.0,-21888.0
0.080975,-5112.0,27072.0,-21780.0
0.081,-5400.0,27180.0,-21636.0
0.081025,-5688.0,27288.0,-21528.0
0.08105,-5940.0,27396.0,-21348.0
0.081075,-6228.0,27504.0,-21204.0
0.0811,-6480.0,27576.0,-21060.0
0.081125,-6732.0,27684.0,-20916.0
0.08115,-6948.0,27756.0,-20772.0
0.081175,-7236.0,27828.0,-20592.0
0.0812,-7452.0,27900.0,-20412.0
0.081225,-7668.0,27972.0,-20268.0
0.08125,-7920.0,28044.0,-20088.0
0.081275,-8136.0,28152.0,-19908.0
0.0813,-8352.0,28224.0,-19764.0
0.081325,-8568.0,28296.0,-19620.0
0.08135,-8784.0,28332.0,-19404.0
0.081375,-9000.0,28404.0,-19260.0
0.0814,-9180.0,28476.0,-19080.0
0.081425,-9360.0,28512.0,-18900.0
0.08145,-9540.0,28548.0,-18684.0
0.081475,-9756.0,28584.0,-18504.0
0.0815,-9936.0,28584.0,-18324.0
0.081525,-10116.0,28620.0,-18144.0
0.08155,-10296.0,28656.0,-17964.0
0.081575,-10512.0,28692.0,-17748.0
0.0816,-10692.0,28692.0,-17532.0
0.081625,-10908.0,28728.0,-17352.0
0.08165,-11088.0,28764.0,-17172.0
0.081675,-11268.0,28764.0,-16992.0
0.0817,-11520.0,28764.0,-16776.0
0.081725,-11700.0,28764.0,-16596.0
0.08175,-11916.0,28800.0,-16416.0
0.081775,-12096.0,28800.0,-16272.0
0.0818,-12348.0,28800.0,-16092.0
0.081825,-12564.0,28836.0,-15876.0
0.08185,-12780.0,28836.0,-15732.0
0.081875,-12996.0,28836.0,-15552.0
0.0819,-13248.0,28836.0,-15408.0
0.081925,-13428.0,28836.0,-15228.0
0.08195,-13644.0,28836.0,-15048.0
0.081975,-13824.0,28836.0,-14868.0
0.082,-14076.0,28836.0,-14724.0
0.082025,-14256.0,28836.0,-14544.0
0.08205,-14436.0,28836.0,-14364.0
0.082075,-14652.0,28800.0,-14184.0
0.0821,-14868.0,28800.0,-13968.0
0.082125,-15048.0,28764.0,-13788.0
0.08215,-15228.0,28764.0,-13608.0
0.082175,-15444.0,28728.0,-13428.0
0.0822,-15624.0,28728.0,-13176.0
0.082225,-15840.0,28656.0,-12996.0
0.08225,-16020.0,28656.0,-12780.0
0.082275,-16200.0,28656.0,-12600.0
0.0823,-16344.0,28620.0,-12348.0
0.082325,-16488.0,28620.0,-12132.0
0.08235,-16704.0,28584.0,-11952.0
0.082375,-16884.0,28548.0,-11736.0
0.0824,-17028.0,28548.0,-11484.0
0.082425,-17208.0,28512.0,-11268.0
0.08245,-17352.0,28512.0,-11088.0
0.082475,-17568.0,28476.0,-10872.0
0.0825,-17748.0,28440.0,-10584.0
0.082525,-17928.0,28404.0,-10368.0
0.08255,-18108.0,28368.0,-10152.0
0.082575,-18324.0,28332.0,-9900.0
0.0826,-18504.0,28332.0,-9648.0
0.082625,-18648.0,28260.0,-9432.0
0.08265,-18864.0,28224.0,-9216.0
0.082675,-19044.0,28188.0,-8964.0
0.0827,-19260.0,28152.0,-8712.0
0.082725,-19440.0,28116.0,-8496.0
0.08275,-19620.0,28044.0,-8280.0
0.082775,-19800.0,28008.0,-8064.0
0.0828,-19944.0,27936.0,-7848.0
0.082825,-20160.0,27900.0,-7632.0
0.08285,-20340.0,27828.0,-7452.0
0.082875,-20484.0,27792.0,-7308.0
0.0829,-20664.0,27756.0,-7056.0
0.082925,-20844.0,27684.0,-6876.0
0.08295,-21024.0,27648.0,-6660.0
0.082975,-21204.0,27576.0,-6480.0
0.083,-21384.0,27504.0,-6228.0
0.083025,-21564.0,27432.0,-6048.0
0.08305,-21780.0,27360.0,-5796.0
0.083075,-21960.0,27288.0,-5580.0
0.0831,-22104.0,27180.0,-5400.0
0.083125,-22284.0,27108.0,-5112.0
0.08315,-22464.0,27036.0,-4896.0
0.083175,-22680.0,26964.0,-4680.0
0.0832,-22824.0,26856.0,-4428.0
0.083225,-22968.0,26784.0,-4212.0
0.08325,-23112.0,26712.0,-3996.0
0.083275,-23220.0,26604.0,-3744.0
0.0833,-23364.0,26496.0,-3528.0
0.083325,-23544.0,26424.0,-3276.0
0.08335,-23652.0,26280.0,-3060.0
0.083375,-23760.0,26208.0,-2844.0
0.0834,-23868.0,26100.0,-2556.0
0.083425,-23976.0,25992.0,-2340.0
0.08345,-24084.0,25884.0,-2124.0
0.083475,-24156.0,25776.0,-1908.0
0.0835,-24264.0,25704.0,-1692.0
0.083525,-24408.0,25632.0,-1476.0
0.08355,-24516.0,25524.0,-1260.0
0.083575,-24624.0,25416.0,-1080.0
0.0836,-24732.0,25344.0,-828.0
0.083625,-24804.0,25272.0,-612.0
0.08365,-24912.0,25200.0,-432.0
0.083675,-25056.0,25128.0,-216.0
0.0837,-25164.0,25020.0,36.0
0.083725,-25308.0,24912.0,252.0
0.08375,-25416.0,24840.0,468.0
0.083775,-25524.0,24732.0,648.0
0.0838,-25632.0,24624.0,900.0
0.083825,-25740.0,24444.0,1116.0
0.08385,-25848.0,24336.0,1296.0
0.083875,-25920.0,24192.0,1512.0
0.0839,-26028.0,24084.0,1764.0
0.083925,-26136.0,23940.0,1980.0
0.08395,-26208.0,23760.0,2196.0
0.083975,-26316.0,23616.0,2376.0
0.084,-26388.0,23436.0,2592.0
0.084025,-26460.0,23256.0,2844.0
0.08405,-26532.0,23112.0,3024.0
0.084075,-26568.0,22968.0,3240.0
0.0841,-26640.0,22788.0,3420.0
0.084125,-26712.0,22644.0,3672.0
0.08415,-26820.0,22500.0,3852.0
0.084175,-26856.0,22356.0,4068.0
0.0842,-27000.0,22212.0,4248.0
0.084225,-27036.0,22032.0,4500.0
0.08425,-27108.0,21852.0,4716.0
0.084275,-27216.0,21708.0,4968.0
0.0843,-27288.0,21528.0,5184.0
0.084325,-27324.0,21384.0,5436.0
0.08435,-27432.0,21276.0,5688.0
0.084375,-27504.0,21132.0,5940.0
0.0844,-27576.0,20952.0,6156.0
0.084425,-27648.0,20808.0,6444.0
0.08445,-27720.0,20664.0,6696.0
0.084475,-27864.0,20520.0,6912.0
0.0845,-27936.0,20376.0,7200.0
0.084525,-28008.0,20268.0,7452.0
0.08455,-28080.0,20088.0,7704.0
0.084575,-28152.0,19980.0,7884.0
0.0846,-28224.0,19836.0,8172.0
0.084625,-28260.0,19656.0,8388.0
0.08465,-28332.0,19512.0,8604.0
0.084675,-28368.0,19368.0,8820.0
0.0847,-28404.0,19188.0,9072.0
0.084725,-28440.0,19008.0,9252.0
0.08475,-28440.0,18864.0,9468.0
0.084775,-28476.0,18720.0,9612.0
0.0848,-28476.0,18540.0,9864.0
0.084825,-28512.0,18324.0,10044.0
0.08485,-28512.0,18144.0,10260.0
0.084875,-28548.0,17964.0,10440.0
0.0849,-28584.0,17784.0,10656.0
0.084925,-28584.0,17604.0,10836.0
0.08495,-28620.0,17388.0,11016.0
0.084975,-28620.0,17244.0,11160.0
0.085,-28620.0,17064.0,11376.0
0.085025,-28656.0,16884.0,11556.0
0.08505,-28728.0,16704.0,11772.0
0.085075,-28728.0,16524.0,11916.0
0.0851,-28764.0,16344.0,12132.0
0.085125,-28800.0,16164.0,12312.0
0.08515,-28836.0,16020.0,12564.0
0.085175,-28836.0,15840.0,12744.0
0.0852,-28908.0,15624.0,12924.0
0.085225,-28908.0,15444.0,13140.0
0.08525,-28944.0,15264.0,13356.0
0.085275,-28944.0,15084.0,13572.0
0.0853,-28980.0,14868.0,13788.0
0.085325,-28980.0,14688.0,13968.0
0.08535,-28980.0,14508.0,14220.0
0.085375,-28980.0,14328.0,14400.0
0.0854,-28944.0,14148.0,14616.0
0.085425,-28944.0,13896.0,14796.0
0.08545,-28908.0,13716.0,14976.0
0.085475,-28872.0,13500.0,15192.0
0.0855,-28836.0,13284.0,15408.0
0.085525,-28800.0,13032.0,15588.0
0.08555,-28800.0,12816.0,15768.0
0.085575,-28764.0,12636.0,16020.0
0.0856,-28728.0,12456.0,16200.0
0.085625,-28656.0,12240.0,16416.0
0.08565,-28620.0,12024.0,16560.0
0.085675,-28584.0,11844.0,16740.0
0.0857,-28548.0,11664.0,16956.0
0.085725,-28512.0,11484.0,17100.0
0.08575,-28476.0,11268.0,17244.0
0.085775,-28440.0,11088.0,17424.0
0.0858,-28404.0,10908.0,17568.0
0.085825,-28368.0,10692.0,17784.0
0.08585,-28332.0,10476.0,17928.0
0.085875,-28260.0,10296.0,18108.0
0.0859,-28224.0,10080.0,18252.0
0.085925,-28188.0,9828.0,18432.0
0.08595,-28116.0,9576.0,18648.0
0.085975,-28080.0,9324.0,18828.0
0.086,-28044.0,9108.0,19008.0
0.086025,-28008.0,8892.0,19224.0
0.08605,-27972.0,8604.0,19368.0
0.086075,-27936.0,8388.0,19584.0
0.0861,-27900.0,8172.0,19800.0
0.086125,-27864.0,7920.0,19944.0
0.08615,-27792.0,7668.0,20124.0
0.086175,-27756.0,7452.0,20304.0
0.0862,-27720.0,7272.0,20484.0
0.086225,-27684.0,7056.0,20628.0
0.08625,-27648.0,6840.0,20844.0
0.086275,-27576.0,6624.0,20952.0
0.0863,-27540.0,6408.0,21132.0
0.086325,-27468.0,6228.0,21348.0
0.08635,-27396.0,5976.0,21492.0
0.086375,-27360.0,5760.0,21636.0
0.0864,-27288.0,5544.0,21780.0
0.086425,-27216.0,5328.0,21960.0
0.08645,-27144.0,5112.0,22104.0
0.086475,-27108.0,4896.0,22284.0
0.0865,-27000.0,4680.0,22428.0
0.086525,-26856.0,4500.0,22572.0
0.08655,-26784.0,4248.0,22680.0
0.086575,-26712.0,4032.0,22824.0
0.0866,-26604.0,3816.0,22968.0
0.086625,-26496.0,3600.0,23112.0
0.08665,-26424.0,3348.0,23220.0
0.086675,-26316.0,3168.0,23328.0
0.0867,-26208.0,2952.0,23436.0
0.086725,-26100.0,2772.0,23580.0
0.08675,-25956.0,2520.0,23688.0
0.086775,-25884.0,2304.0,23832.0
0.0868,-25776.0,2088.0,23940.0
0.086825,-25668.0,1872.0,24120.0
0.08685,-25596.0,1656.0,24228.0
0.086875,-25524.0,1440.0,24372.0
0.0869,-25416.0,1224.0,24516.0
0.086925,-25344.0,1008.0,24624.0
0.08695,-25272.0,756.0,24768.0
0.086975,-25164.0,540.0,24912.0
0.087,-25092.0,324.0,25020.0
0.087025,-24984.0,108.0,25164.0
0.08705,-24876.0,-108.0,25272.0
0.087075,-24804.0,-324.0,25380.0
0.0871,-24696.0,-540.0,25488.0
0.087125,-24588.0,-756.0,25560.0
0.08715,-24444.0,-1008.0,25668.0
0.087175,-24300.0,-1224.0,25776.0
0.0872,-24156.0,-1440.0,25848.0
0.087225,-24012.0,-1656.0,25920.0
0.08725,-23868.0,-1908.0,25956.0
0.087275,-23724.0,-2124.0,26064.0
0.0873,-23580.0,-2340.0,26136.0
0.087325,-23400.0,-2592.0,26172.0
0.08735,-23256.0,-2808.0,26244.0
0.087375,-23112.0,-3060.0,26316.0
0.0874,-22968.0,-3276.0,26424.0
0.087425,-22824.0,-3492.0,26496.0
0.08745,-22716.0,-3780.0,26604.0
0.087475,-22536.0,-3960.0,26712.0
0.0875,-22428.0,-4212.0,26784.0
0.087525,-22284.0,-4392.0,26892.0
0.08755,-22140.0,-4680.0,27000.0
0.087575,-21996.0,-4860.0,27072.0
0.0876,-21852.0,-5112.0,27180.0
0.087625,-21708.0,-5364.0,27252.0
0.08765,-21564.0,-5580.0,27324.0
0.087675,-21384.0,-5796.0,27396.0
0.0877,-21240.0,-6012.0,27432.0
0.087725,-21096.0,-6228.0,27540.0
0.08775,-20916.0,-6444.0,27576.0
0.087775,-20736.0,-6660.0,27648.0
0.0878,-20556.0,-6840.0,27720.0
0.087825,-20412.0,-7164.0,27756.0
0.08785,-20232.0,-7344.0,27828.0
0.087875,-20088.0,-7596.0,27864.0
0.0879,-19908.0,-7776.0,27936.0
0.087925,-19728.0,-8028.0,28008.0
0.08795,-19584.0,-8280.0,28044.0
0.087975,-19440.0,-8496.0,28152.0
0.088,-19296.0,-8712.0,28188.0
0.088025,-19188.0,-8964.0,28260.0
0.08805,-19008.0,-9180.0,28332.0
0.088075,-18864.0,-9432.0,28440.0
0.0881,-18720.0,-9612.0,28512.0
0.088125,-18576.0,-9828.0,28584.0
0.08815,-18396.0,-10044.0,28620.0
0.088175,-18288.0,-10260.0,28620.0
0.0882,-18036.0,-10440.0,28656.0
0.088225,-17892.0,-10656.0,28656.0
0.08825,-17748.0,-10836.0,28620.0
0.088275,-17532.0,-11016.0,28620.0
0.0883,-17316.0,-11196.0,28620.0
0.088325,-17172.0,-11376.0,28620.0
0.08835,-16992.0,-11592.0,28620.0
0.088375,-16812.0,-11772.0,28620.0
0.0884,-16632.0,-11952.0,28620.0
0.088425,-16452.0,-12132.0,28620.0
0.08845,-16272.0,-12312.0,28656.0
0.088475,-16092.0,-12564.0,28656.0
0.0885,-15948.0,-12780.0,28692.0
0.088525,-15768.0,-12960.0,28728.0
0.08855,-15552.0,-13176.0,28764.0
0.088575,-15372.0,-13392.0,28764.0
0.0886,-15228.0,-13608.0,28764.0
0.088625,-15012.0,-13824.0,28800.0
0.08865,-14832.0,-14004.0,28800.0
0.088675,-14616.0,-14220.0,28800.0
0.0887,-14436.0,-14436.0,28800.0
0.088725,-14292.0,-14652.0,28764.0
0.08875,-14040.0,-14796.0,28764.0
0.088775,-13824.0,-14940.0,28764.0
0.0888,-13644.0,-15156.0,28728.0
0.088825,-13428.0,-15336.0,28728.0
0.08885,-13248.0,-15480.0,28692.0
0.088875,-13032.0,-15660.0,28656.0
0.0889,-12816.0,-15804.0,28620.0
0.088925,-12636.0,-16056.0,28584.0
0.08895,-12456.0,-16236.0,28620.0
0.088975,-12276.0,-16416.0,28584.0
0.089,-12024.0,-16596.0,28584.0
0.089025,-11808.0,-16812.0,28548.0
0.08905,-11628.0,-16992.0,28548.0
0.089075,-11412.0,-17172.0,28548.0
0.0891,-11196.0,-17352.0,28476.0
0.089125,-10980.0,-17568.0,28476.0
0.08915,-10800.0,-17784.0,28476.0
0.089175,-10584.0,-17964.0,28440.0
0.0892,-10332.0,-18144.0,28440.0
0.089225,-10152.0,-18360.0,28332.0
0.08925,-9900.0,-18576.0,28332.0
0.089275,-9684.0,-18756.0,28296.0
0.0893,-9432.0,-18936.0,28260.0
0.089325,-9216.0,-19116.0,28188.0
0.08935,-9000.0,-19296.0,28152.0
0.089375,-8748.0,-19512.0,28080.0
0.0894,-8496.0,-19692.0,28008.0
0.089425,-8280.0,-19872.0,27972.0
0.08945,-8064.0,-20052.0,27936.0
0.089475,-7812.0,-20268.0,27864.0
0.0895,-7560.0,-20412.0,27792.0
0.089525,-7380.0,-20592.0,27756.0
0.08955,-7164.0,-20736.0,27684.0
0.089575,-6948.0,-20844.0,27648.0
0.0896,-6768.0,-21024.0,27576.0
0.089625,-6552.0,-21204.0,27468.0
0.08965,-6336.0,-21384.0,27432.0
0.089675,-6156.0,-21528.0,27396.0
0.0897,-5904.0,-21672.0,27324.0
0.089725,-5688.0,-21852.0,27288.0
0.08975,-5472.0,-22032.0,27216.0
0.089775,-5220.0,-22176.0,27180.0
0.0898,-5004.0,-22356.0,27108.0
0.089825,-4752.0,-22500.0,27036.0
0.08985,-4536.0,-22644.0,27000.0
0.089875,-4284.0,-22788.0,26856.0
0.0899,-4032.0,-22968.0,26748.0
0.089925,-3816.0,-23112.0,26676.0
0.08995,-3564.0,-23220.0,26532.0
0.089975,-3312.0,-23328.0,26388.0
0.09,-3060.0,-23436.0,26244.0
0.090025,-2808.0,-23508.0,26136.0
0.09005,-2556.0,-23580.0,25956.0
0.090075,-2340.0,-23652.0,25776.0
0.0901,-2088.0,-23724.0,25596.0
0.090125,-1836.0,-23796.0,25416.0
0.09015,-1584.0,-23868.0,25236.0
0.090175,-1332.0,-23940.0,25056.0
0.0902,-1080.0,-24012.0,24912.0
0.090225,-792.0,-24084.0,24732.0
0.09025,-576.0,-24156.0,24588.0
0.090275,-324.0,-24228.0,24444.0
0.0903,-108.0,-24372.0,24336.0
0.090325,144.0,-24480.0,24192.0
0.09035,396.0,-24552.0,24084.0
0.090375,576.0,-24732.0,24012.0
0.0904,792.0,-24876.0,23868.0
0.090425,1044.0,-24984.0,23796.0
0.09045,1224.0,-25092.0,23688.0
0.090475,1440.0,-25200.0,23616.0
0.0905,1620.0,-25308.0,23472.0
0.090525,1872.0,-25416.0,23364.0
0.09055,2088.0,-25560.0,23256.0
0.090575,2304.0,-25632.0,23112.0
0.0906,2520.0,-25668.0,22932.0
0.090625,2772.0,-25740.0,22788.0
0.09065,2988.0,-25812.0,22608.0
0.090675,3204.0,-25884.0,22392.0
0.0907,3492.0,-25920.0,22248.0
0.090725,3744.0,-25956.0,22032.0
0.09075,3960.0,-26028.0,21852.0
0.090775,4212.0,-26064.0,21708.0
0.0908,4464.0,-26136.0,21528.0
0.090825,4680.0,-26208.0,21348.0
0.09085,4896.0,-26280.0,21168.0
0.090875,5148.0,-26352.0,21024.0
0.0909,5400.0,-26460.0,20916.0
0.090925,5616.0,-26532.0,20772.0
0.09095,5832.0,-26640.0,20628.0
0.090975,6012.0,-26712.0,20520.0
0.091,6264.0,-26784.0,20376.0
0.091025,6516.0,-26856.0,20268.0
0.09105,6696.0,-26964.0,20160.0
0.091075,6948.0,-27036.0,20016.0
0.0911,7164.0,-27108.0,19908.0
0.091125,7416.0,-27180.0,19764.0
0.09115,7632.0,-27288.0,19584.0
0.091175,7884.0,-27360.0,19440.0
0.0912,8100.0,-27396.0,19260.0
0.091225,8316.0,-27468.0,19152.0
0.09125,8532.0,-27504.0,18972.0
0.091275,8784.0,-27540.0,18792.0
0.0913,9000.0,-27612.0,18648.0
0.091325,9216.0,-27648.0,18432.0
0.09135,9432.0,-27720.0,18288.0
0.091375,9648.0,-27720.0,18108.0
0.0914,9864.0,-27792.0,17964.0
0.091425,10080.0,-27828.0,17784.0
0.09145,10296.0,-27900.0,17604.0
0.091475,10548.0,-27936.0,17460.0
0.0915,10764.0,-28008.0,17316.0
0.091525,11016.0,-28080.0,17136.0
0.09155,11268.0,-28116.0,16992.0
0.091575,11448.0,-28260.0,16812.0
0.0916,11700.0,-28296.0,16668.0
0.091625,11880.0,-28368.0,16524.0
0.09165,12060.0,-28368.0,16380.0
0.091675,12276.0,-28404.0,16200.0
0.0917,12420.0,-28404.0,16056.0
0.091725,12600.0,-28404.0,15876.0
0.09175,12744.0,-28440.0,15732.0
0.091775,12924.0,-28404.0,15552.0
0.0918,13104.0,-28404.0,15408.0
0.091825,13248.0,-28404.0,15228.0
0.09185,13428.0,-28368.0,15012.0
0.091875,13608.0,-28332.0,14832.0
0.0919,13752.0,-28332.0,14652.0
0.091925,13968.0,-28332.0,14472.0
0.09195,14184.0,-28332.0,14256.0
0.091975,14400.0,-28296.0,14040.0
0.092,14580.0,-28332.0,13860.0
0.092025,14796.0,-28332.0,13680.0
0.09205,15012.0,-28332.0,13464.0
0.092075,15228.0,-28332.0,13248.0
0.0921,15408.0,-28332.0,13032.0
0.092125,15660.0,-28332.0,12852.0
0.09215,15840.0,-28332.0,12672.0
0.092175,16020.0,-28332.0,12492.0
0.0922,16200.0,-28332.0,12276.0
0.092225,16416.0,-28296.0,12096.0
0.09225,16596.0,-28296.0,11916.0
0.092275,16776.0,-28296.0,11736.0
0.0923,16920.0,-28296.0,11592.0
0.092325,17136.0,-28260.0,11376.0
0.09235,17280.0,-28224.0,11196.0
0.092375,17496.0,-28224.0,10980.0
0.0924,17640.0,-28188.0,10800.0
0.092425,17820.0,-28116.0,10584.0
0.09245,17964.0,-28080.0,10368.0
0.092475,18216.0,-28008.0,10152.0
0.0925,18360.0,-27972.0,9972.0
0.092525,18540.0,-27900.0,9684.0
0.09255,18684.0,-27828.0,9468.0
0.092575,18828.0,-27756.0,9252.0
0.0926,18972.0,-27684.0,9000.0
0.092625,19152.0,-27540.0,8712.0
0.09265,19296.0,-27432.0,8424.0
0.092675,19404.0,-27288.0,8172.0
0.0927,19548.0,-27108.0,7848.0
0.092725,19656.0,-26928.0,7560.0
0.09275,19764.0,-26784.0,7308.0
0.092775,19872.0,-26640.0,6984.0
0.0928,20052.0,-26496.0,6696.0
0.092825,20160.0,-26316.0,6444.0
0.09285,20268.0,-26244.0,6228.0
0.092875,20412.0,-26136.0,5976.0
0.0929,20556.0,-26064.0,5760.0
0.092925,20664.0,-26028.0,5580.0
0.09295,20844.0,-25992.0,5364.0
0.092975,21024.0,-25956.0,5184.0
0.093,21204.0,-25992.0,5040.0
0.093025,21348.0,-25992.0,4860.0
0.09305,21492.0,-25992.0,4680.0
0.093075,21708.0,-25992.0,4536.0
0.0931,21888.0,-25992.0,4320.0
0.093125,22104.0,-26028.0,4140.0
0.09315,22248.0,-25992.0,3960.0
0.093175,22428.0,-25956.0,3744.0
0.0932,22608.0,-25920.0,3492.0
0.093225,22752.0,-25848.0,3312.0
0.09325,22896.0,-25740.0,3060.0
0.093275,23040.0,-25632.0,2844.0
0.0933,23148.0,-25488.0,2592.0
0.093325,23256.0,-25344.0,2340.0
0.09335,23328.0,-25164.0,2124.0
0.093375,23436.0,-25020.0,1872.0
0.0934,23508.0,-24876.0,1656.0
0.093425,23580.0,-24732.0,1440.0
0.09345,23652.0,-24588.0,1260.0
0.093475,23760.0,-24444.0,1044.0
0.0935,23832.0,-24336.0,792.0
0.093525,23940.0,-24228.0,612.0
0.09355,24048.0,-24156.0,396.0
0.093575,24120.0,-24084.0,252.0
0.0936,24228.0,-24048.0,36.0
0.093625,24408.0,-23976.0,-180.0
0.09365,24516.0,-23940.0,-360.0
0.093675,24660.0,-23868.0,-540.0
0.0937,24768.0,-23796.0,-720.0
0.093725,24876.0,-23724.0,-900.0
0.09375,25020.0,-23652.0,-1116.0
0.093775,25092.0,-23580.0,-1332.0
0.0938,25236.0,-23472.0,-1512.0
0.093825,25308.0,-23364.0,-1728.0
0.09385,25380.0,-23256.0,-1944.0
0.093875,25452.0,-23112.0,-2160.0
0.0939,25524.0,-23004.0,-2376.0
0.093925,25596.0,-22788.0,-2592.0
0.09395,25632.0,-22644.0,-2844.0
0.093975,25668.0,-22536.0,-3060.0
0.094,25740.0,-22356.0,-3276.0
0.094025,25776.0,-22212.0,-3492.0
0.09405,25848.0,-22068.0,-3744.0
0.094075,25920.0,-21924.0,-3960.0
0.0941,26064.0,-21780.0,-4140.0
0.094125,26100.0,-21672.0,-4392.0
0.09415,26208.0,-21564.0,-4608.0
0.094175,26316.0,-21492.0,-4788.0
0.0942,26388.0,-21348.0,-5004.0
0.094225,26460.0,-21240.0,-5184.0
0.09425,26568.0,-21096.0,-5400.0
0.094275,26604.0,-20988.0,-5616.0
0.0943,26712.0,-20880.0,-5796.0
0.094325,26784.0,-20772.0,-5976.0
0.09435,26892.0,-20664.0,-6156.0
0.094375,26928.0,-20520.0,-6372.0
0.0944,27000.0,-20340.0,-6588.0
0.094425,27036.0,-20160.0,-6768.0
0.09445,27108.0,-20016.0,-6948.0
0.094475,27180.0,-19872.0,-7236.0
0.0945,27216.0,-19728.0,-7416.0
0.094525,27252.0,-19584.0,-7632.0
0.09455,27324.0,-19404.0,-7848.0
0.094575,27396.0,-19188.0,-8100.0
0.0946,27468.0,-19044.0,-8316.0
0.094625,27576.0,-18900.0,-8532.0
0.09465,27612.0,-18756.0,-8748.0
0.094675,27684.0,-18612.0,-9036.0
0.0947,27792.0,-18432.0,-9252.0
0.094725,27864.0,-18324.0,-9432.0
0.09475,27900.0,-18216.0,-9648.0
0.094775,28008.0,-18036.0,-9900.0
0.0948,28044.0,-17928.0,-10044.0
0.094825,28080.0,-17784.0,-10260.0
0.09485,28116.0,-17676.0,-10440.0
0.094875,28116.0,-17496.0,-10584.0
0.0949,28116.0,-17352.0,-10800.0
0.094925,28116.0,-17208.0,-10944.0
0.09495,28080.0,-17064.0,-11124.0
0.094975,28116.0,-16884.0,-11268.0
0.095,28044.0,-16704.0,-11412.0
0.095025,28044.0,-16524.0,-11628.0
0.09505,28008.0,-16380.0,-11772.0
0.095075,28008.0,-16200.0,-11988.0
0.0951,28008.0,-16020.0,-12132.0
0.095125,28008.0,-15804.0,-12312.0
0.09515,28044.0,-15624.0,-12564.0
0.095175,28044.0,-15444.0,-12744.0
0.0952,28080.0,-15300.0,-12924.0
0.095225,28116.0,-15156.0,-13104.0
0.09525,28116.0,-14940.0,-13284.0
0.095275,28152.0,-14796.0,-13536.0
0.0953,28188.0,-14616.0,-13716.0
0.095325,28224.0,-14436.0,-13896.0
0.09535,28224.0,-14256.0,-14076.0
0.095375,28260.0,-14040.0,-14328.0
0.0954,28260.0,-13860.0,-14472.0
0.095425,28260.0,-13716.0,-14652.0
0.09545,28260.0,-13500.0,-14832.0
0.095475,28260.0,-13320.0,-14976.0
0.0955,28224.0,-13140.0,-15120.0
0.095525,28224.0,-12924.0,-15300.0
0.09555,28188.0,-12744.0,-15444.0
0.095575,28152.0,-12600.0,-15552.0
0.0956,28116.0,-12384.0,-15696.0
0.095625,28080.0,-12204.0,-15804.0
0.09565,28008.0,-12024.0,-15984.0
0.095675,27972.0,-11844.0,-16164.0
0.0957,27972.0,-11664.0,-16308.0
0.095725,27900.0,-11484.0,-16488.0
0.09575,27864.0,-11232.0,-16632.0
0.095775,27828.0,-11052.0,-16812.0
0.0958,27792.0,-10836.0,-17028.0
0.095825,27756.0,-10548.0,-17208.0
0.09585,27684.0,-10368.0,-17424.0
0.095875,27648.0,-10188.0,-17568.0
0.0959,27648.0,-9972.0,-17784.0
0.095925,27612.0,-9756.0,-18000.0
0.09595,27612.0,-9540.0,-18180.0
0.095975,27612.0,-9288.0,-18360.0
0.096,27540.0,-9144.0,-18540.0
0.096025,27504.0,-8964.0,-18756.0
0.09605,27504.0,-8712.0,-18900.0
0.096075,27432.0,-8568.0,-19044.0
0.0961,27396.0,-8352.0,-19188.0
0.096125,27324.0,-8172.0,-19332.0
0.09615,27288.0,-7992.0,-19476.0
0.096175,27252.0,-7740.0,-19656.0
0.0962,27180.0,-7560.0,-19800.0
0.096225,27108.0,-7380.0,-19908.0
0.09625,27072.0,-7200.0,-20088.0
0.096275,27000.0,-6948.0,-20160.0
0.0963,26928.0,-6768.0,-20304.0
0.096325,26892.0,-6552.0,-20448.0
0.09635,26784.0,-6336.0,-20628.0
0.096375,26748.0,-6084.0,-20772.0
0.0964,26676.0,-5868.0,-20916.0
0.096425,26640.0,-5652.0,-21024.0
0.09645,26568.0,-5472.0,-21168.0
0.096475,26532.0,-5220.0,-21312.0
0.0965,26496.0,-5004.0,-21492.0
0.096525,26424.0,-4788.0,-21636.0
0.09655,26388.0,-4572.0,-21780.0
0.096575,26280.0,-4356.0,-21924.0
0.0966,26208.0,-4176.0,-21996.0
0.096625,26136.0,-3960.0,-22104.0
0.09665,26028.0,-3780.0,-22212.0
0.096675,25920.0,-3564.0,-22356.0
0.0967,25812.0,-3348.0,-22428.0
0.096725,25740.0,-3168.0,-22536.0
0.09675,25632.0,-2952.0,-22644.0
0.096775,25560.0,-2772.0,-22716.0
0.0968,25452.0,-2556.0,-22824.0
0.096825,25344.0,-2376.0,-22932.0
0.09685,25272.0,-2160.0,-23040.0
0.096875,25164.0,-1980.0,-23112.0
0.0969,25020.0,-1728.0,-23292.0
0.096925,24912.0,-1512.0,-23400.0
0.09695,24804.0,-1332.0,-23508.0
0.096975,24732.0,-1116.0,-23616.0
0.097,24660.0,-864.0,-23760.0
0.097025,24552.0,-648.0,-23832.0
0.09705,24444.0,-468.0,-23940.0
0.097075,24336.0,-288.0,-24120.0
0.0971,24156.0,-72.0,-24192.0
0.097125,24084.0,180.0,-24300.0
0.09715,24012.0,360.0,-24372.0
0.097175,23868.0,576.0,-24480.0
0.0972,23760.0,756.0,-24516.0
0.097225,23616.0,972.0,-24624.0
0.09725,23508.0,1188.0,-24660.0
0.097275,23328.0,1368.0,-24732.0
0.0973,23184.0,1584.0,-24768.0
0.097325,23076.0,1800.0,-24840.0
0.09735,22932.0,2016.0,-24912.0
0.097375,22824.0,2196.0,-24984.0
0.0974,22680.0,2412.0,-25056.0
0.097425,22500.0,2664.0,-25128.0
0.09745,22392.0,2844.0,-25200.0
0.097475,22284.0,3060.0,-25272.0
0.0975,22140.0,3312.0,-25380.0
0.097525,22032.0,3564.0,-25452.0
0.09755,21924.0,3744.0,-25524.0
0.097575,21780.0,3960.0,-25596.0
0.0976,21708.0,4212.0,-25704.0
0.097625,21528.0,4464.0,-25776.0
0.09765,21420.0,4644.0,-25920.0
0.097675,21312.0,4896.0,-25992.0
0.0977,21168.0,5112.0,-26064.0
0.097725,21060.0,5364.0,-26136.0
0.09775,20916.0,5544.0,-26208.0
0.097775,20736.0,5796.0,-26280.0
0.0978,20556.0,5976.0,-26352.0
0.097825,20412.0,6228.0,-26388.0
0.09785,20232.0,6408.0,-26460.0
0.097875,20088.0,6660.0,-26532.0
0.0979,19944.0,6840.0,-26604.0
0.097925,19728.0,7128.0,-26676.0
0.09795,19620.0,7344.0,-26784.0
0.097975,19440.0,7560.0,-26856.0
0.098,19332.0,7812.0,-26964.0
0.098025,19188.0,8064.0,-27108.0
0.09805,19080.0,8316.0,-27216.0
0.098075,18972.0,8568.0,-27360.0
0.0981,18828.0,8856.0,-27504.0
0.098125,18756.0,9108.0,-27720.0
0.09815,18612.0,9360.0,-27900.0
0.098175,18504.0,9684.0,-28080.0
0.0982,18432.0,9900.0,-28188.0
0.098225,18288.0,10152.0,-28332.0
0.09825,18144.0,10368.0,-28440.0
0.098275,18000.0,10656.0,-28584.0
0.0983,17856.0,10872.0,-28620.0
0.098325,17712.0,11088.0,-28656.0
0.09835,17532.0,11268.0,-28656.0
0.098375,17280.0,11448.0,-28620.0
0.0984,17064.0,11628.0,-28584.0
0.098425,16848.0,11736.0,-28512.0
0.09845,16668.0,11916.0,-28368.0
0.098475,16380.0,12060.0,-28260.0
0.0985,16164.0,12204.0,-28188.0
0.098525,15948.0,12384.0,-28080.0
0.09855,15696.0,12528.0,-28008.0
0.098575,15444.0,12708.0,-27972.0
0.0986,15228.0,12888.0,-27900.0
0.098625,14976.0,13104.0,-27864.0
0.09865,14760.0,13320.0,-27828.0
0.098675,14508.0,13572.0,-27828.0
0.0987,14328.0,13788.0,-27864.0
0.098725,14148.0,14076.0,-27900.0
0.09875,13932.0,14292.0,-27972.0
0.098775,13752.0,14544.0,-28008.0
0.0988,13572.0,14796.0,-28080.0
0.098825,13392.0,15048.0,-28116.0
0.09885,13212.0,15228.0,-28152.0
0.098875,13068.0,15408.0,-28188.0
0.0989,12852.0,15624.0,-28224.0
0.098925,12708.0,15804.0,-28260.0
0.09895,12528.0,15984.0,-28260.0
0.098975,12384.0,16128.0,-28260.0
0.099,12204.0,16272.0,-28260.0
0.099025,12024.0,16416.0,-28224.0
0.09905,11808.0,16560.0,-28152.0
0.099075,11628.0,16704.0,-28116.0
0.0991,11412.0,16848.0,-28080.0
0.099125,11160.0,16992.0,-28008.0
0.09915,10908.0,17136.0,-27936.0
0.099175,10692.0,17316.0,-27900.0
0.0992,10440.0,17460.0,-27828.0
0.099225,10188.0,17676.0,-27792.0
0.09925,9936.0,17856.0,-27720.0
0.099275,9684.0,18036.0,-27684.0
0.0993,9432.0,18216.0,-27648.0
0.099325,9216.0,18396.0,-27576.0
0.09935,9000.0,18648.0,-27540.0
0.099375,8784.0,18828.0,-27504.0
0.0994,8568.0,19008.0,-27504.0
0.099425,8352.0,19188.0,-27468.0
0.09945,8172.0,19368.0,-27432.0
0.099475,7992.0,19548.0,-27432.0
0.0995,7812.0,19728.0,-27396.0
0.099525,7560.0,19872.0,-27360.0
0.09955,7380.0,20052.0,-27324.0
0.099575,7236.0,20196.0,-27288.0
0.0996,7020.0,20340.0,-27216.0
0.099625,6804.0,20484.0,-27144.0
0.09965,6624.0,20628.0,-27072.0
0.099675,6408.0,20736.0,-27000.0
0.0997,6228.0,20880.0,-26964.0
0.099725,6012.0,20988.0,-26892.0
0.09975,5796.0,21168.0,-26820.0
0.099775,5652.0,21312.0,-26676.0
0.0998,5400.0,21420.0,-26640.0
0.099825,5220.0,21564.0,-26604.0
0.09985,4968.0,21708.0,-26532.0
0.099875,4788.0,21816.0,-26460.0
0.0999,4572.0,21996.0,-26388.0
0.099925,4356.0,22104.0,-26316.0
0.09995,4104.0,22248.0,-26244.0
0.099975,3888.0,22356.0,-26172.0
0.1,3708.0,22500.0,-26100.0
0.100025,3492.0,22608.0,-26028.0
0.10005,3204.0,22716.0,-25920.0
0.100075,2988.0,22860.0,-25848.0
0.1001,2808.0,22968.0,-25740.0
0.100125,2628.0,23112.0,-25668.0
0.10015,2376.0,23184.0,-25596.0
0.100175,2196.0,23292.0,-25524.0
0.1002,1980.0,23400.0,-25416.0
0.100225,1764.0,23508.0,-25344.0
0.10025,1512.0,23616.0,-25236.0
0.100275,1296.0,23760.0,-25164.0
0.1003,1116.0,23868.0,-25056.0
0.100325,900.0,23976.0,-24912.0
0.10035,648.0,24120.0,-24840.0
0.100375,468.0,24192.0,-24732.0
0.1004,252.0,24300.0,-24660.0
0.100425,36.0,24408.0,-24552.0
0.10045,-180.0,24516.0,-24444.0
0.100475,-396.0,24660.0,-24336.0
0.1005,-576.0,24732.0,-24228.0
0.100525,-792.0,24840.0,-24120.0
0.10055,-1044.0,24912.0,-23976.0
0.100575,-1260.0,25020.0,-23832.0
0.1006,-1440.0,25128.0,-23724.0
0.100625,-1692.0,25236.0,-23616.0
0.10065,-1944.0,25308.0,-23472.0
0.100675,-2196.0,25380.0,-23328.0
0.1007,-2412.0,25560.0,-23184.0
0.100725,-2700.0,25668.0,-23040.0
0.10075,-2916.0,25812.0,-22896.0
0.100775,-3168.0,25920.0,-22788.0
0.1008,-3420.0,26064.0,-22644.0
0.100825,-3744.0,26208.0,-22536.0
0.10085,-4032.0,26388.0,-22392.0
0.100875,-4284.0,26532.0,-22320.0
0.1009,-4608.0,26712.0,-22140.0
0.100925,-4860.0,26856.0,-22032.0
0.10095,-5148.0,27000.0,-21960.0
0.100975,-5436.0,27144.0,-21816.0
0.101,-5688.0,27288.0,-21708.0
0.101025,-5940.0,27396.0,-21564.0
0.10105,-6192.0,27504.0,-21420.0
0.101075,-6444.0,27612.0,-21240.0
0.1011,-6660.0,27684.0,-21132.0
0.101125,-6876.0,27720.0,-20952.0
0.10115,-7128.0,27756.0,-20808.0
0.101175,-7308.0,27792.0,-20628.0
0.1012,-7524.0,27828.0,-20448.0
0.101225,-7740.0,27864.0,-20268.0
0.10125,-7992.0,27900.0,-20124.0
0.101275,-8208.0,27936.0,-19944.0
0.1013,-8424.0,27972.0,-19764.0
0.101325,-8676.0,28008.0,-19620.0
0.10135,-8928.0,28116.0,-19404.0
0.101375,-9216.0,28152.0,-19224.0
0.1014,-9396.0,28260.0,-19080.0
0.101425,-9612.0,28296.0,-18900.0
0.10145,-9864.0,28368.0,-18756.0
0.101475,-10080.0,28440.0,-18576.0
0.1015,-10296.0,28476.0,-18396.0
0.101525,-10548.0,28548.0,-18252.0
0.10155,-10764.0,28620.0,-18072.0
0.101575,-10944.0,28656.0,-17928.0
0.1016,-11160.0,28692.0,-17712.0
0.101625,-11376.0,28692.0,-17532.0
0.10165,-11556.0,28728.0,-17352.0
0.101675,-11700.0,28728.0,-17172.0
0.1017,-11880.0,28728.0,-16992.0
0.101725,-12024.0,28692.0,-16776.0
0.10175,-12168.0,28656.0,-16560.0
0.101775,-12384.0,28656.0,-16380.0
0.1018,-12564.0,28656.0,-16200.0
0.101825,-12708.0,28620.0,-15984.0
0.10185,-12888.0,28620.0,-15768.0
0.101875,-13104.0,28620.0,-15588.0
0.1019,-13320.0,28620.0,-15408.0
0.101925,-13500.0,28620.0,-15192.0
0.10195,-13680.0,28620.0,-14976.0
0.101975,-13896.0,28656.0,-14796.0
0.102,-14112.0,28656.0,-14616.0
0.102025,-14328.0,28656.0,-14436.0
0.10205,-14508.0,28692.0,-14292.0
0.102075,-14724.0,28692.0,-14040.0
0.1021,-14976.0,28728.0,-13860.0
0.102125,-15192.0,28728.0,-13680.0
0.10215,-15372.0,28728.0,-13464.0
0.102175,-15624.0,28728.0,-13284.0
0.1022,-15840.0,28728.0,-13068.0
0.102225,-16056.0,28692.0,-12888.0
0.10225,-16200.0,28692.0,-12672.0
0.102275,-16380.0,28656.0,-12456.0
0.1023,-16596.0,28656.0,-12276.0
0.102325,-16740.0,28620.0,-12096.0
0.10235,-16920.0,28548.0,-11880.0
0.102375,-17064.0,28512.0,-11700.0
0.1024,-17208.0,28476.0,-11448.0
0.102425,-17352.0,28440.0,-11268.0
0.10245,-17568.0,28404.0,-11052.0
0.102475,-17712.0,28368.0,-10872.0
0.1025,-17856.0,28332.0,-10620.0
0.102525,-18036.0,28296.0,-10404.0
0.10255,-18216.0,28260.0,-10152.0
0.102575,-18432.0,28188.0,-9936.0
0.1026,-18612.0,28152.0,-9684.0
0.102625,-18792.0,28116.0,-9432.0
0.10265,-18972.0,28044.0,-9216.0
0.102675,-19188.0,28044.0,-8964.0
0.1027,-19404.0,28008.0,-8712.0
0.102725,-19548.0,27972.0,-8460.0
0.10275,-19728.0,27936.0,-8244.0
0.102775,-19908.0,27900.0,-7992.0
0.1028,-20124.0,27864.0,-7776.0
0.102825,-20304.0,27828.0,-7560.0
0.10285,-20448.0,27792.0,-7344.0
0.102875,-20592.0,27756.0,-7128.0
0.1029,-20736.0,27684.0,-6912.0
0.102925,-20952.0,27648.0,-6696.0
0.10295,-21096.0,27576.0,-6480.0
0.102975,-21240.0,27540.0,-6228.0
0.103,-21420.0,27468.0,-6012.0
0.103025,-21564.0,27396.0,-5796.0
0.10305,-21780.0,27324.0,-5580.0
0.103075,-21924.0,27288.0,-5328.0
0.1031,-22068.0,27180.0,-5112.0
0.103125,-22248.0,27108.0,-4896.0
0.10315,-22392.0,27000.0,-4680.0
0.103175,-22536.0,26964.0,-4428.0
0.1032,-22752.0,26856.0,-4212.0
0.103225,-22896.0,26820.0,-3960.0
0.10325,-23040.0,26712.0,-3780.0
0.103275,-23184.0,26676.0,-3528.0
0.1033,-23328.0,26604.0,-3312.0
0.103325,-23508.0,26496.0,-3096.0
0.10335,-23616.0,26388.0,-2844.0
0.103375,-23760.0,26280.0,-2592.0
0.1034,-23868.0,26172.0,-2412.0
0.103425,-23976.0,26100.0,-2196.0
0.10345,-24084.0,25992.0,-1980.0
0.103475,-24156.0,25884.0,-1764.0
0.1035,-24264.0,25776.0,-1548.0
0.103525,-24372.0,25668.0,-1332.0
0.10355,-24480.0,25560.0,-1152.0
0.103575,-24588.0,25416.0,-900.0
0.1036,-24696.0,25308.0,-720.0
0.103625,-24804.0,25200.0,-468.0
0.10365,-24876.0,25128.0,-252.0
0.103675,-24984.0,25020.0,-72.0
0.1037,-25092.0,24912.0,216.0
0.103725,-25236.0,24840.0,396.0
0.10375,-25380.0,24732.0,648.0
0.103775,-25488.0,24660.0,900.0
0.1038,-25596.0,24516.0,1116.0
0.103825,-25704.0,24444.0,1332.0
0.10385,-25776.0,24336.0,1548.0
0.103875,-25884.0,24192.0,1800.0
0.1039,-25956.0,24084.0,2016.0
0.103925,-26028.0,23940.0,2196.0
0.10395,-26172.0,23796.0,2448.0
0.103975,-26244.0,23652.0,2664.0
0.104,-26280.0,23508.0,2880.0
0.104025,-26352.0,23364.0,3096.0
0.10405,-26388.0,23220.0,3312.0
0.104075,-26496.0,23076.0,3492.0
0.1041,-26532.0,22896.0,3744.0
0.104125,-26604.0,22716.0,3924.0
0.10415,-26676.0,22572.0,4104.0
0.104175,-26712.0,22428.0,4356.0
0.1042,-26820.0,22284.0,4608.0
0.104225,-26856.0,22140.0,4824.0
0.10425,-27000.0,21960.0,5040.0
0.104275,-27072.0,21816.0,5256.0
0.1043,-27144.0,21636.0,5508.0
0.104325,-27216.0,21492.0,5724.0
0.10435,-27288.0,21348.0,5940.0
0.104375,-27360.0,21204.0,6156.0
0.1044,-27432.0,21024.0,6408.0
0.104425,-27504.0,20880.0,6660.0
0.10445,-27576.0,20736.0,6840.0
0.104475,-27684.0,20556.0,7128.0
0.1045,-27756.0,20376.0,7344.0
0.104525,-27864.0,20232.0,7560.0
0.10455,-27936.0,20052.0,7776.0
0.104575,-28008.0,19908.0,8064.0
0.1046,-28080.0,19764.0,8280.0
0.104625,-28152.0,19620.0,8532.0
0.10465,-28224.0,19476.0,8748.0
0.104675,-28260.0,19260.0,9000.0
0.1047,-28332.0,19116.0,9216.0
0.104725,-28404.0,18972.0,9432.0
0.10475,-28440.0,18828.0,9648.0
0.104775,-28476.0,18684.0,9864.0
0.1048,-28512.0,18504.0,10044.0
0.104825,-28512.0,18324.0,10260.0
0.10485,-28548.0,18180.0,10440.0
0.104875,-28548.0,17964.0,10656.0
0.1049,-28512.0,17820.0,10836.0
0.104925,-28548.0,17640.0,10980.0
0.10495,-28512.0,17460.0,11124.0
0.104975,-28512.0,17280.0,11304.0
0.105,-28512.0,17100.0,11484.0
0.105025,-28512.0,16920.0,11664.0
0.10505,-28512.0,16776.0,11844.0
0.105075,-28548.0,16560.0,12060.0
0.1051,-28548.0,16380.0,12240.0
0.105125,-28584.0,16200.0,12492.0
0.10515,-28620.0,15984.0,12708.0
0.105175,-28656.0,15804.0,12924.0
0.1052,-28728.0,15588.0,13140.0
0.105225,-28764.0,15372.0,13356.0
0.10525,-28800.0,15192.0,13572.0
0.105275,-28800.0,15012.0,13824.0
0.1053,-28836.0,14760.0,14004.0
0.105325,-28872.0,14580.0,14220.0
0.10535,-28872.0,14400.0,14400.0
0.105375,-28872.0,14184.0,14580.0
0.1054,-28908.0,13932.0,14760.0
0.105425,-28836.0,13824.0,14940.0
0.10545,-28872.0,13608.0,15156.0
0.105475,-28836.0,13428.0,15336.0
0.1055,-28836.0,13248.0,15480.0
0.105525,-28800.0,12996.0,15660.0
0.10555,-28800.0,12816.0,15840.0
0.105575,-28800.0,12636.0,16020.0
0.1056,-28764.0,12456.0,16200.0
0.105625,-28728.0,12204.0,16380.0
0.10565,-28620.0,12024.0,16524.0
0.105675,-28656.0,11808.0,16704.0
0.1057,-28584.0,11664.0,16884.0
0.105725,-28584.0,11448.0,17100.0
0.10575,-28512.0,11232.0,17244.0
0.105775,-28512.0,11016.0,17424.0
0.1058,-28440.0,10800.0,17604.0
0.105825,-28404.0,10584.0,17820.0
0.10585,-28368.0,10296.0,17964.0
0.105875,-28296.0,10116.0,18108.0
0.1059,-28260.0,9864.0,18324.0
0.105925,-28188.0,9612.0,18504.0
0.10595,-28152.0,9360.0,18720.0
0.105975,-28080.0,9144.0,18936.0
0.106,-28044.0,8892.0,19080.0
0.106025,-27972.0,8640.0,19260.0
0.10605,-27936.0,8424.0,19476.0
0.106075,-27900.0,8208.0,19656.0
0.1061,-27864.0,7992.0,19836.0
0.106125,-27792.0,7740.0,20016.0
0.10615,-27756.0,7524.0,20160.0
0.106175,-27720.0,7344.0,20304.0
0.1062,-27720.0,7128.0,20520.0
0.106225,-27684.0,6948.0,20664.0
0.10625,-27648.0,6732.0,20808.0
0.106275,-27612.0,6552.0,20952.0
0.1063,-27540.0,6372.0,21096.0
0.106325,-27504.0,6084.0,21240.0
0.10635,-27504.0,5904.0,21420.0
0.106375,-27396.0,5688.0,21600.0
0.1064,-27360.0,5472.0,21744.0
0.106425,-27288.0,5220.0,21852.0
0.10645,-27216.0,4968.0,22032.0
0.106475,-27144.0,4752.0,22212.0
0.1065,-27036.0,4536.0,22320.0
0.106525,-26964.0,4284.0,22500.0
0.10655,-26856.0,4032.0,22644.0
0.106575,-26748.0,3852.0,22752.0
0.1066,-26676.0,3600.0,22860.0
0.106625,-26568.0,3348.0,23004.0
0.10665,-26460.0,3132.0,23148.0
0.106675,-26388.0,2916.0,23292.0
0.1067,-26280.0,2700.0,23400.0
0.106725,-26172.0,2484.0,23472.0
0.10675,-26028.0,2268.0,23580.0
0.106775,-25920.0,2088.0,23724.0
0.1068,-25848.0,1872.0,23832.0
0.106825,-25740.0,1620.0,23940.0
0.10685,-25668.0,1440.0,24084.0
0.106875,-25560.0,1224.0,24228.0
0.1069,-25488.0,1044.0,24336.0
0.106925,-25380.0,828.0,24480.0
0.10695,-25308.0,612.0,24624.0
0.106975,-25236.0,396.0,24732.0
0.107,-25092.0,180.0,24912.0
0.107025,-24984.0,-72.0,25020.0
0.10705,-24876.0,-288.0,25164.0
0.107075,-24804.0,-504.0,25272.0
0.1071,-24696.0,-756.0,25380.0
0.107125,-24588.0,-972.0,25488.0
0.10715,-24480.0,-1224.0,25596.0
0.107175,-24300.0,-1440.0,25704.0
0.1072,-24192.0,-1656.0,25812.0
0.107225,-24048.0,-1908.0,25884.0
0.10725,-23904.0,-2160.0,25956.0
0.107275,-23796.0,-2376.0,26064.0
0.1073,-23616.0,-2592.0,26136.0
0.107325,-23436.0,-2844.0,26172.0
0.10735,-23328.0,-3024.0,26244.0
0.107375,-23184.0,-3240.0,26316.0
0.1074,-23040.0,-3456.0,26352.0
0.107425,-22896.0,-3744.0,26424.0
0.10745,-22752.0,-3924.0,26496.0
0.107475,-22572.0,-4140.0,26568.0
0.1075,-22428.0,-4356.0,26712.0
0.107525,-22320.0,-4608.0,26784.0
0.10755,-22176.0,-4824.0,26856.0
0.107575,-22068.0,-5040.0,26964.0
0.1076,-21924.0,-5256.0,27036.0
0.107625,-21780.0,-5508.0,27144.0
0.10765,-21600.0,-5724.0,27216.0
0.107675,-21456.0,-5940.0,27288.0
0.1077,-21312.0,-6120.0,27360.0
0.107725,-21168.0,-6408.0,27396.0
0.10775,-21024.0,-6588.0,27468.0
0.107775,-20808.0,-6804.0,27576.0
0.1078,-20628.0,-7020.0,27648.0
0.107825,-20448.0,-7272.0,27684.0
0.10785,-20304.0,-7524.0,27756.0
0.107875,-20124.0,-7740.0,27828.0
0.1079,-19944.0,-7992.0,27900.0
0.107925,-19764.0,-8208.0,27972.0
0.10795,-19584.0,-8424.0,28080.0
0.107975,-19476.0,-8676.0,28116.0
0.108,-19296.0,-8928.0,28188.0
0.108025,-19116.0,-9144.0,28260.0
0.10805,-18972.0,-9360.0,28332.0
0.108075,-18828.0,-9576.0,28476.0
0.1081,-18684.0,-9828.0,28512.0
0.108125,-18540.0,-10008.0,28584.0
0.10815,-18396.0,-10224.0,28620.0
0.108175,-18180.0,-10404.0,28656.0
0.1082,-18036.0,-10620.0,28656.0
0.108225,-17856.0,-10800.0,28656.0
0.10825,-17676.0,-10980.0,28656.0
0.108275,-17496.0,-11160.0,28656.0
0.1083,-17316.0,-11304.0,28620.0
0.108325,-17136.0,-11484.0,28620.0
0.10835,-16956.0,-11664.0,28584.0
0.108375,-16776.0,-11844.0,28584.0
0.1084,-16632.0,-11988.0,28584.0
0.108425,-16416.0,-12168.0,28584.0
0.10845,-16236.0,-12384.0,28584.0
0.108475,-16056.0,-12564.0,28584.0
0.1085,-15876.0,-12780.0,28620.0
0.108525,-15624.0,-12996.0,28656.0
0.10855,-15480.0,-13248.0,28692.0
0.108575,-15264.0,-13464.0,28728.0
0.1086,-15084.0,-13644.0,28728.0
0.108625,-14868.0,-13860.0,28728.0
0.10865,-14724.0,-14148.0,28764.0
0.108675,-14472.0,-14292.0,28764.0
0.1087,-14292.0,-14508.0,28800.0
0.108725,-14112.0,-14688.0,28800.0
0.10875,-13860.0,-14868.0,28800.0
0.108775,-13680.0,-15084.0,28764.0
0.1088,-13500.0,-15264.0,28764.0
0.108825,-13284.0,-15408.0,28728.0
0.10885,-13104.0,-15552.0,28692.0
0.108875,-12888.0,-15732.0,28692.0
0.1089,-12672.0,-15948.0,28656.0
0.108925,-12492.0,-16128.0,28656.0
0.10895,-12276.0,-16308.0,28656.0
0.108975,-12060.0,-16452.0,28620.0
0.109,-11844.0,-16668.0,28620.0
0.109025,-11664.0,-16848.0,28620.0
0.10905,-11484.0,-17028.0,28620.0
0.109075,-11232.0,-17208.0,28620.0
0.1091,-11052.0,-17388.0,28584.0
0.109125,-10836.0,-17568.0,28584.0
0.10915,-10620.0,-17820.0,28548.0
0.109175,-10368.0,-17964.0,28548.0
0.1092,-10152.0,-18180.0,28512.0
0.109225,-9972.0,-18360.0,28476.0
0.10925,-9720.0,-18576.0,28440.0
0.109275,-9504.0,-18756.0,28368.0
0.1093,-9288.0,-18936.0,28332.0
0.109325,-9036.0,-19116.0,28296.0
0.10935,-8820.0,-19296.0,28224.0
0.109375,-8532.0,-19548.0,28188.0
0.1094,-8316.0,-19728.0,28116.0
0.109425,-8100.0,-19908.0,28044.0
0.10945,-7884.0,-20088.0,28008.0
0.109475,-7596.0,-20268.0,27936.0
0.1095,-7416.0,-20412.0,27864.0
0.109525,-7200.0,-20556.0,27828.0
0.10955,-6948.0,-20700.0,27792.0
0.109575,-6732.0,-20880.0,27720.0
0.1096,-6552.0,-21024.0,27648.0
0.109625,-6336.0,-21168.0,27576.0
0.10965,-6156.0,-21348.0,27540.0
0.109675,-5940.0,-21492.0,27432.0
0.1097,-5724.0,-21636.0,27396.0
0.109725,-5472.0,-21780.0,27360.0
0.10975,-5292.0,-21924.0,27288.0
0.109775,-5040.0,-22140.0,27216.0
0.1098,-4824.0,-22284.0,27144.0
0.109825,-4572.0,-22428.0,27072.0
0.10985,-4320.0,-22572.0,27000.0
0.109875,-4104.0,-22752.0,26928.0
0.1099,-3852.0,-22896.0,26856.0
0.109925,-3636.0,-23040.0,26748.0
0.10995,-3348.0,-23184.0,26604.0
0.109975,-3096.0,-23256.0,26460.0
0.11,-2844.0,-23364.0,26352.0
