time,odd,even,agg
0.0,0.10537184396304089,0.08056122445324475,0.10537184396304089
0.0001,0.10563028205178286,0.06759275976520496,0.10563028205178286
0.0002,0.10597638615715055,0.04916494294199282,0.10597638615715055
0.0003,0.10640026571960502,0.025291023672063546,0.10640026571960502
0.0004,0.10687378158357892,0.010074108885260079,0.10687378158357892
0.0005,0.1073876659957758,0.04257903589265749,0.1073876659957758
0.0006,0.10792284591718082,0.08225676498599832,0.10792284591718082
0.0007,0.10846640090760032,0.12628321034735254,0.10846640090760032
0.0008,0.10900185281111595,0.17336525451592116,0.10900185281111595
0.0009,0.10951902765179417,0.22352338315858908,0.10951902765179417
0.001,0.11001414445986898,0.2750991272842836,0.11001414445986898
0.0011,0.11048602581752391,0.32758440259613114,0.11048602581752391
0.0012,0.11093060574977302,0.3800721218410836,0.11093060574977302
0.0013,0.1113494311889284,0.43113177645477213,0.1113494311889284
0.0014,0.11174120680003577,0.4801259916446079,0.11174120680003577
0.0015,0.11210964151615123,0.5260235837578642,0.11210964151615123
0.0016,0.11244977799436338,0.5680820737396112,0.11244977799436338
0.0017,0.11276544764819091,0.6055398692012226,0.11276544764819091
0.0018,0.11305851927207884,0.6376813748877755,0.11305851927207884
0.0019,0.11333181130319032,0.6640246389769862,0.11333181130319032
0.002,0.11358715250475061,0.6840581499616462,0.11358715250475061
0.0021,0.11382003238347273,0.6975202227196831,0.11382003238347273
0.0022,0.11402930036299286,0.7042411103226139,0.11402930036299286
0.0023,0.11421597926416266,0.7041011584477963,0.11421597926416266
0.0024,0.11438048252969901,0.6971612604119821,0.11438048252969901
0.0025,0.11452522143008231,0.6836603425954441,0.11452522143008231
0.0026,0.11465252326297334,0.6641438511286573,0.11465252326297334
0.0027,0.11475899922563962,0.6393362401183879,0.11475899922563962
0.0028,0.11484499809099807,0.6103998678795441,0.11484499809099807
0.0029,0.11491152854762035,0.5783088410923612,0.11491152854762035
0.003,0.1149540325329891,0.5447576076636989,0.1149540325329891
0.0031,0.11497031035777223,0.5114802134822735,0.11497031035777223
0.0032,0.1149622781777742,0.48082366044311625,0.1149622781777742
0.0033,0.11493040474115922,0.45544811488769693,0.11493040474115922
0.0034,0.11487457883100138,0.4383166760704061,0.11487457883100138
0.0035,0.11480026505271937,0.4322639224357596,0.11480026505271937
0.0036,0.11470730433343766,0.43920177709419495,0.11470730433343766
0.0037,0.11459204322860009,0.459188443949541,0.11459204322860009
0.0038,0.1144534382645509,0.49059080955233536,0.1144534382645509
0.0039,0.11429114233673576,0.5308872431450423,0.11429114233673576
0.004,0.11410542769678733,0.5772748351695907,0.11410542769678733
0.0041,0.11389911007998174,0.6268176869460257,0.11389911007998174
0.0042,0.113655974091763,0.6771560001605569,0.113655974091763
0.0043,0.11338467168353251,0.725967996880078,0.11338467168353251
0.0044,0.11308191758536937,0.7720877210254007,0.11308191758536937
0.0045,0.11275438924115158,0.8138089048156374,0.11275438924115158
0.0046,0.11240357832795875,0.8502980463711477,0.11240357832795875
0.0047,0.11202396060105459,0.880462590353084,0.11202396060105459
0.0048,0.1116105623119844,0.9037287787604373,0.1116105623119844
0.0049,0.11117389709482564,0.9196370131579557,0.11117389709482564
0.005,0.11071419341294497,0.9279337214035814,0.11071419341294497
0.0051,0.11023139043805652,0.9285065298211558,0.11023139043805652
0.0052,0.10972537501581951,0.921367454282875,0.10972537501581951
0.0053,0.10919670253119992,0.9068691772959687,0.10919670253119992
0.0054,0.1086491966302359,0.8855093078945236,0.1086491966302359
0.0055,0.10809238306099925,0.8578369897891357,0.10809238306099925
0.0056,0.10754262627801948,0.8247015145784937,0.10754262627801948
0.0057,0.1068446152072712,0.7867939868170631,0.1068446152072712
0.0058,0.10610022092684937,0.7454495939246113,0.10610022092684937
0.0059,0.10515335830315795,0.70184218263739,0.10515335830315795
0.006,0.10390025485249907,0.6570767254937221,0.10390025485249907
0.0061,0.10261313837293946,0.613126462803641,0.10261313837293946
0.0062,0.101278448272327,0.5713350628728808,0.101278448272327
0.0063,0.09989474632835679,0.5333403462836416,0.09989474632835679
0.0064,0.0984865532449539,0.5009255405084456,0.0984865532449539
0.0065,0.0970578802062665,0.4753394754315594,0.0970578802062665
0.0066,0.09561260661266073,0.45742117931570453,0.09561260661266073
0.0067,0.09414695543711873,0.44731246216737675,0.09414695543711873
0.0068,0.09266505860198242,0.4443395888003274,0.09266505860198242
0.0069,0.09116575194162065,0.4472919276340938,0.09116575194162065
0.007,0.08964921502291959,0.4543539958294841,0.08964921502291959
0.0071,0.08812442180843452,0.4639044029002467,0.08812442180843452
0.0072,0.08658981851925582,0.4743674825210783,0.08658981851925582
0.0073,0.08505204673385679,0.4841215753209639,0.08505204673385679
0.0074,0.08348123381179237,0.49230440197600245,0.08348123381179237
0.0075,0.0818890785221552,0.4979379770058573,0.0818890785221552
0.0076,0.08028246037432767,0.5003769488774561,0.08028246037432767
0.0077,0.07865830083068026,0.49913145791766134,0.07865830083068026
0.0078,0.07701853648901262,0.4940229700095737,0.07701853648901262
0.0079,0.07536784929473929,0.4850711602925721,0.07536784929473929
0.008,0.07370104191788568,0.47236813999366034,0.07370104191788568
0.0081,0.07201695484894338,0.45609046747555876,0.07201695484894338
0.0082,0.07031406901094496,0.43645103011758474,0.07031406901094496
0.0083,0.06860228978161219,0.4141286726134142,0.06860228978161219
0.0084,0.06688107064028323,0.38911767687267873,0.06688107064028323
0.0085,0.06514163982123965,0.362327916704735,0.06514163982123965
0.0086,0.06338893396372512,0.33431045699672257,0.06338893396372512
0.0087,0.06161952204308354,0.30515054622863347,0.06161952204308354
0.0088,0.059836940451168705,0.2749508068571056,0.059836940451168705
0.0089,0.05803786338732828,0.24584377459591392,0.05803786338732828
0.009,0.056216837972943454,0.21645114768578644,0.056216837972943454
0.0091,0.054373411297838806,0.186650266887414,0.054373411297838806
0.0092,0.05249756025707418,0.15627249529841883,0.05249756025707418
0.0093,0.05060456030691684,0.1258850609141738,0.05060456030691684
0.0094,0.048697536346081406,0.09675971571493973,0.048697536346081406
0.0095,0.04677864424829889,0.06874770075411783,0.04677864424829889
0.0096,0.044852030681150984,0.04353997484090488,0.044852030681150984
0.0097,0.04292669432754587,0.021222632009891693,0.04292669432754587
0.0098,0.04102826389523304,0.015162527847015692,0.04102826389523304
0.0099,0.0391997395614311,0.02999595224103972,0.0391997395614311
0.01,0.03751161448247758,0.04633566036670691,0.03751161448247758
0.0101,0.03609630678695313,0.06013185252754354,0.06013185252754354
0.0102,0.035107412116205036,0.07200005594557361,0.07200005594557361
0.0103,0.034703307638323695,0.08135428667839752,0.08135428667839752
0.0104,0.035025949864161576,0.08714585869598482,0.08714585869598482
0.0105,0.036173458595740234,0.0919326662410855,0.0919326662410855
0.0106,0.0381923727105672,0.09406481262881788,0.09406481262881788
0.0107,0.041085137651602356,0.09513112750322007,0.09513112750322007
0.0108,0.044837568582439126,0.09436017478051818,0.09436017478051818
0.0109,0.049422260570180614,0.0922855879210324,0.0922855879210324
0.011,0.054819712532126814,0.08952934126556181,0.08952934126556181
0.0111,0.06100338823826844,0.08654593476333251,0.08654593476333251
0.0112,0.06793964225894973,0.08350537283611628,0.08350537283611628
0.0113,0.07558110008784721,0.08053211664696126,0.08053211664696126
0.0114,0.08385923968864667,0.07756167654610159,0.07756167654610159
0.0115,0.09268257841889412,0.0748295621973687,0.0748295621973687
0.0116,0.1019343283221166,0.0718446475689654,0.0718446475689654
0.0117,0.11147351598408194,0.06929603527808799,0.06929603527808799
0.0118,0.12113712813546687,0.06709209568257252,0.06709209568257252
0.0119,0.13074605673924322,0.06555154542696989,0.06555154542696989
0.012,0.1401057257461848,0.06321920322454512,0.06321920322454512
0.0121,0.14901148090151672,0.06122057793753405,0.06122057793753405
0.0122,0.15725572241071034,0.05959353855468291,0.05959353855468291
0.0123,0.1646339216902621,0.0580859887496647,0.0580859887496647
0.0124,0.1709638324710327,0.05640860087751245,0.05640860087751245
0.0125,0.17605934254285222,0.055891397336335524,0.055891397336335524
0.0126,0.17973915231172938,0.054843814079656696,0.054843814079656696
0.0127,0.18185358401956392,0.05451289159443262,0.05451289159443262
0.0128,0.182276484653121,0.05435777314382934,0.05435777314382934
0.0129,0.18092586737691235,0.05470697154279069,0.05470697154279069
0.013,0.17774888552233908,0.055306269743459424,0.055306269743459424
0.0131,0.17274699215854278,0.056177224466315796,0.056177224466315796
0.0132,0.1659725090335084,0.05745222444398076,0.05745222444398076
0.0133,0.1575440836226468,0.05881036306731953,0.05881036306731953
0.0134,0.14766998853056781,0.0608825568945502,0.0608825568945502
0.0135,0.13668566850287026,0.0630394425019624,0.0630394425019624
0.0136,0.12512386003876227,0.0656965207848435,0.0656965207848435
0.0137,0.11380921867170053,0.06800158013849285,0.06800158013849285
0.0138,0.10396784385974218,0.070678616302458,0.070678616302458
0.0139,0.0972668087671398,0.0735043968779229,0.0735043968779229
0.014,0.09552730544157607,0.07625588016236619,0.07625588016236619
0.0141,0.09996176855205095,0.07960133722667166,0.07960133722667166
0.0142,0.11048148647924852,0.08273658242527522,0.08273658242527522
0.0143,0.12592414330899646,0.08658206507579762,0.08658206507579762
0.0144,0.14480011139438295,0.08988703714027628,0.08988703714027628
0.0145,0.16581039316756802,0.0931410581573092,0.0931410581573092
0.0146,0.18792005910813148,0.09650424165409419,0.09650424165409419
0.0147,0.21032968148197725,0.10008899043556842,0.10008899043556842
0.0148,0.23239919835421285,0.10350858822165658,0.10350858822165658
0.0149,0.253600736725322,0.10693335633613094,0.10693335633613094
0.015,0.27348726634170434,0.11038617940059267,0.11038617940059267
0.0151,0.29167768083284273,0.11386577112658915,0.11386577112658915
0.0152,0.3078488804702168,0.11726079855723567,0.11726079855723567
0.0153,0.3217212525386759,0.12050895942278685,0.12050895942278685
0.0154,0.33306852196656433,0.12784722688501943,0.12784722688501943
0.0155,0.3417297021997996,0.11942256227569721,0.11942256227569721
0.0156,0.3476012577951474,0.12339230929905244,0.12339230929905244
0.0157,0.35064416109093216,0.145573453478373,0.145573453478373
0.0158,0.35087681209953875,0.1488587848081863,0.1488587848081863
0.0159,0.3483876920304695,0.1986553565091195,0.1986553565091195
0.016,0.3433486592238498,0.20110866847579192,0.20110866847579192
0.0161,0.33600014495053016,0.20747684198983643,0.20747684198983643
0.0162,0.32667281637269774,0.21308213551670477,0.21308213551670477
0.0163,0.3157786212971359,0.21749141125875368,0.21749141125875368
0.0164,0.3038251236890675,0.22120416890325736,0.22120416890325736
0.0165,0.29141310459387854,0.22522523134667138,0.22522523134667138
0.0166,0.2792293780473056,0.22881553878864636,0.22881553878864636
0.0167,0.26802799314371023,0.2316132137571775,0.2316132137571775
0.0168,0.25858732082233715,0.23433038590958488,0.23433038590958488
0.0169,0.25164868134989193,0.23728921112097506,0.23728921112097506
0.017,0.2478047956903271,0.23907374631113817,0.23907374631113817
0.0171,0.24741404352697258,0.24169446155144184,0.24169446155144184
0.0172,0.250547261648221,0.2430001745237337,0.2430001745237337
0.0173,0.25693794840011447,0.24734712514900706,0.24734712514900706
0.0174,0.2660836781233443,0.2511926489275858,0.2511926489275858
0.0175,0.2773256648351102,0.2541578681104471,0.2541578681104471
0.0176,0.28995352893123616,0.25730287103545574,0.25730287103545574
0.0177,0.30328623772350216,0.260394093354673,0.260394093354673
0.0178,0.3167223627766474,0.26354608122761436,0.26354608122761436
0.0179,0.3297589357253756,0.26648453418388857,0.26648453418388857
0.018,0.341996780421386,0.26916571140526846,0.26916571140526846
0.0181,0.353139862142802,0.2722421142342971,0.2722421142342971
0.0182,0.36298702123442694,0.27652145260462435,0.27652145260462435
0.0183,0.3714159573639558,0.2756760866359401,0.2756760866359401
0.0184,0.37838764922659524,0.2804580861095731,0.2804580861095731
0.0185,0.38392442249251446,0.2829400759330079,0.2829400759330079
0.0186,0.38810946497609733,0.2861835317588978,0.2861835317588978
0.0187,0.3910686829198279,0.2889538999941537,0.2889538999941537
0.0188,0.39295822093953586,0.2916819460295313,0.2916819460295313
0.0189,0.3939506044302151,0.29486406902861806,0.29486406902861806
0.019,0.3942468159750331,0.29815053929022955,0.29815053929022955
0.0191,0.39401918404340913,0.30167829350975617,0.30167829350975617
0.0192,0.39343711459620273,0.3045104545014773,0.3045104545014773
0.0193,0.3926730508281421,0.3069527517712973,0.3069527517712973
0.0194,0.3918963452023657,0.3090476014747677,0.3090476014747677
0.0195,0.3912631129935561,0.310596733727493,0.310596733727493
0.0196,0.39089863403402075,0.3111622588275874,0.3111622588275874
0.0197,0.3909045812868315,0.3090482356754371,0.3090482356754371
0.0198,0.39134967362148565,0.30178091279797875,0.30178091279797875
0.0199,0.39226194225770195,0.2871601987117989,0.2871601987117989
0.02,0.39362870495331237,0.26000633338998697,0.39362870495331237
0.0201,0.3954139369150082,0.2189372032045215,0.3954139369150082
0.0202,0.39754680377809043,0.1641427580560881,0.39754680377809043
0.0203,0.3999510615430777,0.10384864841376852,0.3999510615430777
0.0204,0.40253500733519504,0.08613415178019944,0.40253500733519504
0.0205,0.40521731245757475,0.15993928628731752,0.40521731245757475
0.0206,0.4079230700835653,0.27139077845531895,0.4079230700835653
0.0207,0.4105912921759113,0.39952910179746454,0.4105912921759113
0.0208,0.4131746254879196,0.5378776126149521,0.4131746254879196
0.0209,0.4156456472431974,0.6837790464048653,0.4156456472431974
0.021,0.41799331591437217,0.8338064225581,0.41799331591437217
0.0211,0.42021878003808083,0.9848355957218161,0.42021878003808083
0.0212,0.4223233261019993,1.1344698069734545,0.4223233261019993
0.0213,0.42431789536106534,1.2789799707569194,0.42431789536106534
0.0214,0.4262017254517044,1.4163102979338584,0.4262017254517044
0.0215,0.427981706612885,1.5433817940815788,0.427981706612885
0.0216,0.42965248342749107,1.6581679883007676,0.42965248342749107
0.0217,0.43121785995888257,1.758445362565907,0.43121785995888257
0.0218,0.43268119907506686,1.842287803492793,0.43268119907506686
0.0219,0.4340457021104483,1.9083695020897453,0.4340457021104483
0.022,0.43531540172814975,1.9553082973611686,0.43531540172814975
0.0221,0.4364814731287611,1.9823946265971069,0.4364814731287611
0.0222,0.43754536518661197,1.989144398008303,0.43754536518661197
0.0223,0.438508379201059,1.975568855815267,0.438508379201059
0.0224,0.43937148275273064,1.9420439445825939,0.43937148275273064
0.0225,0.4401349609775143,1.8894214781750411,0.4401349609775143
0.0226,0.44080031996538743,1.8191224671838702,0.44080031996538743
0.0227,0.44136763044772626,1.7332948939811328,0.44136763044772626
0.0228,0.4418371794369008,1.634970968560356,0.4418371794369008
0.0229,0.44220785237806803,1.5275506480428076,0.44220785237806803
0.023,0.44247547635135287,1.4159582780826026,0.44247547635135287
0.0231,0.44263430587705044,1.3065891130752243,0.44263430587705044
0.0232,0.44268661897818634,1.2068798782555175,0.44268661897818634
0.0233,0.44263390059935576,1.1264119653533597,0.44263390059935576
0.0234,0.4424760597280077,1.0760026088941317,0.4424760597280077
0.0235,0.44221720599194025,1.0656271654677631,0.44221720599194025
0.0236,0.44185448873925925,1.1001795333682047,0.44185448873925925
0.0237,0.4413851147067446,1.1770628423999572,0.4413851147067446
0.0238,0.44080707509302064,1.2877450200694656,0.44080707509302064
0.0239,0.4401183268777881,1.4221654491636082,0.4401183268777881
0.024,0.439319979906295,1.5705537173271176,0.439319979906295
0.0241,0.4384147281367075,1.7244851105160044,0.4384147281367075
0.0242,0.43738990708025266,1.8770715710743597,0.43738990708025266
0.0243,0.43624737863852897,2.0227563448800314,0.43624737863852897
0.0244,0.43498077825770287,2.157569699477245,0.43498077825770287
0.0245,0.4336000435259294,2.277811545970659,0.4336000435259294
0.0246,0.4321094384191276,2.3807375379677946,0.4321094384191276
0.0247,0.43050259989566575,2.4640225048916737,0.43050259989566575
0.0248,0.4287764829523837,2.52623720170089,0.4287764829523837
0.0249,0.42693893128973204,2.5663068385239516,0.42693893128973204
0.025,0.4249914053680775,2.5837271138033326,0.4249914053680775
0.0251,0.4229361322825005,2.5784248976453052,0.4229361322825005
0.0252,0.42077390115999036,2.5508291283910665,0.42077390115999036
0.0253,0.4185063030827831,2.5018602038752835,0.4185063030827831
0.0254,0.4161408022865378,2.433079361125701,0.4161408022865378
0.0255,0.41371772130375384,2.346159163247211,0.41371772130375384
0.0256,0.4112868949463129,2.2435634850458213,0.4112868949463129
0.0257,0.4083986201246137,2.127782796248753,0.4083986201246137
0.0258,0.4053461170698513,2.001764190948978,0.4053461170698513
0.0259,0.4017139888286799,1.8698450757260456,0.4017139888286799
0.026,0.3972297738738226,1.7355053451835272,0.3972297738738226
0.0261,0.3926177055633173,1.6036902115424818,0.3926177055633173
0.0262,0.38784117640414395,1.4792862953987795,0.38784117640414395
0.0263,0.38289990545830643,1.3676290726067373,0.38289990545830643
0.0264,0.3778552291182575,1.2744072197524032,0.3778552291182575
0.0265,0.37271699457832963,1.203982833921638,0.37271699457832963
0.0266,0.3674872671968779,1.1590419802153995,0.3674872671968779
0.0267,0.3621660325313462,1.1396723788222345,0.3621660325313462
0.0268,0.3567643304781599,1.143002114336406,0.3567643304781599
0.0269,0.35128702115911953,1.1641014649287658,0.35128702115911953
0.027,0.34573920466822733,1.1968178980774575,0.34573920466822733
0.0271,0.34013572185380336,1.2356183344774536,0.34013572185380336
0.0272,0.33447778890116536,1.2755973331954191,0.33447778890116536
0.0273,0.3287760212238383,1.3125467507257897,0.3287760212238383
0.0274,0.32295712461995035,1.3435388203060918,0.32295712461995035
0.0275,0.31706088265143495,1.366088104060761,0.31706088265143495
0.0276,0.3111036889643883,1.3785786168906669,0.3111036889643883
0.0277,0.3050789206182384,1.3800236220051472,0.3050789206182384
0.0278,0.2989936373594366,1.3701169572739949,0.2989936373594366
0.0279,0.2928672967229207,1.3488513014897658,0.2928672967229207
0.028,0.2866932878000685,1.3166407049691753,0.2866932878000685
0.0281,0.2804689748542159,1.2741960266713668,0.2804689748542159
0.0282,0.27419717973650853,1.2222979750125194,0.27419717973650853
0.0283,0.2679027501898053,1.1623760536129908,0.2679027501898053
0.0284,0.26159158235585295,1.0954509484301498,0.26159158235585295
0.0285,0.2552471973548391,1.0232223811675603,0.2552471973548391
0.0286,0.24888579192095858,0.947263512749628,0.24888579192095858
0.0287,0.24251564052006247,0.8687451243625784,0.24251564052006247
0.0288,0.23615510185382466,0.788331422497494,0.23615510185382466
0.0289,0.22980537265647985,0.7094801594979067,0.22980537265647985
0.029,0.22347116165625247,0.6300490348995652,0.22347116165625247
0.0291,0.21716120258987864,0.5498548131623695,0.21716120258987864
0.0292,0.21087681243940448,0.46840948887291883,0.21087681243940448
0.0293,0.20465150218373995,0.38755698113542203,0.20465150218373995
0.0294,0.1985089933334581,0.3097736293635253,0.1985089933334581
0.0295,0.19247026027040215,0.23621433410753662,0.19247026027040215
0.0296,0.18656300289396227,0.170935313962603,0.18656300289396227
0.0297,0.18081759775713843,0.11831191364372665,0.18081759775713843
0.0298,0.1752815475587024,0.09121904082537459,0.1752815475587024
0.0299,0.17003977316512606,0.10076149965435278,0.17003977316512606
0.03,0.165238971560676,0.1315920725514444,0.165238971560676
0.0301,0.1611165926598285,0.16592350790682633,0.16592350790682633
0.0302,0.15799050799204276,0.19841034411589795,0.19841034411589795
0.0303,0.15623476610354115,0.22610966493082207,0.22610966493082207
0.0304,0.15626563151549594,0.24723273962353565,0.24723273962353565
0.0305,0.15848987572085632,0.2638607362721721,0.2638607362721721
0.0306,0.16326729309477186,0.27492329431376106,0.27492329431376106
0.0307,0.17087306719490436,0.2818785303112959,0.2818785303112959
0.0308,0.18148872706176855,0.2847957125831038,0.2847957125831038
0.0309,0.1951646035219341,0.2841531401977601,0.2841531401977601
0.031,0.21185896346411864,0.2812975892998447,0.2812975892998447
0.0311,0.23142296685570032,0.27761805353242996,0.27761805353242996
0.0312,0.2536255138868685,0.27364582969694323,0.27364582969694323
0.0313,0.27817300124204464,0.26991790251229203,0.26991790251229203
0.0314,0.30470814712423117,0.26672974986160586,0.26672974986160586
0.0315,0.3328234052031386,0.26425248938227824,0.26425248938227824
0.0316,0.3620643895198312,0.2622590586897849,0.2622590586897849
0.0317,0.39193621600869594,0.26115735555213737,0.26115735555213737
0.0318,0.42190768306818066,0.26109896635792157,0.26109896635792157
0.0319,0.45142582043049195,0.2624938124219333,0.2624938124219333
0.032,0.4799172549382503,0.2634446698617181,0.2634446698617181
0.0321,0.5068017118534256,0.2651642093345415,0.2651642093345415
0.0322,0.5315107636336422,0.268126942917607,0.268126942917607
0.0323,0.5534960528267394,0.27147194074946457,0.27147194074946457
0.0324,0.5722636160695461,0.2754715111187549,0.2754715111187549
0.0325,0.5873677811258858,0.28124383186251883,0.28124383186251883
0.0326,0.5984216919510953,0.28675045590386883,0.28675045590386883
0.0327,0.6051234494190741,0.2932679638573332,0.2932679638573332
0.0328,0.6072760560055782,0.30033543362913934,0.30033543362913934
0.0329,0.6048143882863642,0.3084466571113033,0.3084466571113033
0.033,0.5978104160367838,0.3170087500361996,0.3170087500361996
0.0331,0.586531426236943,0.3263013231796383,0.3263013231796383
0.0332,0.5714557433707289,0.33603378183591104,0.33603378183591104
0.0333,0.5533089822502656,0.3462116580079733,0.3462116580079733
0.0334,0.5331288371744741,0.3571951594116965,0.3571951594116965
0.0335,0.5123343926429746,0.3684532536301735,0.3684532536301735
0.0336,0.49278639270168456,0.3804905928472857,0.3804905928472857
0.0337,0.4767764478298592,0.3922626459173204,0.3922626459173204
0.0338,0.46687511928390396,0.4047869770060123,0.4047869770060123
0.0339,0.4656012179852796,0.4175558820923482,0.4175558820923482
0.034,0.47489264435892564,0.43010126044290414,0.43010126044290414
0.0341,0.49562481052065793,0.4430947801311262,0.4430947801311262
0.0342,0.5274217023808797,0.45638610421218845,0.45638610421218845
0.0343,0.5688686115553802,0.4705719841535057,0.4705719841535057
0.0344,0.6179505727116571,0.4841844399542601,0.4841844399542601
0.0345,0.6724772888118346,0.4976451243830519,0.4976451243830519
0.0346,0.7303066503602059,0.51130042262661,0.51130042262661
0.0347,0.7894856541011045,0.5250870981135147,0.5250870981135147
0.0348,0.8482770603181093,0.538789998847527,0.538789998847527
0.0349,0.9051581367035805,0.5524116687112569,0.5524116687112569
0.035,0.9588059753225638,0.566162632150332,0.566162632150332
0.0351,1.0080884325991455,0.5799967237880936,0.5799967237880936
0.0352,1.0520477992727246,0.5936332006069162,0.5936332006069162
0.0353,1.0898993236727583,0.6072129535100987,0.6072129535100987
0.0354,1.121035947960302,0.6287714814119654,0.6287714814119654
0.0355,1.1450515975094564,0.6181053974310415,0.6181053974310415
0.0356,1.1617340953578215,0.6322277069119194,0.6322277069119194
0.0357,1.171080427463758,0.6837117068065633,0.6837117068065633
0.0358,1.1732920738361106,0.6968712240884488,0.6968712240884488
0.0359,1.1687706362888852,0.7936589234789238,0.7936589234789238
0.036,1.1581794074115606,0.8060550629445111,0.8060550629445111
0.0361,1.1423951876566807,0.8247224711870206,0.8247224711870206
0.0362,1.122526608111841,0.8417877428469835,0.8417877428469835
0.0363,1.099899799718333,0.857088803317985,0.857088803317985
0.0364,1.0760414836842964,0.8718953261753288,0.8718953261753288
0.0365,1.0526308991013191,0.8873537353202691,0.8873537353202691
0.0366,1.031423749120913,0.9020523202300569,0.9020523202300569
0.0367,1.0141459668939856,0.9149002827116943,0.9149002827116943
0.0368,1.002349573338516,0.9272083984212856,0.9272083984212856
0.0369,0.9972777809980048,0.9394092435789693,0.9394092435789693
0.037,0.9997007609337809,0.9505031551685675,0.9505031551685675
0.0371,1.0098636136499166,0.9623574615379852,0.9623574615379852
0.0372,1.027477119016692,0.9726549161666855,0.9726549161666855
0.0373,1.0517393026668194,0.988297348951475,0.988297348951475
0.0374,1.081481300484503,1.0031111543447337,1.0031111543447337
0.0375,1.115305337184986,1.0161214220080355,1.0161214220080355
0.0376,1.1517344013666175,1.0295062983648313,1.0295062983648313
0.0377,1.1893336563863122,1.042782589382919,1.042782589382919
0.0378,1.2267989187205504,1.05600764407014,1.05600764407014
0.0379,1.2630093462587144,1.0695510834979824,1.0695510834979824
0.038,1.2970558686122382,1.081457377059246,1.081457377059246
0.0381,1.328254368479619,1.0943627292423772,1.0943627292423772
0.0382,1.3561414863337315,1.1101880183853368,1.1101880183853368
0.0383,1.3804483642779106,1.1148654960199478,1.1148654960199478
0.0384,1.4011046894876056,1.1310505030849891,1.1310505030849891
0.0385,1.41820488566039,1.1434255768598336,1.1434255768598336
0.0386,1.4319864297904858,1.1563174066232238,1.1563174066232238
0.0387,1.4428043294694328,1.16828266288285,1.16828266288285
0.0388,1.4510810076409402,1.1800761840459466,1.1800761840459466
0.0389,1.457288204354663,1.1925518397497656,1.1925518397497656
0.039,1.4619212788655334,1.2047412368405703,1.2047412368405703
0.0391,1.4654283968086828,1.21685130154528,1.21685130154528
0.0392,1.4682438624530902,1.2280866171972027,1.2280866171972027
0.0393,1.4707926786392167,1.2385932717584562,1.2385932717584562
0.0394,1.4734747719156924,1.2480693846413853,1.2480693846413853
0.0395,1.4766431651787242,1.2563600950000262,1.2563600950000262
0.0396,1.480570270643371,1.262413835283986,1.262413835283986
0.0397,1.485453796686347,1.263113299707943,1.263113299707943
0.0398,1.4913981644948342,1.2529606318270845,1.2529606318270845
0.0399,1.498435957991584,1.2270517343239773,1.2270517343239773
0.04,1.506497469364222,1.1788846569570217,1.506497469364222
0.0401,1.5154554663226996,1.108582415730252,1.5154554663226996
0.0402,1.5251278003407867,1.0209381329815983,1.5251278003407867
0.0403,1.5353047236688577,0.9304369147832929,1.5353047236688577
0.0404,1.545768572454091,0.8631544674469375,1.545768572454091
0.0405,1.5563128545446254,0.8544160969706571,1.5563128545446254
0.0406,1.566756487560213,0.9317977626888111,1.566756487560213
0.0407,1.576957925186045,1.0972911737736917,1.576957925186045
0.0408,1.5868159111711242,1.3309936281089556,1.5868159111711242
0.0409,1.5962744033377188,1.6107326247461462,1.5962744033377188
0.041,1.6053132342061196,1.9183660884275555,1.6053132342061196
0.0411,1.6139411389594853,2.2391680426187275,1.6139411389594853
0.0412,1.6221722478359848,2.5632177954023567,1.6221722478359848
0.0413,1.6300348425310671,2.8795514959890243,1.6300348425310671
0.0414,1.637529343088866,3.181422591387437,1.637529343088866
0.0415,1.6446661282518342,3.460272172725631,1.6446661282518342
0.0416,1.6514395266359763,3.710757679505159,1.6514395266359763
0.0417,1.657848366619124,3.9269835942508204,1.657848366619124
0.0418,1.6638963674178604,4.103898883324897,1.6638963674178604
0.0419,1.6695858125603975,4.2378274373727844,1.6695858125603975
0.042,1.67491866946088,4.325011277773248,1.67491866946088
0.0421,1.6798827474724236,4.363130364091733,1.6798827474724236
0.0422,1.6844780670370838,4.350367438406667,1.6844780670370838
0.0423,1.688703980325164,4.28607422141523,1.688703980325164
0.0424,1.69256121567846,4.170339174667049,1.69256121567846
0.0425,1.6960441142667286,4.004289780240345,1.6960441142667286
0.0426,1.6991511508715302,3.7895445110374686,1.6991511508715302
0.0427,1.7018832136900237,3.5291309754382842,1.7018832136900237
0.0428,1.704237210216898,3.227505694190379,1.704237210216898
0.0429,1.7062071158764516,2.88951592199625,1.7062071158764516
0.043,1.7077869637939034,2.522539766457115,1.7077869637939034
0.0431,1.7089647192335875,2.138007095185949,1.7089647192335875
0.0432,1.7097405517325337,1.7503869497110336,1.7097405517325337
0.0433,1.7101123463143166,1.3885833495951196,1.7101123463143166
0.0434,1.7100760654546017,1.1122993545112039,1.7100760654546017
0.0435,1.7096301502945943,1.0258929451156857,1.7096301502945943
0.0436,1.708766421778212,1.1884877513057368,1.708766421778212
0.0437,1.7074786522822,1.5257572239251669,1.7074786522822
0.0438,1.7057601864607408,1.9439122004962872,1.7057601864607408
0.0439,1.703602645817876,2.392361957009081,1.703602645817876
0.044,1.701006628855826,2.844045218055375,1.701006628855826
0.0441,1.6979702956620806,3.2832667352708893,1.6979702956620806
0.0442,1.6944814860004813,3.6980283376892813,1.6944814860004813
0.0443,1.6905340892335028,4.080174026844727,1.6905340892335028
0.0444,1.6861152907201578,4.422954790262811,1.6861152907201578
0.0445,1.6812356456695432,4.720422719825292,1.6812356456695432
0.0446,1.6759011782468052,4.967657028585269,1.6759011782468052
0.0447,1.6701029230659596,5.160892300326695,1.6701029230659596
0.0448,1.6638385874557853,5.297815848997535,1.6638385874557853
0.0449,1.6571097033816242,5.376688748651921,1.6571097033816242
0.045,1.6499166318673146,5.396859035182949,1.6499166318673146
0.0451,1.6422620889793222,5.3585228927953015,1.6422620889793222
0.0452,1.634146653732472,5.262960605499689,1.634146653732472
0.0453,1.6255716004660772,5.112219934563661,1.6255716004660772
0.0454,1.616544964984887,4.909905855350943,1.616544964984887
0.0455,1.6071536425514896,4.659784254344541,1.6071536425514896
0.0456,1.5974936806180033,4.367330352368177,1.5974936806180033
0.0457,1.5867125305857297,4.038300710607061,1.5867125305857297
0.0458,1.5753545872733787,3.6787010741231043,1.5753545872733787
0.0459,1.5627161701800918,3.298549630641653,1.5627161701800918
0.046,1.5483288596159126,2.906140896800153,1.5483288596159126
0.0461,1.5334288909287326,2.514017338207849,1.5334288909287326
0.0462,1.517954772301112,2.137678710678218,1.517954772301112
0.0463,1.5019114123858879,1.7989322028912427,1.5019114123858879
0.0464,1.4853873457220301,1.530083152514376,1.4853873457220301
0.0465,1.468393689995077,1.3697721244006322,1.468393689995077
0.0466,1.4509271331221703,1.345894713366316,1.4509271331221703
0.0467,1.4329950619672644,1.448273457163936,1.4329950619672644
0.0468,1.4146183532130865,1.634000327444862,1.4146183532130865
0.0469,1.3958083768498621,1.8584512374413313,1.3958083768498621
0.047,1.3765751296049986,2.0910541347708875,1.3765751296049986
0.0471,1.3569376467558878,2.3137830105712576,1.3569376467558878
0.0472,1.336900099612046,2.5154274722686845,1.336900099612046
0.0473,1.316473783648661,2.688549760132331,1.316473783648661
0.0474,1.2955338148345064,2.828984844655668,1.2955338148345064
0.0475,1.2741506903882862,2.9339296522045966,1.2741506903882862
0.0476,1.2523539128756438,3.0021765652377312,1.2523539128756438
0.0477,1.2301359744855072,3.033843851077271,1.2301359744855072
0.0478,1.2075125377205234,3.0300522890837853,1.2075125377205234
0.0479,1.1845116060069065,2.992409153225411,1.1845116060069065
0.048,1.1611380017614739,2.9235250084285287,1.1611380017614739
0.0481,1.1374011445697896,2.826488844295951,1.1374011445697896
0.0482,1.1132967661444841,2.7044785637306634,1.1132967661444841
0.0483,1.0888823208331226,2.561637176783397,1.0888823208331226
0.0484,1.0641875091847015,2.402086131575883,1.0641875091847015
0.0485,1.0391774652561454,2.230144062698406,1.0391774652561454
0.0486,1.0138954628264032,2.0505456778031754,1.0138954628264032
0.0487,0.9883766614349725,1.8670852718843405,0.9883766614349725
0.0488,0.9626704962813852,1.683092921392419,0.9626704962813852
0.0489,0.9368005777458962,1.504995251810246,0.9368005777458962
0.049,0.9108039713893753,1.3303719634577695,0.9108039713893753
0.0491,0.8847260193670474,1.1604999000276828,0.8847260193670474
0.0492,0.8586171555032831,0.995441460950915,0.8586171555032831
0.0493,0.8325600774779645,0.8412994392414626,0.8325600774779645
0.0494,0.8066435672838355,0.7055963870467417,0.8066435672838355
0.0495,0.780960909999515,0.5957063699775935,0.780960909999515
0.0496,0.7556286320179053,0.5207368736551394,0.7556286320179053
0.0497,0.7307859973474068,0.48602011582444044,0.7307859973474068
0.0498,0.7066284810488188,0.4888677533770693,0.7066284810488188
0.0499,0.6834417798317535,0.518586251697232,0.6834417798317535
0.05,0.6616385735369037,0.5619392968042742,0.5619392968042742
0.0501,0.6417747745396833,0.6081854967283942,0.6081854967283942
0.0502,0.6245232702930167,0.6523992383347617,0.6523992383347617
0.0503,0.6106007096168771,0.6902019356565934,0.6902019356565934
0.0504,0.6007539562474112,0.7193124667317522,0.7193124667317522
0.0505,0.5956791612685386,0.7405541792833782,0.7405541792833782
0.0506,0.5959979020169225,0.7539571899450177,0.7539571899450177
0.0507,0.6022354314960235,0.7611027311462104,0.7611027311462104
0.0508,0.6148178673928392,0.7632552031969152,0.7632552031969152
0.0509,0.6340176405651824,0.7611608710488494,0.7611608710488494
0.051,0.6599811982971983,0.7570540356027061,0.7570540356027061
0.0511,0.6926924376459835,0.7531522371607379,0.7531522371607379
0.0512,0.7319722823137116,0.7507681594409058,0.7507681594409058
0.0513,0.7774910072211861,0.7509402671247529,0.7509402671247529
0.0514,0.8287563833104208,0.7546622766773219,0.7546622766773219
0.0515,0.8851297933330549,0.7618883707107166,0.7618883707107166
0.0516,0.9458351237772392,0.7726594018291628,0.7726594018291628
0.0517,1.0099770701023558,0.7871132925698523,0.7871132925698523
0.0518,1.076553686267441,0.8054988944400215,0.8054988944400215
0.0519,1.1444904710334558,0.8278672084434208,0.8278672084434208
0.052,1.2126516112741146,0.8524415272773318,0.8524415272773318
0.0521,1.2798755844974257,0.8799262212678266,0.8799262212678266
0.0522,1.3450149445695772,0.9110137486404125,0.9110137486404125
0.0523,1.4069609573961772,0.9441149330192572,0.9441149330192572
0.0524,1.4647111525451655,0.9802078406630838,0.9802078406630838
0.0525,1.5173926488584706,1.019616455310922,1.019616455310922
0.0526,1.5642929878301586,1.060427806586468,1.060427806586468
0.0527,1.6048871467306762,1.1035783335701599,1.1035783335701599
0.0528,1.638909424092335,1.148877234277269,1.148877234277269
0.0529,1.666393242712849,1.1963814582909253,1.1963814582909253
0.053,1.687691557872185,1.2456090784178384,1.2456090784178384
0.0531,1.703558430531341,1.2967538641550678,1.2967538641550678
0.0532,1.7151467653846344,1.3493806962328092,1.3493806962328092
0.0533,1.724014750495146,1.403548138104624,1.403548138104624
0.0534,1.7321397986779523,1.45936502131459,1.45936502131459
0.0535,1.7418912828155386,1.516531642904959,1.516531642904959
0.0536,1.7559479839629593,1.575448582955972,1.575448582955972
0.0537,1.7771381474143089,1.635003777124758,1.635003777124758
0.0538,1.8081966855215377,1.6963698000356326,1.6963698000356326
0.0539,1.8515244124111754,1.7586966509940745,1.7586966509940745
0.054,1.908894273150948,1.8212790026406473,1.8212790026406473
0.0541,1.9812547529160183,1.8850574177916224,1.8850574177916224
0.0542,2.0686329190086714,1.9501082405201864,1.9501082405201864
0.0543,2.1701439958506885,2.0167603784680135,2.0167603784680135
0.0544,2.284135338977788,2.083586968087189,2.083586968087189
0.0545,2.408391575959208,2.1506299606519295,2.1506299606519295
0.0546,2.5402966995803795,2.2185640046661135,2.2185640046661135
0.0547,2.6770578115118555,2.2871896184369547,2.2871896184369547
0.0548,2.8158476417146985,2.356352000029368,2.356352000029368
0.0549,2.953927538087821,2.4259276180191534,2.4259276180191534
0.055,3.088732597972561,2.4962327545847907,2.4962327545847907
0.0551,3.2179499809052587,2.567244497901779,2.567244497901779
0.0552,3.3395547002149706,2.638591567416717,2.638591567416717
0.0553,3.4518607044762994,2.7104750079144164,2.7104750079144164
0.0554,3.553561760997554,2.7938338084356693,2.7938338084356693
0.0555,3.643782563161152,2.83309325595388,2.83309325595388
0.0556,3.722092452786271,2.906923476811058,2.906923476811058
0.0557,3.7885238624461306,3.0350210052017808,3.0350210052017808
0.0558,3.8435788185353514,3.1088762384345894,3.1088762384345894
0.0559,3.8881934392028925,3.2995881978004995,3.2995881978004995
0.056,3.9238005537098064,3.373861089199506,3.373861089199506
0.0561,3.9522231938574173,3.4571389187693153,3.4571389187693153
0.0562,3.9756461073321514,3.5386751137977046,3.5386751137977046
0.0563,3.9965279981434603,3.6186159474406674,3.6186159474406674
0.0564,4.01749680303407,3.698824225710496,3.698824225710496
0.0565,4.041214595830158,3.780418077026207,3.780418077026207
0.0566,4.0702227654115655,3.8616929702047567,3.8616929702047567
0.0567,4.106786110039053,3.941235198272311,3.941235198272311
0.0568,4.152732307056974,4.020306887386682,4.020306887386682
0.0569,4.209357677767583,4.099397459564138,4.099397459564138
0.057,4.277321100835439,4.178302185058516,4.178302185058516
0.0571,4.3566868497585665,4.2581905777066416,4.2581905777066416
0.0572,4.4469379934191995,4.337258207368986,4.337258207368986
0.0573,4.547011252440056,4.423902584434582,4.423902584434582
0.0574,4.655412588007143,4.510181801732999,4.510181801732999
0.0575,4.770345248299155,4.594509045724177,4.594509045724177
0.0576,4.889851930873491,4.679846724766957,4.679846724766957
0.0577,5.0119417854599595,4.765599094797929,4.765599094797929
0.0578,5.134716333736604,4.851789039363228,4.851789039363228
0.0579,5.256463370704104,4.93931601864163,4.93931601864163
0.058,5.3757284876652776,5.024875042834625,5.024875042834625
0.0581,5.4913665379201975,5.112348544757065,5.112348544757065
0.0582,5.602561122699581,5.2047293428595305,5.2047293428595305
0.0583,5.708812284215654,5.28207330233157,5.28207330233157
0.0584,5.809947060303135,5.375754969151764,5.375754969151764
0.0585,5.906082551718148,5.465335721084545,5.465335721084545
0.0586,5.997582042687529,5.555610981942934,5.555610981942934
0.0587,6.085019225150518,5.645374514497242,5.645374514497242
0.0588,6.169083058219658,5.735454976951639,5.735454976951639
0.0589,6.250556125437704,5.826913756243957,5.826913756243957
0.059,6.330236005439309,5.918512863955034,5.918512863955034
0.0591,6.408859169477068,6.010330489917027,6.010330489917027
0.0592,6.487132513549915,6.101707960218186,6.101707960218186
0.0593,6.565731510915299,6.192729626851073,6.192729626851073
0.0594,6.645277122271447,6.282768956723151,6.282768956723151
0.0595,6.726301003717554,6.371786733136176,6.371786733136176
0.0596,6.809208329733064,6.458195860845396,6.458195860845396
0.0597,6.894273537644487,6.538203572712557,6.538203572712557
0.0598,6.981612563009553,6.603795445363818,6.603795445363818
0.0599,7.071255484771203,6.648592634523701,6.648592634523701
0.06,7.163070154607528,6.666074032085957,6.666074032085957
0.0601,7.2568393257094925,6.658457063728406,7.2568393257094925
0.0602,7.35227647432683,6.632309230484503,7.35227647432683
0.0603,7.449047198453651,6.60198888926219,7.449047198453651
0.0604,7.546815379165818,6.58661561840474,7.546815379165818
0.0605,7.64526147240819,6.607984860988728,7.64526147240819
0.0606,7.744106537141989,6.685767698778641,7.744106537141989
0.0607,7.84313771513944,6.83726301599214,7.84313771513944
0.0608,7.9422059788914945,7.073139403301086,7.9422059788914945
0.0609,8.041232529449154,7.396115656083866,8.041232529449154
0.061,8.140192349829423,7.800459136184532,8.140192349829423
0.0611,8.239105639222284,8.271984999546,8.239105639222284
0.0612,8.337999956980449,8.793778064812233,8.337999956980449
0.0613,8.436920061149223,9.342374911930124,8.436920061149223
0.0614,8.535868057083595,9.898269616197753,8.535868057083595
0.0615,8.634857913965337,10.437821865183064,8.634857913965337
0.0616,8.733884897926737,10.943742218462326,8.733884897926737
0.0617,8.832941133234131,11.398002077151554,8.832941133234131
0.0618,8.932032686338802,11.78474114274878,8.932032686338802
0.0619,9.031161128634105,12.091458224614701,9.031161128634105
0.062,9.13032426503082,12.30655404760278,9.13032426503082
0.0621,9.229509526648304,12.42180572267173,9.229509526648304
0.0622,9.328714412612827,12.431044157149804,9.328714412612827
0.0623,9.42793639981559,12.331669849008494,9.42793639981559
0.0624,9.527176384898912,12.123646309415431,9.527176384898912
0.0625,9.6264233736709,11.81127269701317,9.6264233736709
0.0626,9.725672395690594,11.400155311071886,9.725672395690594
0.0627,9.824922699496685,10.901512865308435,9.824922699496685
0.0628,9.924165963344144,10.33219580250721,9.924165963344144
0.0629,10.023390613226843,9.713221627465813,10.023390613226843
0.063,10.122588334527881,9.074243756222456,10.122588334527881
0.0631,10.221742648352478,8.456313592840534,10.221742648352478
0.0632,10.32085228265533,7.904750261065758,10.32085228265533
0.0633,10.419907567003856,7.476444765003799,10.419907567003856
0.0634,10.518899373460123,7.230483670200126,10.518899373460123
0.0635,10.617818280802187,7.217810275398794,10.617818280802187
0.0636,10.716650690139891,7.460828161028204,10.716650690139891
0.0637,10.81538520832811,7.944180432476162,10.81538520832811
0.0638,10.914009112512145,8.623671018892965,10.914009112512145
0.0639,11.012505917641715,9.444570579789204,11.012505917641715
0.064,11.110875892268211,10.350492330402792,11.110875892268211
0.0641,11.2091125559314,11.29349590081473,11.2091125559314
0.0642,11.307199626138567,12.230158953989957,11.307199626138567
0.0643,11.405124610203252,13.128282533129003,11.405124610203252
0.0644,11.502868195421307,13.959610323160824,11.502868195421307
0.0645,11.60043732480796,14.700438405614559,11.60043732480796
0.0646,11.697837898992747,15.33175706229115,11.697837898992747
0.0647,11.795057189879566,15.838689748028331,11.795057189879566
0.0648,11.892090901377532,16.21084958812203,11.892090901377532
0.0649,11.988933059920468,16.44043684144569,11.988933059920468
0.065,12.085580767737563,16.523293320761926,12.085580767737563
0.0651,12.182032296520779,16.458633350378804,12.182032296520779
0.0652,12.278284710374002,16.249330870760684,12.278284710374002
0.0653,12.37433554786087,15.901373206266326,12.37433554786087
0.0654,12.470188922204777,15.426862281953579,12.470188922204777
0.0655,12.56596217440087,14.840625685152848,12.56596217440087
0.0656,12.661776736051964,14.163890713896299,12.661776736051964
0.0657,12.756544831967513,13.42249931392284,12.756544831967513
0.0658,12.850937802404253,12.646823590982896,12.850937802404253
0.0659,12.9441702056937,11.87929756242462,12.9441702056937
0.066,13.035708466149018,11.163281375901871,13.035708466149018
0.0661,13.126946349818146,10.551582568288556,13.126946349818146
0.0662,13.217813651166608,10.096580461531321,13.217813651166608
0.0663,13.30831944207843,9.843494838196904,13.30831944207843
0.0664,13.398533138409109,9.820049301190933,13.398533138409109
0.0665,13.488449950158603,10.026195265515597,13.488449950158603
0.0666,13.57805608107148,10.43546671559323,13.57805608107148
0.0667,13.667361757488521,11.002981108034195,13.667361757488521
0.0668,13.756385852326519,11.677075957145657,13.756385852326519
0.0669,13.845137398090454,12.40620402170288,13.845137398090454
0.067,13.933618941713254,13.15058245679603,13.933618941713254
0.0671,14.021836614475177,13.876048932086718,14.021836614475177
0.0672,14.109783468300147,14.556487706133266,14.109783468300147
0.0673,14.197452951344495,15.168921424068799,14.197452951344495
0.0674,14.28468983505883,15.69806535005316,14.28468983505883
0.0675,14.371557944472546,16.133358188765243,14.371557944472546
0.0676,14.458076064601377,16.468199954043758,14.458076064601377
0.0677,14.544223957422984,16.701721987153483,14.544223957422984
0.0678,14.630001530447437,16.836523191049913,14.630001530447437
0.0679,14.715399615095748,16.87880295331123,14.715399615095748
0.068,14.800419970040833,16.838645038731386,14.800419970040833
0.0681,14.88507739061077,16.728480616279207,14.88507739061077
0.0682,14.969304761346415,16.56209078874818,14.969304761346415
0.0683,15.053158253121573,16.356075334028088,15.053158253121573
0.0684,15.136663471213991,16.12811334671212,15.136663471213991
0.0685,15.219714214884842,15.894903958948428,15.219714214884842
0.0686,15.30232923486808,15.673633976196761,15.30232923486808
0.0687,15.384510896324263,15.477342992057434,15.384510896324263
0.0688,15.466264889465947,15.31687211499418,15.466264889465947
0.0689,15.547572060648346,15.202252433640922,15.547572060648346
0.069,15.628421067322074,15.131487048197005,15.628421067322074
0.0691,15.70880324488215,15.106637550491714,15.70880324488215
0.0692,15.788716678400206,15.126381160859228,15.788716678400206
0.0693,15.868169311641644,15.19095913733878,15.868169311641644
0.0694,15.947171024052375,15.297000558173734,15.947171024052375
0.0695,16.025737809639253,15.437982129067226,16.025737809639253
0.0696,16.103891134316058,15.606357371552773,16.103891134316058
0.0697,16.181696442340883,15.790782085542073,16.181696442340883
0.0698,16.259312584026212,15.985086462525366,16.259312584026212
0.0699,16.337034622396438,16.180052377555814,16.337034622396438
0.07,16.415292859299807,16.36773811443097,16.36773811443097
0.0701,16.4945914975934,16.54184686631969,16.54184686631969
0.0702,16.575420144544676,16.69982501689538,16.69982501689538
0.0703,16.658093911973577,16.838235975498648,16.838235975498648
0.0704,16.74273285546583,16.95638672822588,16.95638672822588
0.0705,16.829163477750573,17.05610285123044,17.05610285123044
0.0706,16.916913903292194,17.139900381772264,17.139900381772264
0.0707,17.005231052940324,17.21150498877124,17.21150498877124
0.0708,17.093108897902187,17.274766763276475,17.274766763276475
0.0709,17.179335840685336,17.33352549653079,17.33352549653079
0.071,17.262557570820142,17.391281749582827,17.391281749582827
0.0711,17.34137058549091,17.449560289765472,17.449560289765472
0.0712,17.414416623505577,17.509368006523538,17.509368006523538
0.0713,17.480469957995574,17.57060014183153,17.57060014183153
0.0714,17.538555211145304,17.630755065288263,17.630755065288263
0.0715,17.588023689350262,17.691933309307753,17.691933309307753
0.0716,17.628611269057227,17.75207214477139,17.75207214477139
0.0717,17.66046954863794,17.811909378341785,17.811909378341785
0.0718,17.68417570199314,17.872436211572406,17.872436211572406
0.0719,17.700780916227817,17.932552407007986,17.932552407007986
0.072,17.711729185516187,17.991776505607874,17.991776505607874
0.0721,17.71883788249516,18.050424793866583,18.050424793866583
0.0722,17.724214680192055,18.108890305241633,18.108890305241633
0.0723,17.73015445855888,18.16727761771392,18.16727761771392
0.0724,17.73902315034882,18.225029141663057,18.225029141663057
0.0725,17.753111853828074,18.28197480080452,18.28197480080452
0.0726,17.774517469292956,18.339027433432,18.339027433432
0.0727,17.805045981533866,18.395434492148325,18.395434492148325
0.0728,17.846052934482433,18.450903232184835,18.450903232184835
0.0729,17.898367980826894,18.505630509799982,18.505630509799982
0.073,17.962259983420868,18.559814660582568,18.559814660582568
0.0731,18.03734140253461,18.613523172655217,18.613523172655217
0.0732,18.122644288145413,18.66633765722482,18.66633765722482
0.0733,18.21666926334775,18.718382329859338,18.718382329859338
0.0734,18.317437751271225,18.76990095840977,18.76990095840977
0.0735,18.42258865885516,18.820484203562277,18.820484203562277
0.0736,18.529446920219733,18.87019293936717,18.87019293936717
0.0737,18.63516577688521,18.918886309250638,18.918886309250638
0.0738,18.736868277882518,18.966354885562083,18.966354885562083
0.0739,18.831771826952355,19.013069435412675,19.013069435412675
0.074,18.91734389937903,19.059663662420938,19.059663662420938
0.0741,18.991421510849076,19.10533843541605,19.10533843541605
0.0742,19.052315491161526,19.149676357579793,19.149676357579793
0.0743,19.098907899825257,19.19282850883274,19.19282850883274
0.0744,19.13071207985164,19.23545258173628,19.23545258173628
0.0745,19.1478839734315,19.27851249016743,19.27851249016743
0.0746,19.151295911228292,19.320705919898863,19.320705919898863
0.0747,19.14243173505628,19.362463644582093,19.362463644582093
0.0748,19.123361308829185,19.40349081373856,19.40349081373856
0.0749,19.09662767239829,19.44368229623032,19.44368229623032
0.075,19.065154116994307,19.48397503938571,19.48397503938571
0.0751,19.032104011327387,19.52387662561327,19.52387662561327
0.0752,19.000719722239808,19.563344412515,19.563344412515
0.0753,18.974164047751714,19.60241046114114,19.60241046114114
0.0754,18.955350873869943,19.632835764584296,19.632835764584296
0.0755,18.946771788211706,19.6984657221772,19.6984657221772
0.0756,18.950356256011816,19.736360155869026,19.736360155869026
0.0757,18.967383001326695,19.720648493300754,19.720648493300754
0.0758,18.9983852624221,19.758615538104845,19.758615538104845
0.0759,19.043184578780966,19.653237628932445,19.653237628932445
0.076,19.100833333913666,19.69200077297342,19.69200077297342
0.0761,19.169771864484893,19.717395442182376,19.717395442182376
0.0762,19.247881796798165,19.743968565646846,19.743968565646846
0.0763,19.332641336718616,19.774497134367756,19.774497134367756
0.0764,19.421283829223846,19.80634491592632,19.80634491592632
0.0765,19.510951807487597,19.837279850149947,19.837279850149947
0.0766,19.59886091562548,19.86750580289078,19.86750580289078
0.0767,19.68244135027716,19.898013937758925,19.898013937758925
0.0768,19.759468769537204,19.928971808574065,19.928971808574065
0.0769,19.828143471561013,19.96030018647012,19.96030018647012
0.077,19.887174913614142,19.991427133129946,19.991427133129946
0.0771,19.935739376770737,20.022185750821734,20.022185750821734
0.0772,19.97351235900374,20.053415299543605,20.053415299543605
0.0773,20.000672482927737,20.076231215446,20.076231215446
0.0774,20.01787485243388,20.099200046666127,20.099200046666127
0.0775,20.026185398102076,20.12475328755505,20.12475328755505
0.0776,20.026990603958595,20.148975904982386,20.148975904982386
0.0777,20.02193647943815,20.172849579104433,20.172849579104433
0.0778,20.012793447622702,20.195723804547384,20.195723804547384
0.0779,20.001366569046,20.219161773337323,20.219161773337323
0.078,19.98938372531669,20.241743699053938,20.241743699053938
0.0781,19.978405158769075,20.26302637895361,20.26302637895361
0.0782,19.96975128259425,20.280644897964784,20.280644897964784
0.0783,19.96445885116852,20.309259149450405,20.309259149450405
0.0784,19.963239643692432,20.324769291578033,20.324769291578033
0.0785,19.966476699506117,20.343166876695026,20.343166876695026
0.0786,19.9742382963537,20.360845876946456,20.360845876946456
0.0787,19.986295383957888,20.37849489421718,20.37849489421718
0.0788,20.002220148499926,20.395570481866468,20.395570481866468
0.0789,20.02139213846089,20.411106116778473,20.411106116778473
0.079,20.043113806379242,20.425658752971895,20.425658752971895
0.0791,20.0666943595591,20.43964599612173,20.43964599612173
0.0792,20.09143074383936,20.453578506463366,20.453578506463366
0.0793,20.116630625295834,20.467697519484567,20.467697519484567
0.0794,20.1415925851522,20.48203026710872,20.48203026710872
0.0795,20.165672397774077,20.496945807009833,20.496945807009833
0.0796,20.1883144019964,20.513746076235357,20.513746076235357
0.0797,20.20908181626268,20.535113627690937,20.535113627690937
0.0798,20.227697594373133,20.569042628077348,20.569042628077348
0.0799,20.24395783399441,20.62291417160288,20.62291417160288
0.08,20.257839871103197,20.704515932895433,20.257839871103197
0.0801,20.26942263273071,20.81388021634141,20.26942263273071
0.0802,20.278878244220483,20.948343191631093,20.278878244220483
0.0803,20.286463434026476,21.099030388223913,20.286463434026476
0.0804,20.29246742613674,21.25336161339184,20.29246742613674
0.0805,20.297197752591252,21.395065575649074,20.297197752591252
0.0806,20.300955889598477,21.511462559130567,20.300955889598477
0.0807,20.303989549020287,21.58857958573669,20.303989549020287
0.0808,20.30648628975547,21.613396657925605,20.30648628975547
0.0809,20.308575494021813,21.575551850449553,20.308575494021813
0.081,20.310327165686232,21.467572571785144,20.310327165686232
0.0811,20.31175606676861,21.28583883266651,20.31175606676861
0.0812,20.312855045358408,21.029751891031033,20.312855045358408
0.0813,20.31359464644059,20.706426495268968,20.31359464644059
0.0814,20.313977509205266,20.323546728723144,20.313977509205266
0.0815,20.3139864343755,19.898520458289482,20.3139864343755
0.0816,20.313622905177375,19.447821161326278,20.313622905177375
0.0817,20.312899005794463,18.994287096064348,20.312899005794463
0.0818,20.311798109606716,18.565016589536175,20.311798109606716
0.0819,20.31031262140262,18.187001280318682,20.31031262140262
0.082,20.308445894481693,17.88886004103374,20.308445894481693
0.0821,20.30621317233098,17.696088055346912,20.30621317233098
0.0822,20.303610034294017,17.62821900164117,20.303610034294017
0.0823,20.300634600686063,17.69719422496224,20.300634600686063
0.0824,20.297285356725805,17.904073964718705,20.297285356725805
0.0825,20.293566006334107,18.238175219985113,20.293566006334107
0.0826,20.289477733201597,18.68354096384952,20.289477733201597
0.0827,20.28501792623085,19.21452939946047,20.28501792623085
0.0828,20.28019259921967,19.801434307733643,20.28019259921967
0.0829,20.275010950959675,20.414741836399358,20.275010950959675
0.083,20.269474335717312,21.024077272132256,20.269474335717312
0.0831,20.263592997998018,21.599796817928922,20.263592997998018
0.0832,20.25735668640994,22.120162345794782,20.25735668640994
0.0833,20.250777262931166,22.563567983232215,20.250777262931166
0.0834,20.243858551007172,22.914059625497732,20.243858551007172
0.0835,20.23660873055539,23.155750798581277,20.23660873055539
0.0836,20.22903329339944,23.277010024019503,20.22903329339944
0.0837,20.22114336495545,23.27032441757871,20.22114336495545
0.0838,20.212950850493367,23.13223529969044,20.212950850493367
0.0839,20.20446823918838,22.863344078803937,20.20446823918838
0.084,20.195695767753197,22.469432479476687,20.195695767753197
0.0841,20.186635118058515,21.960338411400944,20.186635118058515
0.0842,20.177301903526345,21.353325429671944,20.177301903526345
0.0843,20.167707339770747,20.667342261781688,20.167707339770747
0.0844,20.157868404435227,19.929256126590747,20.157868404435227
0.0845,20.14777981217728,19.172783539249533,20.14777981217728
0.0846,20.137429208675318,18.43458207003831,20.137429208675318
0.0847,20.126827533083127,17.756167254587428,20.126827533083127
0.0848,20.11597579987697,17.178774414415113,20.11597579987697
0.0849,20.104886280646554,16.742625743696834,20.104886280646554
0.085,20.093561264877362,16.481065735723693,20.093561264877362
0.0851,20.08199318218067,16.41496757419895,20.08199318218067
0.0852,20.070182993802028,16.548618565046386,20.070182993802028
0.0853,20.058131560347082,16.87040493306484,20.058131560347082
0.0854,20.04583383104883,17.352022336485,20.04583383104883
0.0855,20.03320270204377,17.955934466027042,20.03320270204377
0.0856,20.020155665885124,18.63994977257908,20.020155665885124
0.0857,20.007507134759834,19.361940432674228,20.007507134759834
0.0858,19.99473709112207,20.08336617922616,19.99473709112207
0.0859,19.9825698674235,20.767903671484014,19.9825698674235
0.086,19.971475471928105,21.3892661233035,19.971475471928105
0.0861,19.960215585022972,21.92337763963061,19.960215585022972
0.0862,19.948862258977645,22.35262383808034,19.948862258977645
0.0863,19.937415658877644,22.665258665203694,19.937415658877644
0.0864,19.925782438700498,22.853925865585833,19.925782438700498
0.0865,19.913953035462935,22.917156233876295,19.913953035462935
0.0866,19.901939962561634,22.85776861840003,19.901939962561634
0.0867,19.889747769179685,22.683291927570497,19.889747769179685
0.0868,19.877371808998976,22.404912999939416,19.877371808998976
0.0869,19.864800283041635,22.040105983934335,19.864800283041635
0.087,19.852025263541538,21.60383611884667,19.852025263541538
0.0871,19.839040995080975,21.117507719513146,19.839040995080975
0.0872,19.82584729827972,20.60022418828114,19.82584729827972
0.0873,19.81245123132309,20.078755287441105,19.81245123132309
0.0874,19.798990152285295,19.577111932219545,19.798990152285295
0.0875,19.785405650036772,19.118114035217378,19.785405650036772
0.0876,19.771673097546643,18.725786673040403,19.771673097546643
0.0877,19.757811938833566,18.415635181854597,19.757811938833566
0.0878,19.74381912701852,18.199076334783438,19.74381912701852
0.0879,19.72968619278854,18.080641916844584,19.72968619278854
0.088,19.715422024830936,18.05664657976525,19.715422024830936
0.0881,19.701030940003736,18.11717406351128,19.701030940003736
0.0882,19.68654284497007,18.24841659328894,19.68654284497007
0.0883,19.671922719274193,18.432932109859124,19.671922719274193
0.0884,19.65715893064632,18.651550548984154,19.65715893064632
0.0885,19.642315152925974,18.886339426285563,19.642315152925974
0.0886,19.62738327461395,19.11996354967618,19.62738327461395
0.0887,19.61235870569135,19.340165660205077,19.61235870569135
0.0888,19.597249774647075,19.536571389979706,19.597249774647075
0.0889,19.582063104897486,19.699802628755304,19.582063104897486
0.089,19.56680570106509,19.83264900346099,19.56680570106509
0.0891,19.5514955505457,19.930731370862226,19.5514955505457
0.0892,19.53613479491934,19.996599868278537,19.53613479491934
0.0893,19.520720334662045,20.02802272306041,19.520720334662045
0.0894,19.505244905403583,20.025617873076442,19.505244905403583
0.0895,19.489702545530868,19.99226793793093,19.489702545530868
0.0896,19.474078425389187,19.931809512514423,19.474078425389187
0.0897,19.458333915218194,19.85184497100619,19.458333915218194
0.0898,19.4423695926112,19.75650442551185,19.4423695926112
0.0899,19.425969900426477,19.652436581752813,19.425969900426477
0.09,19.408793887525327,19.546342756855193,19.408793887525327
0.0901,19.390430013325016,19.444431801951538,19.444431801951538
0.0902,19.37042909226082,19.35019275638189,19.35019275638189
0.0903,19.348454710523455,19.26795758181023,19.26795758181023
0.0904,19.324260046404156,19.20056304929733,19.20056304929733
0.0905,19.297796284507427,19.147952443636324,19.147952443636324
0.0906,19.269228955493006,19.109544782920896,19.109544782920896
0.0907,19.238936655118348,19.082568940907837,19.082568940907837
0.0908,19.207506026083774,19.064247441088803,19.064247441088803
0.0909,19.175722472666635,19.051631281897002,19.051631281897002
0.091,19.144526445463143,19.041420582336325,19.041420582336325
0.0911,19.114965584730726,19.031682185112942,19.031682185112942
0.0912,19.088134152514282,19.021287714833853,19.021287714833853
0.0913,19.065101182819856,19.01006791574198,19.01006791574198
0.0914,19.04680685894047,18.999392655933526,18.999392655933526
0.0915,19.034008424436923,18.987179919371197,18.987179919371197
0.0916,19.027216995858655,18.97571726461276,18.97571726461276
0.0917,19.02665232975244,18.964175989887035,18.964175989887035
0.0918,19.03223669304326,18.950913528485646,18.950913528485646
0.0919,19.043518849872978,18.93833001264249,18.93833001264249
0.092,19.05974534962196,18.9258043674559,18.9258043674559
0.0921,19.079857489842976,18.913652833069506,18.913652833069506
0.0922,19.10253601813817,18.90091470834186,18.90091470834186
0.0923,19.1262785887747,18.8880592546282,18.8880592546282
0.0924,19.14945935501483,18.87507872435188,18.87507872435188
0.0925,19.170440219312,18.86222632343761,18.86222632343761
0.0926,19.18764120776092,18.848840663692187,18.848840663692187
0.0927,19.199595961561467,18.835671924717026,18.835671924717026
0.0928,19.205083777821446,18.822879675494114,18.822879675494114
0.0929,19.203166520254054,18.81035389082617,18.81035389082617
0.093,19.19322356562013,18.797407783040363,18.797407783040363
0.0931,19.17505459172418,18.78370176076537,18.78370176076537
0.0932,19.14880730622274,18.770836781975866,18.770836781975866
0.0933,19.115008855859614,18.757975110713847,18.757975110713847
0.0934,19.07455798255402,18.74532301179082,18.74532301179082
0.0935,19.028676215079305,18.732708926306945,18.732708926306945
0.0936,18.978916705866432,18.720164282997295,18.720164282997295
0.0937,18.927074196999435,18.708347338956685,18.708347338956685
0.0938,18.87511661291194,18.69704258958725,18.69704258958725
0.0939,18.82509151190002,18.686081934246655,18.686081934246655
0.094,18.779019738661866,18.674840614577683,18.674840614577683
0.0941,18.738784866311665,18.663814426958076,18.663814426958076
0.0942,18.706033955508232,18.653924655549694,18.653924655549694
0.0943,18.68208396313562,18.644058114561005,18.644058114561005
0.0944,18.66783219341888,18.634961140453377,18.634961140453377
0.0945,18.663715354445653,18.624806334356695,18.624806334356695
0.0946,18.669605687029847,18.614832835823925,18.614832835823925
0.0947,18.684906877664442,18.604453779422393,18.604453779422393
0.0948,18.708533328938355,18.595047598366136,18.595047598366136
0.0949,18.738997674367447,18.58630309652206,18.58630309652206
0.095,18.774473482094226,18.57652140489534,18.57652140489534
0.0951,18.812887556024627,18.566575102690216,18.566575102690216
0.0952,18.852049346785673,18.55659347287814,18.55659347287814
0.0953,18.889755741333357,18.546563136793868,18.546563136793868
0.0954,18.92389960896042,18.54050403413346,18.54050403413346
0.0955,18.952587051067248,18.515313230671648,18.515313230671648
0.0956,18.97423089541269,18.504595785566725,18.504595785566725
0.0957,18.987589352622177,18.528175947919223,18.528175947919223
0.0958,18.991877256226324,18.517096754870753,18.517096754870753
0.0959,18.986736128526278,18.610947384885883,18.610947384885883
0.096,18.972296201463394,18.598373898465148,18.598373898465148
0.0961,18.94907460747549,18.59637133343819,18.59637133343819
0.0962,18.918030583747765,18.593528153912946,18.593528153912946
0.0963,18.88047913968577,18.586386006197973,18.586386006197973
0.0964,18.837993671156795,18.577361331827063,18.577361331827063
0.0965,18.79234295550227,18.568198294893673,18.568198294893673
0.0966,18.745382833671922,18.55990916026916,18.55990916026916
0.0967,18.698961530185997,18.551715360607997,18.551715360607997
0.0968,18.65481742199892,18.542977766967294,18.542977766967294
0.0969,18.614488036286037,18.533307996441607,18.533307996441607
0.097,18.579224846657123,18.523756275808758,18.523756275808758
0.0971,18.549998731876986,18.513602189634398,18.513602189634398
0.0972,18.527438951704212,18.503078959792372,18.503078959792372
0.0973,18.511821617698683,18.49869906488829,18.49869906488829
0.0974,18.503053813105048,18.493668914148618,18.493668914148618
0.0975,18.500698927072268,18.486262332583518,18.486262332583518
0.0976,18.504057859936804,18.479500440982978,18.479500440982978
0.0977,18.512162908760352,18.472503600633885,18.472503600633885
0.0978,18.52390221559841,18.4664211477241,18.4664211477241
0.0979,18.538075260944144,18.45856215931768,18.45856215931768
0.098,18.553484957694387,18.452184173733706,18.452184173733706
0.0981,18.569002310071426,18.44602011595608,18.44602011595608
0.0982,18.583626050449293,18.44123074170146,18.44123074170146
0.0983,18.59652149129483,18.430879446079693,18.430879446079693
0.0984,18.607049817685056,18.426947119423343,18.426947119423343
0.0985,18.614778460159133,18.421462218531538,18.421462218531538
0.0986,18.61949018282271,18.41619632028505,18.41619632028505
0.0987,18.621177665941346,18.41103229054783,18.41103229054783
0.0988,18.619980691654504,18.406195148370085,18.406195148370085
0.0989,18.616196424500476,18.40119692981811,18.40119692981811
0.099,18.610192076744063,18.397841596763236,18.397841596763236
0.0991,18.602356313083323,18.39420930713347,18.39420930713347
0.0992,18.593122919064584,18.39069295678631,18.39069295678631
0.0993,18.58291120302319,18.38685955013533,18.38685955013533
0.0994,18.572193634085142,18.382902398416864,18.382902398416864
0.0995,18.56142496245384,18.37840085508206,18.37840085508206
0.0996,18.551025175461174,18.372747748492543,18.372747748492543
0.0997,18.54135050515696,18.364769280959813,18.364769280959813
0.0998,18.532652448861466,18.349082269630777,18.349082269630777
0.0999,18.525150907351218,18.3202550652901,18.3202550652901
0.1,18.51893299917971,18.27236232999329,18.51893299917971
0.1001,18.514022207971802,18.20494112486859,18.514022207971802
0.1002,18.510365074234354,18.118593640400288,18.510365074234354
0.1003,18.507841418334635,18.017245605408732,18.507841418334635
0.1004,18.50629331303523,17.907588999032278,18.50629331303523
0.1005,18.50553003968123,17.801692173568142,18.50553003968123
0.1006,18.50534540389911,17.707183338916277,18.50534540389911
0.1007,18.505559346249086,17.634659942512243,18.505559346249086
0.1008,18.50603749061744,17.594889242292663,18.50603749061744
0.1009,18.506671227797337,17.596069218989797,18.506671227797337
0.101,18.507396216443407,17.644490613066985,18.507396216443407
0.1011,18.508187669471152,17.743331711962306,18.508187669471152
0.1012,18.509041818248722,17.893050304338868,18.509041818248722
0.1013,18.509969906695684,18.087104008966065,18.509969906695684
0.1014,18.510962111326915,18.319576000576248,18.510962111326915
0.1015,18.5120389989123,18.577251149137616,18.5120389989123
0.1016,18.513201819272016,18.84897631753758,18.513201819272016
0.1017,18.514436556141764,19.12235920611805,18.514436556141764
0.1018,18.51576584606642,19.382165753917544,18.51576584606642
0.1019,18.5172005888623,19.614953140277763,18.5172005888623
0.102,18.518728427825767,19.809614311658684,18.518728427825767
0.1021,18.520342209951963,19.954221708311223,18.520342209951963
0.1022,18.522049821721197,20.041566932307287,18.522049821721197
0.1023,18.52385370467369,20.064093356856823,18.52385370467369
0.1024,18.52575640365482,20.018906943360477,18.52575640365482
0.1025,18.52775917487695,19.906184884204453,18.52775917487695
0.1026,18.529862539683446,19.726381321919057,18.529862539683446
0.1027,18.532071578593037,19.48603463198771,18.532071578593037
0.1028,18.53438265177703,19.193874707319974,18.53438265177703
0.1029,18.536787613405924,18.8603800438061,18.536787613405924
0.103,18.53929290451154,18.500641055493382,18.53929290451154
0.1031,18.541896590395577,18.131405373753694,18.541896590395577
0.1032,18.544619978895884,17.768065256801172,18.544619978895884
0.1033,18.54744907226804,17.431552163158194,18.54744907226804
0.1034,18.550386244332667,17.138077373236683,18.550386244332667
0.1035,18.55342273387365,16.908526880656314,18.55342273387365
0.1036,18.55656425007727,16.758809914619764,18.55656425007727
0.1037,18.559804930759892,16.701252200162017,18.559804930759892
0.1038,18.56313652319918,16.742291475268406,18.56313652319918
0.1039,18.566551878890543,16.88239804162925,18.566551878890543
0.104,18.57005115781502,17.114809550371053,18.57005115781502
0.1041,18.573641160902845,17.427006479442163,18.573641160902845
0.1042,18.5773086927048,17.800391133101932,18.5773086927048
0.1043,18.581045193530876,18.217064499674823,18.581045193530876
0.1044,18.584840740137793,18.654973928756785,18.584840740137793
0.1045,18.58869934128016,19.089795171353927,18.58869934128016
0.1046,18.5926372706575,19.502496493504097,18.5926372706575
0.1047,18.596650943292055,19.87406946190386,18.596650943292055
0.1048,18.600743803483866,20.189282446540876,18.600743803483866
0.1049,18.604899208638454,20.435643459521472,18.604899208638454
0.105,18.60911622755421,20.603583571746018,18.60911622755421
0.1051,18.613407310046203,20.686338432663675,18.613407310046203
0.1052,18.617774857344557,20.68172102552891,18.617774857344557
0.1053,18.62222009458566,20.58987949784768,18.62222009458566
0.1054,18.6267490077941,20.415187385721595,18.6267490077941
0.1055,18.63141050973033,20.16547782197846,18.63141050973033
0.1056,18.636245016755794,19.850949552677566,18.636245016755794
0.1057,18.64082936233146,19.48520287653667,18.64082936233146
0.1058,18.64543743198249,19.085939448891985,18.64543743198249
0.1059,18.649653844663934,18.672185149441262,18.649653844663934
0.106,18.6532114947575,18.261606031874784,18.6532114947575
0.1061,18.656814392099484,17.87551380938148,18.656814392099484
0.1062,18.660420496634,17.53542533113172,18.660420496634
0.1063,18.66403238766666,17.25831925411525,18.66403238766666
0.1064,18.667711533401548,17.059447705598682,18.667711533401548
0.1065,18.671469226508428,16.947138068671457,18.671469226508428
0.1066,18.675298562262558,16.924876702868236,18.675298562262558
0.1067,18.679193505625726,16.989662723234744,18.679193505625726
0.1068,18.68315474055442,17.133254053053648,18.68315474055442
0.1069,18.68719189873156,17.339021627530116,18.68719189873156
0.107,18.69131634356683,17.594790049525905,18.69131634356683
0.1071,18.6955312907636,17.880197792016805,18.6955312907636
0.1072,18.699840860895605,18.1835538562337,18.699840860895605
0.1073,18.704236182834762,18.48434402885135,18.704236182834762
0.1074,18.70863609705133,18.76915880885946,18.70863609705133
0.1075,18.713077824201687,19.027064385462094,18.713077824201687
0.1076,18.717582452327253,19.24494375826404,18.717582452327253
0.1077,18.72213899665789,19.418062793898482,18.72213899665789
0.1078,18.726749802799322,19.54221540316311,18.726749802799322
0.1079,18.73142057067662,19.61598525238951,18.73142057067662
0.108,18.73614648892784,19.641445349337797,18.73614648892784
0.1081,18.740925656644553,19.62315017921073,18.740925656644553
0.1082,18.745747548876075,19.56652944357523,18.745747548876075
0.1083,18.75063104936618,19.478526206146174,18.75063104936618
0.1084,18.755584490325827,19.367382297313757,18.755584490325827
0.1085,18.760584634550018,19.24229961057582,18.760584634550018
0.1086,18.765625951201134,19.111895479772294,18.765625951201134
0.1087,18.77072216854828,18.98307776847023,18.77072216854828
0.1088,18.775844858687922,18.862629039289857,18.775844858687922
0.1089,18.78101023381662,18.75805068366788,18.78101023381662
0.109,18.786223730617177,18.666580567803276,18.786223730617177
0.1091,18.7914637058629,18.595532411848612,18.7914637058629
0.1092,18.796732149094353,18.542045518856707,18.796732149094353
0.1093,18.802028729272084,18.50897707496231,18.802028729272084
0.1094,18.807357442587897,18.49646611424885,18.807357442587897
0.1095,18.81272310947545,18.503764788362222,18.81272310947545
0.1096,18.818133953000018,18.528714925384538,18.818133953000018
0.1097,18.8236078442469,18.56667879145523,18.8236078442469
0.1098,18.82918839536289,18.614921653350237,18.82918839536289
0.1099,18.834992484452982,18.669724009807528,18.834992484452982
0.11,18.841209041353356,18.727099176335344,18.841209041353356
0.1101,18.848045682802876,18.783083700054657,18.783083700054657
0.1102,18.855735291211076,18.83545862051413,18.83545862051413
0.1103,18.86443377429212,18.88198091902015,18.88198091902015
0.1104,18.87427564710809,18.919987613176378,18.919987613176378
0.1105,18.885298888855026,18.949747665697334,18.949747665697334
0.1106,18.897434644293938,18.970780275680834,18.970780275680834
0.1107,18.910509618317967,18.985068082369278,18.985068082369278
0.1108,18.924251586529234,18.993900230925856,18.993900230925856
0.1109,18.938295305996306,18.999235218122536,18.999235218122536
0.111,18.9522073976869,19.00299505569498,19.00299505569498
0.1111,18.96550361148748,19.006397567497178,19.006397567497178
0.1112,18.977668745918457,19.00990125109966,19.00990125109966
0.1113,18.98819496924064,19.013551025843213,19.013551025843213
0.1114,18.996647399186998,19.016678835913517,19.016678835913517
0.1115,19.00265945150259,19.021605041653306,19.021605041653306
0.1116,19.005971492553467,19.02556746474561,19.02556746474561
0.1117,19.006453772998736,19.02953919346832,19.02953919346832
0.1118,19.00409313395769,19.03529906904605,19.03529906904605
0.1119,18.999058948445814,19.039445748355693,19.039445748355693
0.112,18.99165168401144,19.044318418509196,19.044318418509196
0.1121,18.98230060704418,19.048675792460877,19.048675792460877
0.1122,18.971572637616838,19.05351096512009,19.05351096512009
0.1123,18.960122557159984,19.05837465878065,19.05837465878065
0.1124,18.948683116937122,19.063403236883275,19.063403236883275
0.1125,18.93800161349066,19.06815765390684,19.06815765390684
0.1126,18.928818633039846,19.073576306615184,19.073576306615184
0.1127,18.9218524807294,19.07847755568515,19.07847755568515
0.1128,18.91769353986884,19.083335604119927,19.083335604119927
0.1129,18.916816152918745,19.087448704534722,19.087448704534722
0.113,18.91955374234266,19.09269519990934,19.09269519990934
0.1131,18.926020275720095,19.0989541467643,19.0989541467643
0.1132,18.936209325848356,19.10424789693163,19.10424789693163
0.1133,18.94991866745764,19.10986599445068,19.10986599445068
0.1134,18.966757670089763,19.114909894986166,19.114909894986166
0.1135,18.986196137671843,19.120315065142908,19.120315065142908
0.1136,19.0075381470241,19.125780744086335,19.125780744086335
0.1137,19.029989112308748,19.13072266622624,19.13072266622624
0.1138,19.052676364229548,19.135307003258493,19.135307003258493
0.1139,19.074695726235642,19.139548720922814,19.139548720922814
0.114,19.09515649765778,19.144275555998874,19.144275555998874
0.1141,19.113235436012758,19.14913972580499,19.14913972580499
0.1142,19.128203234094762,19.152582702215454,19.152582702215454
0.1143,19.139468924620818,19.156654842289104,19.156654842289104
0.1144,19.146604085627036,19.15967317206271,19.15967317206271
0.1145,19.149365837185393,19.16366763672765,19.16366763672765
0.1146,19.147779278750413,19.16784822713426,19.16784822713426
0.1147,19.142041042666218,19.17291317587919,19.17291317587919
0.1148,19.13256071715657,19.17636147871859,19.17636147871859
0.1149,19.119925765280534,19.17941074299692,19.17941074299692
0.115,19.104881839342784,19.183626588876535,19.183626588876535
0.1151,19.088303126113576,19.187858615238778,19.187858615238778
0.1152,19.07113509871329,19.192213367063967,19.192213367063967
0.1153,19.05434907724399,19.196602318520505,19.196602318520505
0.1154,19.038899815913798,19.199402081827795,19.199402081827795
0.1155,19.025662647303136,19.211181711409537,19.211181711409537
0.1156,19.01538997581155,19.2164655885192,19.2164655885192
0.1157,19.008711760154714,19.204618535998925,19.204618535998925
0.1158,19.00602457662681,19.209517385587716,19.209517385587716
0.1159,19.00752410797139,19.16305934099361,19.16305934099361
0.116,19.01318661010102,19.1685932585943,19.1685932585943
0.1161,19.022847729388243,19.169048359333217,19.169048359333217
0.1162,19.036096534042986,19.169960695869793,19.169960695869793
0.1163,19.052344666801325,19.173534267914523,19.173534267914523
0.1164,19.07090190518025,19.177719517534214,19.177719517534214
0.1165,19.09097845135685,19.18231211721763,19.18231211721763
0.1166,19.111754145438972,19.18624229880816,19.18624229880816
0.1167,19.132410013607192,19.19004292547158,19.19004292547158
0.1168,19.15217374387882,19.19418477049814,19.19418477049814
0.1169,19.170371008845077,19.199346338501833,19.199346338501833
0.117,19.186462371118704,19.203937269920598,19.203937269920598
0.1171,19.200015245462936,19.209504546727658,19.209504546727658
0.1172,19.21075299219983,19.214965392064478,19.214965392064478
0.1173,19.21853718269491,19.216244571197645,19.216244571197645
0.1174,19.223380194463033,19.21909639153574,19.21909639153574
0.1175,19.225464788063796,19.222988246959144,19.222988246959144
0.1176,19.225051903158718,19.226472682282463,19.226472682282463
0.1177,19.222548280313028,19.230289995063988,19.230289995063988
0.1178,19.218419998636307,19.233232246094502,19.233232246094502
0.1179,19.213180503287223,19.237279433313777,19.237279433313777
0.118,19.207344671164815,19.240698868611908,19.240698868611908
0.1181,19.201402832514226,19.24412807661479,19.24412807661479
0.1182,19.195795481374912,19.246771019275894,19.246771019275894
0.1183,19.190893177449315,19.252233979956404,19.252233979956404
0.1184,19.186989326437033,19.255320841880163,19.255320841880163
0.1185,19.18429433792236,19.258643812942513,19.258643812942513
0.1186,19.182918573755284,19.261809762308598,19.261809762308598
0.1187,19.18288000367145,19.2648081481145,19.2648081481145
0.1188,19.184128496285172,19.267077593980776,19.267077593980776
0.1189,19.186547157214694,19.271401551032337,19.271401551032337
0.119,19.189984251340846,19.27343867475533,19.27343867475533
0.1191,19.194279227152304,19.276323022164977,19.276323022164977
0.1192,19.199224092683288,19.278742188025703,19.278742188025703
0.1193,19.204645640733588,19.281157948681177,19.281157948681177
0.1194,19.210332927897475,19.283780905097725,19.283780905097725
0.1195,19.216088772367474,19.28682826164996,19.28682826164996
0.1196,19.221726028542072,19.290298074053716,19.290298074053716
0.1197,19.22708482014707,19.29450263917688,19.29450263917688
0.1198,19.232064386681643,19.30256716752487,19.30256716752487
0.1199,19.236557336589375,19.316986003043915,19.316986003043915
0.12,19.240530481748632,19.340740957738753,19.340740957738753
0.1201,19.243959048103008,19.37254793450327,19.243959048103008
0.1202,19.246862398297125,19.411538219228667,19.246862398297125
0.1203,19.249283040805945,19.456700992264437,19.249283040805945
0.1204,19.251282479008378,19.50613354297407,19.251282479008378
0.1205,19.25294380269769,19.55307736998898,19.25294380269769
0.1206,19.254360500304358,19.595602594350368,19.254360500304358
0.1207,19.25561831892865,19.629382103340276,19.25561831892865
0.1208,19.256773296522198,19.65015465464448,19.256773296522198
0.1209,19.25787831370041,19.655337200374028,19.25787831370041
0.121,19.258961359028746,19.642475854632536,19.258961359028746
0.1211,19.260031586044214,19.610162568493635,19.260031586044214
0.1212,19.261090239887533,19.55722078581205,19.261090239887533
0.1213,19.26213377065431,19.48657442322269,19.26213377065431
0.1214,19.26318013599673,19.399112605076073,19.26318013599673
0.1215,19.26420444201182,19.29980254276172,19.26420444201182
0.1216,19.265203748085977,19.193515990210894,19.265203748085977
0.1217,19.266193770285724,19.082395458557343,19.266193770285724
0.1218,19.267157905417683,18.974282011548862,19.267157905417683
0.1219,19.26808791524289,18.87669269280515,19.26808791524289
0.122,19.269004822202653,18.79220658212054,19.269004822202653
0.1221,19.269903374179787,18.72890935552005,19.269903374179787
0.1222,19.270779593503967,18.68902711025675,19.270779593503967
0.1223,19.27163432033813,18.677813934686178,19.27163432033813
0.1224,19.272465253779153,18.69620919728543,19.272465253779153
0.1225,19.27327339220455,18.743556954296004,19.27327339220455
0.1226,19.27406075066561,18.820709811318505,19.27406075066561
0.1227,19.274822630325247,18.922609464238977,19.274822630325247
0.1228,19.27556224571401,19.04407949074894,19.27556224571401
0.1229,19.27628984763542,19.180648497253955,19.27628984763542
0.123,19.276995785277357,19.323820791247545,19.276995785277357
0.1231,19.2776783033525,19.467559894985015,19.2776783033525
0.1232,19.278314940900273,19.607509537260913,19.278314940900273
0.1233,19.278920386272166,19.73357182045931,19.278920386272166
0.1234,19.2794896428062,19.843220032807576,19.2794896428062
0.1235,19.280034217299423,19.92830981145435,19.280034217299423
0.1236,19.280545010446247,19.985583470237255,19.280545010446247
0.1237,19.281024035084716,20.01162038109416,19.281024035084716
0.1238,19.28147792909428,20.004746549003123,19.28147792909428
0.1239,19.281912101418758,19.964268807011265,19.281912101418758
0.124,19.28232770076371,19.89156279776921,19.28232770076371
0.1241,19.282711625446808,19.789121235102396,19.282711625446808
0.1242,19.283075949730957,19.662184338197534,19.283075949730957
0.1243,19.283430735522643,19.514208775225665,19.283430735522643
0.1244,19.283781420569174,19.35117914654718,19.283781420569174
0.1245,19.28412503771115,19.184228835444266,19.28412503771115
0.1246,19.284448745950506,19.0198218862756,19.284448745950506
0.1247,19.284747453819744,18.866924685840385,19.284747453819744
0.1248,19.285017449355003,18.733178840439557,19.285017449355003
0.1249,19.28527771581302,18.625732812134856,19.28527771581302
0.125,19.2855292106144,18.54997834760916,19.2855292106144
0.1251,19.28576044235023,18.511124049905597,19.28576044235023
0.1252,19.285970042328746,18.510484231118436,19.285970042328746
0.1253,19.28615731103749,18.548350209230804,19.28615731103749
0.1254,19.286318047571665,18.62217902329021,19.286318047571665
0.1255,19.286429338775775,18.72728087257128,19.286429338775775
0.1256,19.286480176162094,18.85848962211704,19.286480176162094
0.1257,19.286624948938144,19.009137985188648,19.286624948938144
0.1258,19.286768712485816,19.167718800616502,19.286768712485816
0.1259,19.287060874606397,19.327324797383326,19.287060874606397
0.126,19.28760314106528,19.482824348305712,19.28760314106528
0.1261,19.288138038173617,19.626398148913573,19.288138038173617
0.1262,19.288678676717762,19.749168576207126,19.288678676717762
0.1263,19.28921857947654,19.848266965190934,19.28921857947654
0.1264,19.289736610064796,19.918546744990667,19.289736610064796
0.1265,19.29022803976207,19.95930127516035,19.29022803976207
0.1266,19.290695000244764,19.969767695010308,19.290695000244764
0.1267,19.29114150099497,19.950788824605706,19.29114150099497
0.1268,19.291568233495955,19.90391783351771,19.291568233495955
0.1269,19.29197176841439,19.83631878785968,19.29197176841439
0.127,19.29233842731846,19.74829938646149,19.29233842731846
0.1271,19.292670148944254,19.649701782269226,19.292670148944254
0.1272,19.29296083629406,19.539374205976955,19.29296083629406
0.1273,19.29322612184262,19.428235241186968,19.29322612184262
0.1274,19.293496913871156,19.319778324403078,19.293496913871156
0.1275,19.293752702860466,19.218284688941875,19.293752702860466
0.1276,19.293982965523114,19.13168835838008,19.293982965523114
0.1277,19.294192432602554,19.061088359628954,19.294192432602554
0.1278,19.294382794564278,19.00910270410711,19.294382794564278
0.1279,19.294555441091052,18.977684563790906,19.294555441091052
0.128,19.29471091976939,18.966025765825208,19.29471091976939
0.1281,19.294846909153907,18.972043133628745,19.294846909153907
0.1282,19.29496860214461,18.993685918610883,19.29496860214461
0.1283,19.295069399494025,19.028434684942532,19.295069399494025
0.1284,19.29514072094724,19.07309261418225,19.29514072094724
0.1285,19.295178364025343,19.1222969980642,19.295178364025343
0.1286,19.29520635038123,19.174119351262167,19.29520635038123
0.1287,19.295200093579997,19.225242165707805,19.295200093579997
0.1288,19.29520400123874,19.273287304192586,19.29520400123874
0.1289,19.295189234330177,19.314588847852004,19.295189234330177
0.129,19.295138915277292,19.352457161531586,19.295138915277292
0.1291,19.295071422911136,19.380708761788387,19.295071422911136
0.1292,19.29499034013557,19.40238064694397,19.29499034013557
0.1293,19.29489922351357,19.416395560088176,19.29489922351357
0.1294,19.294800123569917,19.423206966986868,19.294800123569917
0.1295,19.294684662923924,19.422554553910206,19.294684662923924
0.1296,19.294550090834846,19.415267845682944,19.294550090834846
0.1297,19.294391977797112,19.403320381021068,19.294391977797112
0.1298,19.294203455460806,19.38771567795382,19.294203455460806
0.1299,19.293938260701278,19.36954423871712,19.293938260701278
0.13,19.293520493829128,19.349944459065444,19.349944459065444
